timestamp,icao24,latitude,longitude,velocity
1547424000,4ca1fe,51.67130809719279,2.311248779296875,127.86805475967044
1547424000,a3e94e,41.02541648735434,-73.84441722523081,183.1052110730172
1547424010,ad4eb5,25.04305564751059,-79.93533152454302,212.2516394455052
1547424010,ac0b7f,35.547381902145126,-115.0258620241855,209.46969552263369
1547424010,aa568e,39.702667236328125,-110.6815835703974,244.06396663178995
1547424010,a1bfb2,42.17596435546875,-101.35443253950638,247.71747315691675
1547424010,ab415e,35.306396484375,-110.33735275268556,196.2912299891464
1547424010,7c6d76,-32.04267883300781,116.1966796875,144.88061973453722
1547424010,c00734,30.203371209613348,-80.82147216796875,206.3407885453389
1547424010,aba841,41.97228900456832,-82.5007451966751,168.6937103324715
1547424010,ab0a95,42.78429968882415,-85.0702684979106,233.5666409165957
1547424010,70c0a4,27.1636962890625,50.20083445423055,220.0630046034092
1547424010,abc80c,30.434371948242188,-97.95512479894302,208.7616033909053
1547424010,3c7064,40.766306731660485,-74.77731878107244,225.8356425944692
1547424010,a50c3e,40.6776712708554,-76.30922490900213,223.21416301762733
1547424010,a03765,38.23594665527344,-120.85895944148936,212.9301054643589
1547424010,acad4d,31.906298621226163,-91.19493134167732,201.52026358572712
1547424010,8a05ab,-33.401275634765625,148.4619873046875,244.18755211412085
1547424010,758560,15.729163218352754,121.26355852399554,238.09477622616896
1547424010,a99b83,40.92323432534428,-78.04643804376775,224.63066336477507
1547424010,e0664b,-33.02558898925781,-61.57716064453126,250.56591659143132
1547424010,4891b2,58.482086698887706,19.8482666015625,250.9780314303612
1547424010,a7e276,40.615814208984375,-74.01019287109375,87.3585898109951
1547424010,a624ac,37.35960388183594,-87.9213049056682,194.56663826114325
1547424010,a78e09,33.39420124635858,-107.31293970224807,203.86592047752012
1547424010,ab8b56,43.00323486328125,-84.59459577287947,196.06459060029752
1547424010,71c073,35.91533078985699,126.78696003366024,237.53724030516813
1547424010,a7bf86,43.54473049357786,-89.73122732979914,228.33433368591767
1547424010,a449e5,37.92852886652542,-105.28711733610734,269.63933369640625
1547424010,add6ca,33.79408496921345,-110.96580505371094,92.0064073613577
1547424010,c06ce7,49.0777587890625,-122.98729529747598,33.96888963497276
1547424010,a2b919,42.51763916015625,-77.27839383212006,219.5488844193884
1547424010,7c6c9f,-26.53514797404665,153.26566842886118,108.03936415975096
1547424010,a125f9,33.73841857910156,-117.82920993104273,77.31906776179538
1547424010,7c77fc,-32.92002015194652,147.84867890027104,227.3126568520587
1547424010,a635e8,49.21430969238281,0.4138887845552884,289.7639794978477
1547424010,abaaa8,33.202452578787074,-93.169499611368,271.2954467473925
1547424010,750473,3.2934722900390625,102.88975602489408,224.6477461492633
1547424010,a18b71,35.2972412109375,-81.0208511352539,129.77047467425692
1547424010,ab349f,32.12159729003906,-101.28839721679684,288.8317879947599
1547424010,750405,2.1994535801774364,101.85585811220366,214.8997063381707
1547424010,ab9b13,42.5233743958554,-93.83742221566132,224.5481764691485
1547424010,a44ff9,33.68238830566406,-117.86272944236288,34.05059717897494
1547424010,ae4a81,32.864044189453125,-110.57898559570312,207.6882489688113
1547424010,abf351,37.79324806342691,-85.52814649498981,221.29046506101767
1547424010,a9df36,36.16630554199219,-115.1499366760254,64.08906930351478
1547424010,e48a70,-20.4353617005429,-44.69592840021306,234.6225625558804
1547424010,ad0851,40.02179679224047,-91.60075794566762,251.74820566805505
1547424010,a149c1,33.460631289724574,-100.805109763632,182.2911099503904
1547424010,4d0106,51.07008594577595,-11.348800659179688,228.3372313113604
1547424010,ac57ca,47.46861861923993,-122.65981820913464,62.89064749577253
1547424010,a6fb32,37.26429748535156,-84.53178892744347,278.17343325689706
1547424010,3c4acf,35.303122310315146,-5.58730754446475,259.9179627003268
1547424010,44ccc7,14.311647576800846,-16.5875244140625,215.61832646528907
1547424010,e485a4,-23.657195527674787,-46.764134820902086,124.44441830199608
1547424010,896513,24.38836669921875,55.9100341796875,210.74944243045863
1547424010,a753d5,34.665252685546875,-82.64005699936223,115.82418474094192
1547424010,a75884,34.23921203613281,-118.50257095025508,47.84605774801515
1547424010,a854d0,29.89254191770392,-81.39178107766543,228.92989209618943
1547424010,a8553c,27.13581149860964,-81.77631084735577,202.63674239470444
1547424010,a91e6e,34.14884948730469,-79.23356659558357,197.2414792471937
1547424010,a44197,43.29562946901483,-77.90993826729914,222.6734470620981
1547424010,aa944a,32.662865590241,-96.7357401945153,84.04824791093573
1547424010,896311,25.114234019134003,55.89610549638856,139.18919161799792
1547424010,a2e098,42.00260925292969,-88.21721857244319,89.00029881995049
1547424010,e48e6e,-19.823959350585938,-41.68963296072821,116.78898578381084
1547424010,4072ea,53.5055128194518,-102.04263126148896,233.9702397178665
1547424010,c04bf1,43.06100619041313,-74.11703927176342,245.3531162954808
1547424010,e47ecd,-15.624420683262713,-46.48089817592074,232.2758811750909
1547424010,e80449,-38.495452880859375,-72.1175417692765,231.20065760071245
1547424010,3c6706,44.531498278601696,-80.12355897484753,234.4312897610106
1547424010,a33a93,36.19285583496094,-114.39983367919922,204.76486852335617
1547424010,ab7270,37.74037170410156,-92.88694990442156,267.899398813949
1547424010,738046,50.60279846191406,5.307263826069079,101.48247341387726
1547424010,a0eef3,47.35014317399365,-122.06486628605772,59.19683659106943
1547424010,a36898,30.99041748046875,-82.16906379250918,213.7637082075013
1547424010,aba14d,44.00079345703125,-74.02006637218386,205.21093135630065
1547424010,406f73,37.33927917480469,-122.01375109084108,125.68973462862928
1547424010,abb624,26.858963012695312,-82.84629389924822,268.7963746356592
1547424010,a5d28e,38.02363586425781,-78.01169537483378,206.2464959242442
1547424010,aa3b30,47.8487548828125,-122.12464141845705,47.37356113987294
1547424010,a97310,42.99787902832031,-88.70278291924052,225.45563324604845
1547424010,a88072,39.57133483886719,-106.4432492463485,245.48090424513452
1547424010,71bf23,35.34320378707627,128.31815029712433,180.9680623547545
1547424010,800d32,14.837081909179688,76.87644556949013,226.3699744145809
1547424010,a746a3,39.95045471191406,-77.2933349609375,212.1531129441688
1547424010,342250,40.95941162109375,-12.18731689453125,263.55805103253374
1547424010,adc928,28.343582153320312,-82.95570373535156,99.9346367035779
1547424010,a765ec,40.07938191042108,-76.99618252840912,134.70379934813434
1547424010,a3ea54,34.518035888671875,136.59755784638074,198.19117845243548
1547424010,7c4400,-31.99865826105668,115.94864203005422,94.4519744396348
1547424010,7c5e1e,-34.44679389565681,150.17166137695312,44.528389792209104
1547424010,a3970f,33.66087341308594,-81.13134267378825,215.55449156596532
1547424010,abca08,42.1595221050715,-80.0846472451853,256.6786877796081
1547424010,ad935b,29.3463134765625,-81.38909559983472,215.040053440458
1547424010,c0220b,49.08817097292108,-122.6467413651316,32.22982422165532
1547424010,abe1c2,26.0075249106197,-79.61580716646631,207.2768868300039
1547424010,ae0134,13.885757446289062,120.90250475653286,180.8063919262681
1547424010,ad7683,33.3620802022643,-111.75702153419962,51.40580222040076
1547424010,0c2082,33.924012264962926,-118.03716659545898,103.01733071844562
1547424010,a82167,35.563568115234375,-83.70294570922852,229.1500123213476
1547424010,a5e48a,29.5814798646054,-82.26465561810664,226.6340404811852
1547424010,c04662,42.15591430664063,-74.39966375177556,225.695559299897
1547424010,a1a257,30.29098252118644,-93.48684082031248,163.2952549868698
1547424010,400a90,43.13497769630561,1.837005615234375,263.8711608051333
1547424010,c07faf,37.98426818847656,-93.7518310546875,212.64715579289108
1547424010,a4df56,43.98539397676112,-85.60965401785717,233.12942450921568
1547424010,748017,34.70236568127648,31.212501525878903,218.84921807634893
1547424010,a6387f,39.29115941969015,-120.71710205078124,133.1654963391707
1547424010,a3e94e,41.03146827827066,-73.8660153475675,182.6225479464692
1547424010,a411df,43.88074454614672,-123.11397007533483,219.22619253458333
1547424010,e491a8,-23.928955078125,-47.7734375,214.05136397409385
1547424010,e80324,-34.8369140625,-63.92445466956315,264.2910675900048
1547424010,a19e61,40.25511660818326,-121.37988697398794,219.6459007655022
1547424010,ac058a,39.25904846191406,-100.219494363536,207.35220477288468
1547424010,7c6de2,-35.30804443359375,149.52775955200195,200.27999334680896
1547424010,acd299,42.955192953853285,-73.19634573800226,209.1206950329445
1547424010,a37eff,41.41273110599841,-74.37463095021798,196.27370175928925
1547424010,ac10af,39.68024302337129,-73.6971435546875,186.23299129926684
1547424010,7c7611,-34.29089045120497,150.66072463989258,53.10995877734691
1547424010,a4fd62,45.58364868164063,-122.56776391006096,70.07399575441195
1547424010,ac96be,32.06236267089844,-90.10464477539062,283.91530036657565
1547424010,a27a94,40.50984191894531,-106.935791015625,217.35852581125545
1547424010,ac7a52,30.116912841796875,-97.6556396484375,71.01004536632973
1547424010,86789e,35.2386474609375,136.5340805053711,206.93250118537188
1547424010,acd619,35.07051086425781,-115.64691037547831,188.8542071692157
1547424010,a023a5,37.8539056293035,-101.42763220745582,281.3989870284484
1547424010,a6b911,31.3084716796875,-99.9346564797794,275.8744023389952
1547424010,aab04c,28.81834903005826,-96.04571174172791,201.78078136786945
1547424010,a8402d,33.21418762207031,-117.37468872070312,39.625547928879016
1547424010,a23a02,37.88016109143273,-102.99187038255776,271.0304651662732
1547424010,a61d00,32.36997985839844,-93.03217163085937,263.3722171970448
1547424010,a060ae,38.53450012207031,-76.90495366635531,217.51979608661648
1547424010,c080a5,50.86138916015625,-115.87740511507602,207.7774293031127
1547424010,39bd26,40.65108994306144,5.412452004172585,278.6943096861908
1547424010,a3e8dc,43.31291198730469,-86.57271274300507,234.2166979955512
1547424010,851936,35.17375364141949,139.77596282958984,108.59156134991684
1547424010,aa66ee,41.88491045418432,-101.74055232558136,239.13623753774093
1547424010,a14bde,27.780029296875,-84.49242933741152,269.8130043325489
1547424010,a397d3,38.06124929654396,-78.89747951341712,223.37179806549008
1547424010,c019eb,36.910675048828125,-76.01592368267953,207.05524227033723
1547424010,c030a6,43.21408081054688,-80.66634776980374,235.20388681643072
1547424010,aa6c32,38.91916048728813,-103.63665771484376,220.2979917590541
1547424010,c05f88,43.054595947265625,-82.25859885992003,188.717525160838
1547424010,a46d47,30.09242248535156,-95.17725327435664,121.41859291731592
1547424010,a7d9db,41.379913330078125,-97.31219482421876,225.4256979101779
1547424010,a6cb48,26.07085923017081,-80.14742924616887,55.045508
1547424010,a6fb71,44.61149597167969,-95.08758544921876,182.0528568976293
1547424010,a1f71d,39.166351318359375,-121.96812505307405,37.681047693962014
1547424010,a23200,31.832373667571503,-97.2048451949139,209.55559190798832
1547424010,7cf8f1,-31.24346923828125,151.15997314453125,122.43442966295132
1547424010,abfb46,38.072002863479874,-73.07478531547213,212.94066992417933
1547424010,840944,33.652938584149894,130.40491104125977,65.91511368818014
1547424010,a98bca,36.5291748046875,-118.48628997802734,246.95133921954144
1547424010,aa7b54,29.503143310546875,-95.77458308293268,148.60309561963027
1547424010,a662a5,32.84449768066406,-108.96915893554686,205.6290006405458
1547424010,7812df,37.87550354003906,112.5912800241024,163.20284893807863
1547424010,a6417a,37.88421113612288,-108.69873046875,244.8461616140735
1547424010,abbd0a,36.07416702529131,-106.2221316073803,273.318921726231
1547424010,06a140,42.0322265625,-71.160195090554,280.2827640476911
1547424010,a359bc,33.8770751953125,-84.71692143654337,202.9519070819747
1547424010,abc1bc,39.44746398925781,-105.91094970703124,227.3894854917169
1547424010,ac74e4,34.7548828125,-79.79067432637117,259.1271330958966
1547424010,7380c5,53.17741264731197,-2.766858269186571,294.40088905034924
1547424010,4b187d,40.54216003417969,-73.02532958984375,205.90617083416225
1547424010,a71ded,33.87318420410156,-79.08104721380738,219.47473744468684
1547424010,8a064e,-2.919896012645665,103.87492738921068,245.2867697258048
1547424010,a445f8,35.47541214247881,-116.06897881690492,262.820472675028
1547424010,abedc8,33.090028924457094,-111.75578837492029,164.38156249231463
1547424010,780ada,54.3807414426642,53.5444502397017,232.1482345113537
1547424010,ad2095,29.549331665039062,-92.42665804349456,213.8880972029021
1547424010,a1fc42,31.617965698242188,-84.38571705537683,238.21868105269743
1547424010,a4105b,39.47369074417373,-75.3009033203125,211.48591991899605
1547424010,4d010c,45.47194658699682,23.24921398628049,262.8662858686456
1547424010,a2f721,41.89696748377913,-85.9952917764353,207.5869191247328
1547424010,42432b,55.71129750397245,37.352657318115234,155.89011408813968
1547424010,aa5d2e,26.150070190429688,-80.25994642725527,99.802136
1547424010,780f86,38.09215998245498,113.75160548997962,289.06305771226386
1547424010,862d72,34.68337236824682,134.27410125732422,185.78338619655648
1547424010,4cc50c,44.99278440313824,-80.99489537681018,219.16280470725616
1547424010,aa9fe3,40.88777160644531,-74.6378173828125,114.20772665178028
1547424010,e80416,-32.27969412076271,-62.025221221301024,203.0392573876164
1547424010,a6a2e8,39.005607992915785,-121.8492431640625,74.36518902299554
1547424010,ace690,38.75697326660156,-121.29061491593068,127.97666956942332
1547424010,a5047c,42.40058898925781,-123.33670182661578,215.57413508673577
1547424010,899147,24.719098624536542,121.22086434994104,92.09122379827038
1547424010,a67181,26.07074284957627,-80.6213202843299,108.47451564314864
1547424010,3c6481,34.23144324351165,31.49019241333008,245.91284179069623
1547424010,ab34ea,44.513017040188025,-90.9874297351372,232.8119149706713
1547424010,c00b7b,42.74738376423464,-70.04799776299052,195.98155886174223
1547424010,ab384e,40.65458679199219,-79.14300537109375,205.1264411374202
1547424010,a810af,41.96181475105932,-88.69518191315404,139.44848952579542
1547424010,800b9b,12.169784545898438,78.13860136887122,249.94144074621667
1547424010,780aaa,58.65782139664989,64.345458984375,231.1777627061834
1547424010,7c530b,-35.282135009765625,149.19422149658203,79.25109585775803
1547424010,800544,13.056655883789062,79.80298272494612,137.15215973909952
1547424010,ab9091,34.52838134765625,-119.13602245097258,184.08327447063647
1547424010,abb5e2,40.893310546875,-96.05657958984376,218.7990266989573
1547424010,adce13,42.49507063526218,-71.57203142033063,120.43374668172738
1547424010,ab48bf,44.31156921386719,-87.90625435965404,194.50201727610607
1547424010,7c6d92,-32.35403804455774,149.76736263352998,225.2777237450443
1547424010,aad3a0,37.56463623046875,-121.50890593833113,179.26435826864173
1547424010,471f8d,45.87671829482256,17.33587646484375,255.5730661355192
1547424010,780d9d,59.1826171875,29.51239013671875,260.61653832157566
1547424010,4cace5,51.18344064486229,0.07080078125,84.03722632556456
1547424010,a83108,27.582504272460938,-78.92407111401826,236.98676837924512
1547424010,adcd6d,44.43132019042969,-95.47949654715404,233.34955280030613
1547424010,ab1d30,42.39788818359375,-82.93079723011363,169.09250750392826
1547424010,c05da4,47.13428044723252,-121.53900146484378,203.9489864369912
1547424010,750485,5.080152608580509,102.46162151468212,200.6001801099112
1547424010,a3f7f3,39.46929931640625,-79.81615149456519,223.2580275515664
1547424010,846748,37.21655894134004,138.2640142026155,270.23200273999254
1547424010,896376,7.050796508789063,79.69473111427436,110.10784232160832
1547424010,a923a9,41.137700484970864,-74.70103870738637,185.1004970835457
1547424010,7502cd,2.7451629638671875,101.67315984176376,87.76511135413251
1547424010,a1245f,27.030670166015625,-81.7822265625,203.1897507204661
1547424010,406d1a,56.38993835449219,27.63652454723012,263.47820876883736
1547424010,45ce4a,50.8910460391287,6.957931518554688,132.42312187284878
1547424010,a5686a,35.62440490722656,-84.61326599121094,158.52389645406697
1547424010,e48fb7,-19.2659912109375,-48.65967341831748,216.0597431283068
1547424010,a7cfb7,36.00750732421875,-78.84017944335938,127.64847461150976
1547424010,7c77f6,-31.035873413085938,150.26507209329043,235.56817118880147
1547424010,a130cb,42.900587178893005,-83.22987147739957,227.35223848452213
1547424010,a8102a,40.41471862792969,-79.97235107421875,223.9256015552518
1547424010,a50fa1,28.62080383300781,-81.65361257699817,170.30893750892287
1547424010,ab34a7,38.46066284179688,-84.68273660411006,216.3388411717968
1547424010,406d77,38.62513655323093,-79.44140625,281.6532743871433
1547424010,a6ea20,33.23268127441406,-117.03779296874998,55.3117021326605
1547424010,780a1d,61.16782495530985,-150.01322428385416,52.473288
1547424010,a645e1,45.39704403634799,-123.13148312452364,59.66219793034112
1547424010,a837a3,31.25070345603813,-93.6069763183594,191.887612
1547424010,a35e66,43.65752656581038,-92.965327671596,242.04303181188803
1547424010,e48501,-20.896774291992188,-44.44984980991904,239.0930722514441
1547424010,a4077d,44.592041015625,-92.3383222307478,204.8417561051812
1547424010,a17907,36.9854736328125,-118.38060744265292,278.27616487551126
1547424010,aab0ba,34.53135681152344,-117.38908417370854,235.2646400492497
1547424010,ac297b,40.38001626224841,-96.38986067338423,255.33685698509032
1547424010,424940,47.24386596679688,14.287239074707031,233.4425343061568
1547424010,8006e1,14.479751586914062,79.13286406418372,259.5266732247612
1547424010,a0563b,42.93461686473782,-66.1108180454799,259.2435378287018
1547424010,ad389c,34.91587829589844,-119.78645791812818,155.66925832301584
1547424010,4a0661,41.167327880859375,9.271240234375,214.4762630875864
1547424010,79a070,36.74867248535156,113.93342971801758,193.4371008115904
1547424010,7c5351,-31.840164184570312,115.84621582031252,152.0432257695175
1547424010,7503c2,2.750839233398437,101.8608119124073,145.67851481185104
1547424010,ad6b58,37.496337890625,-86.328416907269,229.53024687276925
1547424010,71c251,61.10358286712129,-146.70145670572916,236.5888748755806
1547424010,3c6464,35.88353561142743,-80.68487938414228,229.99329325721592
1547424010,44a839,36.63237490896451,-80.82863665641622,206.6048351339249
1547424010,88516d,42.609542588056144,32.538948946220934,269.5357649208992
1547424010,a57d52,47.48936462402344,-122.1243667602539,154.59106398369195
1547424010,e48b4f,-24.12225238347457,-47.870696445681006,121.478519091333
1547424010,aca29a,39.72693491790254,-74.11236572265625,205.2444598152052
1547424010,7c7bd5,-38.16252136230469,149.51101100191158,230.083030129223
1547424010,a0a8da,39.27053677833686,-91.904296875,275.04237403031965
1547424010,c058af,34.039741128177965,-81.05266571044922,220.4331009958075
1547424010,040101,34.69075012207031,24.07631387515944,261.42918393176063
1547424010,800b9c,25.182619256488348,51.61154117224351,132.0478643167899
1547424010,a81ee1,33.56039273536811,-83.99505615234375,233.6261207038315
1547424010,4006b1,42.30024719238281,-85.04241943359375,260.38185522816383
1547424010,7c46f5,-38.197265625,147.01997797539894,80.38671062814868
1547424010,a37a02,38.62020201602225,-77.9024658203125,207.48362650045016
1547424010,406f72,43.705102952860166,-72.19580514090404,239.1196364266908
1547424010,424348,53.34849212129237,83.44221227309284,97.09236143911797
1547424010,8005a3,28.519088745117188,77.29325514573317,76.88485627470274
1547424010,a116e1,38.08534240722656,-78.09742379695808,192.3401476977828
1547424010,7c6b2b,-35.3748779296875,138.82696151733398,212.65026717582973
1547424010,ab9628,32.82700878078654,-97.0104544503348,67.9241435995176
1547424010,0c20a6,-10.185150146484377,-62.320225602489415,222.4475129720387
1547424010,a18858,36.22927908170021,-115.20947395487032,38.89754594791955
1547424010,a7d979,32.86578679488877,-97.3818035514987,98.83887139833786
1547424010,aa02ac,33.51493835449219,-111.69497680664062,50.93255413574968
1547424010,896471,45.492569228350106,24.269133777153204,265.96804552758107
1547424010,40073e,47.828521728515625,19.25985717773437,273.8103724200232
1547424010,440088,51.312103271484375,1.829446328652872,146.61744253055548
1547424010,c080aa,35.98366947497352,-80.68698314910239,239.7662280241359
1547424010,7c79cb,-31.0872802734375,150.87685977711396,50.94034774791472
1547424010,acf50b,32.60948181152344,-98.59487915039062,188.68316385942828
1547424010,3c5426,51.40181719246557,12.039794921875,119.03571633733064
1547424010,e03094,-33.30095711400952,-60.507258201132,240.4391502253678
1547424010,738057,32.559100652145126,34.03351452885842,180.98195488055683
1547424010,34218a,39.244886495299255,-6.60260009765625,248.0292394913616
1547424010,42444a,53.46116638183594,7.529479980468751,237.0130103188586
1547424010,a5dee3,44.04605154263771,-91.7968532017299,231.8225315526984
1547424010,a84dce,34.35246276855469,-83.44054552973535,236.9532638076332
1547424010,aba281,33.573008391816735,-116.09567642211914,243.8535105097704
1547424010,3424d0,38.49261474609375,-11.543764860733688,252.63967201132007
1547424010,0101be,46.62094892081568,12.904266357421877,271.2149548643287
1547424010,ab3c61,39.16548156738281,-107.61902518894362,223.2384674052716
1547424010,c02eca,43.7331739522643,-80.90691702706476,211.437109843356
1547424010,7c7aa6,-28.521950931872368,154.53708424287683,204.79847000918343
1547424010,ab0351,40.20771789550781,-76.1043701171875,195.5482781274291
1547424010,861bec,35.243349236957094,137.4628075132979,200.3566206542165
1547424010,48436b,54.65959167480469,88.37434656479779,250.109213516277
1547424010,a88711,32.458175400556144,-110.37280024314413,97.76737189116272
1547424010,3949f2,40.24736022949219,-3.6029052734375,256.2654132034278
1547424010,ac219d,39.92655091366525,-85.29017361727631,202.7261867113606
1547424010,c0850c,43.94114685058594,-68.41192910837572,183.15723657937176
1547424010,471f51,43.80903625488281,28.49182838617369,237.85456171871647
1547424010,a6deb0,34.33973693847656,-119.26617680763712,40.42888370390575
1547424010,3949e2,55.3514952578787,15.601002086292612,255.9766028070468
1547424010,ad2445,42.03492736816406,-82.73285605690694,240.70262476851624
1547424010,4ba934,42.1168212890625,26.564379605379973,243.0234762800665
1547424010,ad4b03,35.04899597167969,-120.13779620735014,247.13506387018148
1547424010,a0ad1b,39.12994902012712,-76.25445556640625,253.735650702233
1547424010,a0a514,29.555877685546875,-95.62056321364184,126.5626342111146
1547424010,508404,43.78926939883474,29.908905029296875,237.01580184357547
1547424010,a9969b,40.24585271285752,-101.82840520685367,250.7195494419666
1547424010,7c6c35,-29.53441555217165,151.80719712201287,249.77196592286137
1547424010,4d20d0,40.335296630859375,-71.08941650390625,279.58599722959525
1547424010,4cc27c,36.5196533203125,-81.08997344970703,214.288620856914
1547424010,a94b08,40.88650460970604,-97.3788798939098,216.825177717783
1547424010,a27706,39.280609130859375,-97.48228653617524,222.2981516286904
1547424010,4bcdd4,43.37026977539063,22.30959160383357,244.38255984004965
1547424010,a70538,41.38847351074219,-97.98031893643468,249.71739174548887
1547424010,aa1f65,33.47190856933594,-112.89539794921872,202.97863765925
1547424010,ab5ade,39.00365279892743,-85.73388671875,228.8582062526054
1547424010,ad60b7,44.070072497351696,-81.21688842773438,236.5888748755806
1547424010,424335,55.0286865234375,29.12136302274816,240.9982088832369
1547424010,841bd1,32.927002987619176,131.50864581672514,199.69772512815004
1547424010,40058a,45.48152160644531,22.80977521623884,266.6597039327816
1547424010,a29337,33.98345947265625,-94.90348971619898,182.27659124079148
1547424010,7813f9,-26.353175276416835,157.66289344200723,233.1788012464532
1547424010,aaec9c,37.121173406051376,-80.69923732591712,227.44359917724083
1547424010,7c7aa5,-34.25653489969545,148.0059814453125,230.2623989576574
1547424010,a81356,33.35307312011719,-117.68620605468747,47.42939328787583
1547424010,e48014,-27.319839477539062,-47.97356371609669,241.4984469571188
1547424010,861e70,33.855560302734375,133.67474614357462,281.3670085881705
1547424010,ac6f8a,38.564849853515625,-108.06498651919156,256.9734034177999
1547424010,a50064,38.90282065181409,-85.83465576171875,212.6720455818572
1547424010,ad116c,42.37980729442532,-93.4707854514898,230.93207224622807
1547424010,8963e2,42.69161418332892,29.004353368005088,250.515212921106
1547424010,7c6b17,-39.20846557617188,174.80728812839675,226.95377931551167
1547424010,a9b276,39.81422036381091,-86.94482421875,197.091143755103
1547424010,e48eff,-18.97399385096662,-44.80354447798294,215.7582061177164
1547424010,a67857,27.076783261056672,-77.71717951847955,220.3178129653473
1547424010,aba5af,39.204986572265625,-85.702136495839,210.1961778223132
1547424010,a9b26f,34.97337341308594,-77.70495356345663,275.54083597290673
1547424010,a90938,36.42023636122881,-77.29039618309508,243.4385753722668
1547424010,7c7aae,-38.1076618776483,148.11385444972825,245.141607739858
1547424010,e484f8,-24.41995394431939,-47.267122088738176,235.2646400492497
1547424010,7c6c9a,-34.186427229541835,151.19075775146484,112.67263184564736
1547424010,896465,27.73324584960937,49.70608693248821,232.59753590940468
1547424010,4bb854,26.72307935811705,50.46480032113882,172.10823779252055
1547424010,abfcda,37.710845947265625,-120.63566816614028,207.2040960362916
1547424010,4249aa,55.72846984863281,32.79876708984375,206.23238039451587
1547424010,a0bf90,31.10141042935646,-99.78068847656247,271.5689406961197
1547424010,a2b8db,39.72079002251059,14.031005859375,226.5522830093496
1547424010,a7906b,38.66787150754767,-99.43499755859376,216.2287139265076
1547424010,4951d7,36.38941877979343,-12.48683848279586,226.6340404811852
1547424010,ab4508,39.77531433105469,-86.26178243885869,108.96501986214432
1547424010,aa4d12,42.27534484863281,-70.8563232421875,72.32284951689822
1547424010,4cc502,44.05952453613281,-79.56081656522525,197.9172444190232
1547424010,42417d,25.425796508789062,53.58657836914063,205.791103711924
1547424010,abfefd,39.7100830078125,-104.8792724609375,155.37997326853807
1547424010,a87de9,45.61692810058594,-123.22165140291536,47.873706440151054
1547424010,ad1c11,31.481735229492188,-95.7549510282629,218.124256
1547424010,a42b45,44.93994761321504,-93.5355879620808,194.4768432929654
1547424010,ac79c7,28.353195190429688,-99.07365065354566,222.28267419926064
1547424010,e482c5,-13.731765747070312,-45.92323040140087,235.1014708483416
1547424010,7c6796,-24.078958802304044,151.15083514519458,146.82667967423458
1547424010,aae316,33.29393005371094,-85.31268310546875,250.4835179151693
1547424010,4ba994,52.02525329589844,38.72550964355469,156.29702790647838
1547424010,e48dc1,-21.87730407714844,-46.74043412642044,211.4220890914952
1547424010,a939c8,37.91204937433792,-121.83163186778194,79.12576854268369
1547424010,aa9bbf,31.481369018554688,-113.50438735064338,240.42594139983672
1547424010,7c5e4f,-27.951919555664062,153.4195298414964,38.23533867180025
1547424010,70c0f9,26.566314697265625,51.37175937868514,212.9077319366633
1547424020,aab0ba,34.54464669954979,-117.3666000366211,235.2646400492497
1547424020,addadb,42.47383117675781,-97.072323885831,238.5922279159473
1547424020,a67538,37.89668713585805,-108.51978467858356,263.0514710354203
1547424020,ac1de6,46.19261169433594,-119.01442364948552,72.39782676322874
1547424020,aced24,38.99113024695445,-78.6959228515625,210.53773901305763
1547424020,a33d62,33.04710776118909,-96.38692427654657,197.2059191461477
1547424020,8963f6,42.02093609308792,30.945548124091573,270.44003526151624
1547424020,3965af,47.654734466035485,-69.75571852463946,243.6559070306592
1547424020,a50064,38.89458090572034,-85.85736083984375,213.1388118021977
1547424020,a2e806,33.01753234863281,-97.21263427734374,152.7838054083399
1547424020,a939c8,37.907958984375,-121.83861265791222,76.85903548018709
1547424020,a87de9,45.61473083496094,-123.22520186261434,45.944198436676814
1547424020,780d9f,34.039787680415785,-118.23406219482422,98.45791564228112
1547424020,e4908a,-31.585006713867188,-64.97842227711396,203.57492270486964
1547424020,aaf253,43.14350509643555,-89.34270459552141,53.01020294401869
1547424020,a972d3,33.51346807964777,-77.4954285913584,218.18794554606544
1547424020,a14700,37.73738537804555,-105.06954027258833,204.62458738104968
1547424020,abec4d,38.456570900092686,-108.4022216796875,216.58642273779768
1547424020,040101,34.672246383408364,24.088211059570312,260.9747589382761
1547424020,c81884,-34.780242919921875,139.25658556879785,155.9308532542926
1547424020,acaae3,41.518870208222985,-92.2223681072856,190.8614972628705
1547424020,ac9ff2,37.98783874511719,-84.11062687001328,211.461516289484
1547424020,ac4107,38.57481358414989,-122.8699951171875,208.52821123967763
1547424020,0d0776,35.76943607653602,-78.87897247963764,249.6771157722623
1547424020,a4dd02,47.23655571371822,-122.28550837590146,121.13927370164502
1547424020,06a0db,-34.711395263671875,-58.77635099449935,142.64577593157588
1547424020,ad4f72,39.92120361328125,-73.62081776494566,204.0709282650362
1547424020,ab6eb9,29.898605346679688,-95.8879852294922,189.4250989464913
1547424020,48403d,26.109786987304688,-97.37042696970816,228.8946300916552
1547424020,ab5ade,39.023529052734375,-85.73802118716031,228.26767814879392
1547424020,a958d2,28.407302856445312,-81.18722182053784,122.44739849601464
1547424020,7c6719,-33.84027099609375,150.75798190369898,50.7842482560323
1547424020,43c6fb,39.51884641485699,15.49310302734375,211.5466039174588
1547424020,a21432,41.41733977754237,-94.58244856013806,231.2241225149237
1547424020,acf207,33.5875792422537,-111.01627349853516,231.17089379566536
1547424020,780ae7,26.857818603515625,119.9972879661704,235.9077746024149
1547424020,ac769b,32.34305171643273,-104.91517358896684,261.3502102564318
1547424020,ad07a5,39.0943365581965,-91.99493408203124,209.9643803210141
1547424020,a825e3,40.05010055283368,-107.8510978005149,225.2160391483902
1547424020,a43ea2,43.06718444824219,-88.97194795830302,227.62446655480312
1547424020,ac3477,38.4879936606197,-85.387939453125,231.76772744086867
1547424020,a7cb78,35.06575012207031,-89.7363841776945,277.8550096021977
1547424020,a2cf7a,26.73117944749735,-79.95891864483174,96.74830327856944
1547424020,ac8d3c,39.4478759765625,-105.79338405443276,228.41371532809416
1547424020,c010e4,42.60484313964844,-95.71176702325994,230.9229039092288
1547424020,a37a02,38.60814498642743,-77.9217529296875,206.9229089719089
1547424020,e0648b,-34.978653212725135,-57.61619567871094,190.3505366485228
1547424020,a8a490,32.03224182128906,-91.05276489257812,201.4394806443792
1547424020,a03ce6,26.27687615863348,-84.79316711425781,245.20583497981764
1547424020,aae958,39.65412721795551,-96.37322998046876,274.7482570569505
1547424020,a5a683,35.39562160685911,-120.51750670088096,240.85320921847065
1547424020,a2075a,28.027705822960804,-81.92941104664521,166.69255783701595
1547424020,4074ff,48.35481262207031,10.451941856971152,189.7573259780944
1547424020,a2d580,40.69014727059057,-103.28946200284092,228.7488999367065
1547424020,ab874c,40.45211791992188,-73.7669677734375,135.0354255277866
1547424020,424940,47.25280244471663,14.315960223858172,234.12402394620017
1547424020,c058af,34.01334600933527,-81.06462478637695,220.61491735885875
1547424020,3965a3,39.51997375488281,-120.64809384553328,251.26205449244355
1547424020,a01037,30.971157267942267,-86.48025512695312,181.8579550087932
1547424020,89646b,27.04335875430349,49.72232525165265,264.95663995688903
1547424020,4951cb,49.789581298828125,2.1324318333675985,207.84110611407843
1547424020,8005a3,28.520965576171875,77.28549076960637,77.61117083986917
1547424020,8960ca,25.4091796875,55.062154134114586,118.94786339501732
1547424020,7c7ca4,-38.19245910644531,145.09994182180853,47.17762828962219
1547424020,a0bcb2,34.16542053222656,-92.3663766043527,283.31809405145447
1547424020,4b8670,25.357452392578125,54.876556396484375,190.67629345423467
1547424020,a79563,39.79843915519068,-86.54241943359375,264.2980770733537
1547424020,a4200d,33.445220947265625,-112.44473876953126,203.2991304446234
1547424020,add0b4,29.64697886321504,-92.28768741383271,248.0585808579612
1547424020,ad6b58,37.481627383474574,-86.33235765540081,228.5550274911773
1547424020,a34811,28.979507446289062,-81.95732116699219,246.2999708699819
1547424020,a62825,35.174560546875,-100.8808930066167,259.00607798542734
1547424020,4243df,29.560775756835938,77.82397930438702,277.21611035074267
1547424020,acbe37,33.659454345703125,-84.44181481186223,213.5035569782964
1547424020,a95222,32.46052551269531,-109.0226623535156,243.2020067466645
1547424020,a85c3e,45.290771484375,-88.91339983258928,236.8147279564007
1547424020,a17a5f,38.71130474543167,-122.109619140625,48.53254989499728
1547424020,a24b39,30.513967740333683,-98.41838378906247,236.3420908459688
1547424020,e48950,-23.69453430175781,-46.57501220703125,142.8728710611629
1547424020,a6d3f2,34.82493772345074,-116.52236938476562,257.30892634792906
1547424020,a2b698,31.37841796875,-83.90054141773896,213.1127346876037
1547424020,7c6c35,-29.551986694335938,151.7903313269982,249.77196592286137
1547424020,06a0ac,36.06697082519531,21.752185821533203,272.0985696605415
1547424020,c045f1,42.35069274902344,-84.03960488059306,236.57768842879167
1547424020,ac407d,41.36906510692532,-81.6142481023615,237.7532875732741
1547424020,4cc27c,36.5196533203125,-81.08997344970703,214.288620856914
1547424020,ab398a,41.85548943988347,-77.85218704578489,265.5886592803989
1547424020,ac2a33,36.56473450741525,-103.7361242416057,259.8451500573409
1547424020,a841bd,36.44388489804025,-119.626153174867,243.79218371565227
1547424020,a6f63b,42.17963267180879,-70.77060433321219,74.49319651970674
1547424020,aac7ab,32.6641845703125,-85.39167480468751,285.6910921446461
1547424020,c88004,-34.05427551269531,152.82189816844706,193.6039442054385
1547424020,e8020f,-33.601963883739415,-65.8894157409668,220.9619325438792
1547424020,ac1f82,32.85773325774629,-112.47090865154657,223.8493574766808
1547424020,a2d95c,40.910888671875,-74.04302978515625,97.8715344671186
1547424020,a7850f,40.28384399414063,-86.7271728515625,196.59099010538984
1547424020,a81abe,26.40708276780985,-80.64662053034857,206.7226499067708
1547424020,4249aa,55.726409912109375,32.76689009232954,206.23238039451587
1547424020,a9db95,33.08551025390625,-117.19154663085936,42.82263498762476
1547424020,c05819,48.39575298761917,-123.37805497018915,75.53047116002664
1547424020,851bba,34.526165461136124,133.67403030395508,180.7514935324465
1547424020,405f8e,29.648162841796875,-95.13911907489484,104.68018967013808
1547424020,a192a6,34.56103308726165,-118.23457717895508,209.79351787195813
1547424020,a1311e,36.2308153055482,-121.17323855136304,208.67981900793168
1547424020,440107,49.15745544433594,12.064819335937498,252.2402397925156
1547424020,e49406,-13.855682373046877,-60.21005038557382,251.23256055004504
1547424020,a262ad,43.06603383209745,-106.17906842912949,239.46912324232275
1547424020,a88e51,36.8724913516287,-118.75175807787024,228.56139606331888
1547424020,a65f8f,33.9521484375,-117.61794732541456,130.154332
1547424020,7c12c4,-33.04361634335277,151.6427736866231,79.92612315185048
1547424020,7c16a8,-34.52448958057471,138.38407516479492,48.46160780404282
1547424020,acf50b,32.60783386230469,-98.61525878906248,188.5849542140752
1547424020,a64c98,33.55899616823358,-99.3720817565918,105.67285854827809
1547424020,42454c,58.82750430349576,62.98013305664063,222.34695800285044
1547424020,a0b199,36.65290832519531,-94.0243148803711,258.3128802845766
1547424020,a6bcc8,28.615631103515625,-81.19535592886115,220.103288756057
1547424020,49528d,40.5673828125,-3.8040771484375,218.97313543355543
1547424020,e48df6,25.320832850569385,-78.76264464180423,268.9484498555006
1547424020,aa6b9f,37.741714736162606,-79.17309304942256,286.0031048832134
1547424020,a65bb7,42.25057828224311,-78.85385912518166,262.19338852549265
1547424020,aaa5d4,41.08854675292969,-86.80487060546875,209.61052187006783
1547424020,c07712,52.698486328125,-108.93028259277344,267.67703338494334
1547424020,71bc15,46.78383520094015,12.870620727539062,264.8387491224961
1547424020,71c047,35.994232177734375,126.96001052856444,210.7086259835021
1547424020,a1d4c3,30.627182006835938,-82.2989071116728,217.1173100001571
1547424020,ad20da,33.12210341631356,-119.8109529456314,244.4015106254362
1547424020,4ca614,47.39671325683594,-69.97041320800781,243.69772112881293
1547424020,7c3340,-38.28991388870497,143.43905241593072,54.01906967778635
1547424020,a8d4b0,35.100108001191735,-99.29752349853516,203.6762994666755
1547424020,ab3c61,39.156995870299255,-107.642333984375,223.2384674052716
1547424020,a4189f,29.939254760742188,-90.08805218864892,279.3625132438406
1547424020,abe872,35.620513916015625,-91.86395645141602,190.03605924668915
1547424020,8a063c,-2.4802101264565977,103.74365971006196,235.4810865435277
1547424020,0d0a0d,32.543086682335804,-116.98528056242029,81.78527097701189
1547424020,a68e7c,28.762765658103813,-81.26856186810664,225.75887130219272
1547424020,c02eca,43.73312740002648,-80.93268258231029,212.4659948126465
1547424020,abccd8,41.32818603515625,-73.22052001953125,79.33120143332054
1547424020,a23a28,41.81588745117188,-96.30309365012432,219.8072988499183
1547424020,a44611,38.45545364638506,-98.8902587890625,269.81055213577247
1547424020,a67a8b,45.50042724609375,-123.1585693359375,62.79589297180509
1547424020,a7a557,39.608642578125,-108.99655549422552,255.68332590123364
1547424020,a5ca4b,39.26097106933594,-81.413050112517,210.32141841549944
1547424020,4d0104,50.41703796386719,6.731583444695724,200.10482949763303
1547424020,a73dfe,35.729308047537074,-78.84729912940492,245.40650416439289
1547424020,a1e302,30.18832397460937,-96.19715073529414,181.84340171531525
1547424020,a9e999,36.36456298828125,-120.71256637573242,57.14034901582972
1547424020,a29680,40.12879943847656,-89.42962646484375,207.13127966218727
1547424020,7502ad,2.00372314453125,102.39192639367054,151.4048109469211
1547424020,8a0607,-1.7435302734375,103.56741695080773,223.78314
1547424020,7c7611,-34.28935422735702,150.655517578125,58.23905987399673
1547424020,a5a5e3,40.34109859143273,-78.83770335804331,84.99698506508643
1547424020,a1b7ab,33.25077380164195,-111.99804812061544,144.61733650386594
1547424020,e03503,-35.98567122119971,-60.56786070478722,205.85282368568303
1547424020,a6af13,34.22809148238877,-119.09568786621094,63.28497639025464
1547424020,a4726a,33.46421581203654,-111.71649543606505,40.27804137000309
1547424020,a93e0a,34.106964111328125,-118.03413858219068,138.2256557511824
1547424020,a920d9,40.12321472167969,-86.3917236328125,77.20945843151861
1547424020,a27a94,40.50701076701536,-106.9024658203125,217.92639651601456
1547424020,a149c1,33.463897705078125,-100.82081909179686,182.2911099503904
1547424020,a2e098,42.00254795914989,-88.19396262945128,89.00475913077844
1547424020,75816e,14.204856743246822,121.15134791324012,133.83555055572347
1547424020,a4afa0,32.57762145996094,-116.9490783691406,43.43625896771664
1547424020,aaf9ea,41.25018310546875,-78.45281982421875,257.55617152951004
1547424020,c03cf4,33.43537902832031,-111.8821838378906,114.88699044234612
1547424020,a81df5,34.940992452330505,-120.0351333618164,216.7659714699749
1547424020,c07939,47.434112548828125,-93.08193969726562,218.303752221023
1547424020,a0fbb7,35.75644800218485,-106.73083366231714,244.302408839666
1547424020,ace466,35.23064047603284,-120.63011656416222,45.25353073799179
1547424020,4d0106,51.0743408203125,-11.380648226351354,228.3372313113604
1547424020,a6c7ed,41.38047040519068,-92.4012617631392,216.0891388452192
1547424020,7c595e,-39.38589477539063,145.6560217815897,123.05539192280244
1547424020,ab0a95,42.784515380859375,-85.09847467595881,233.5666409165957
1547424020,75847f,15.50994873046875,121.0193579537528,213.22633307628973
1547424020,7c530c,-34.075836181640625,150.5807993363361,151.85250599387447
1547424020,e48a70,-20.423355102539062,-44.67958177839006,236.7884640422643
1547424020,abef98,28.67500305175781,-82.38240755521332,216.2066817461073
1547424020,a65917,42.28842525158898,-89.67028240824851,188.4438637299408
1547424020,7c4812,-33.97064208984375,150.79413589166137,61.7868446781902
1547424020,a8a319,33.97325134277344,-105.91565813337051,265.36784813472144
1547424020,78129f,43.79783501059322,-1.439666748046875,236.5469229723945
1547424020,a0c3b6,33.79994201660156,-115.46328174824616,199.71097734962112
1547424020,7810bc,62.50827026367188,-154.3342081705729,241.1200729275696
1547424020,a0fac3,39.01049597788665,-103.11517333984376,198.5114013812567
1547424020,a3f473,37.035003662109375,-76.84749522107711,178.84680989608424
1547424020,a6c4d7,30.94713631322828,-81.8310607910156,222.43502044919427
1547424020,3c4b2c,52.2275390625,37.909088134765625,267.1247683530082
1547424020,acb953,43.06004333496094,-81.33191485737643,225.49612766916212
1547424020,aab04c,28.800750732421875,-96.05452317457934,201.78078136786945
1547424020,abdcb5,34.82968605170816,-85.18821716308594,195.19404640911628
1547424020,344099,39.28310588254767,15.60504150390625,241.84340189274545
1547424020,a6d3b3,40.58452024298199,-76.84106306596237,219.85545441955307
1547424020,7c1472,-34.10224914550781,151.77780462771045,184.49040620192645
1547424020,a3d890,27.75448608398437,-81.67635359854069,218.8135410515316
1547424020,c06358,42.2838134765625,-82.81743829900569,109.74189054988445
1547424020,841794,35.077716374801376,135.17572402954102,162.87820250067506
1547424020,485342,34.54170227050781,134.31615712691328,215.9439585951948
1547424020,a98051,30.449478149414062,-82.28662827435664,246.54322803831488
1547424020,a37d8d,36.93415832519531,-113.03160971783576,187.257616
1547424020,4ca644,51.97738906084481,0.1994803292410714,113.49758618827832
1547424020,7584fb,22.863006591796875,121.54674183238636,229.5250582307129
1547424020,7c52fa,-25.32330322265625,152.11339314778647,179.88776019984516
1547424020,a4b5d2,40.41493044061176,-102.74351640181106,227.3336126924276
1547424020,abd77e,42.41624450683594,-83.5871679132635,248.80907357192245
1547424020,7c144a,-38.03887939453125,145.02636848612036,59.38431007629204
1547424020,ac058a,39.25959700244968,-100.2415771484375,207.6882489688113
1547424020,a6fbb5,48.017283294160485,-122.0197237454928,39.06049675783758
1547424020,a41b89,35.53729248046875,-98.99356842041016,280.3988808269055
1547424020,4248e6,40.43380737304688,33.2188720703125,235.977318918316
1547424020,acba1b,34.64964294433594,-110.2851338289222,205.3972028970712
1547424020,a87cbb,27.78305053710937,-81.05474508033609,177.3302720742838
1547424020,e80450,37.78728937698623,-8.176753831946314,249.5074614095381
1547424020,c03abc,35.169377731064614,-97.20388412475586,240.8262867961235
1547424020,0101cc,40.87916564941406,23.24432373046875,247.83282969602948
1547424020,7c6d8d,-35.63328552246094,148.8650894165039,182.2504546488532
1547424020,c07faf,38.00017276052701,-93.76251884128736,212.64715579289108
1547424020,34210b,40.46891784667969,-9.13818359375,260.9666460696178
1547424020,06a098,26.84132204217426,50.50193199744592,215.06035924929657
1547424020,424591,56.25064086914063,56.20355779474431,246.94383735075692
1547424020,a75710,40.99113464355469,-76.53985595703125,186.66946299593687
1547424020,780ab8,56.08906891386388,74.35469627380371,224.29404421977463
1547424020,49d2ee,49.541450112552965,13.74263454127956,188.4438637299408
1547424020,a23047,34.740875244140625,-117.14435810945471,286.2639343083076
1547424020,a38d49,37.90992736816406,-85.92424757937164,227.3737726546337
1547424020,89618c,24.23961057501324,58.15664615271227,219.13925598717955
1547424020,a3819d,38.44409490035752,-122.612060546875,76.6590609775836
1547424020,a624ac,37.34788513183594,-87.94111535904256,194.15337385262464
1547424020,7503a9,-27.693134889764337,153.56124291053186,125.83178253505196
1547424020,7c6c48,-35.26713743048202,138.54344144780586,84.42526048458929
1547424020,a5b18a,40.94413628012447,-103.50200999866831,240.41273184858247
1547424020,abf351,37.81100463867188,-85.53078509391622,221.22886499306657
1547424020,a9618a,39.19825744628906,-76.76887843919837,134.81966684820313
1547424020,ace063,42.48912048339844,-86.41983032226562,245.9693360637364
1547424020,a93fef,37.6357618428893,-122.00233791185462,63.68517520984927
1547424020,abdcbe,29.84628295898437,-95.8014678955078,191.6502416764449
1547424020,a903e7,33.12838796841896,-117.27916483976404,49.64851042853858
1547424020,4840df,45.29234805349576,-73.80307081269052,250.78815226036977
1547424020,a0339f,40.57443237304688,-74.2396240234375,81.68165510393726
1547424020,4baa92,46.80701821537341,13.996994018554688,270.55059446697743
1547424020,a3f58d,37.39932302701271,-121.97021484375,71.77369592080541
1547424020,a2edb9,43.46507961467161,-90.36817278180804,88.24776634542053
1547424020,740737,33.13956050549523,33.418560417330994,261.06449072642647
1547424020,c04418,39.28101103184586,-113.085693359375,234.402500701091
1547424020,a0eef3,47.34503173828125,-122.0662078857422,62.53828070367627
1547424020,a34e97,38.47105407714844,-83.87464440387225,249.1826757421168
1547424020,ae4a81,32.8650885113215,-110.599365234375,207.17471707058388
1547424020,aacc5b,41.87201548430879,-73.21851153706393,227.7197857137956
1547424020,155be2,47.72740250926906,40.201157789963936,188.6333639294364
1547424020,a10c31,34.834808349609375,-110.91482979910714,197.3883483425552
1547424020,a1600b,44.60965948589777,-122.70763862423776,225.3769711174424
1547424020,7c6db5,-34.928004377979335,150.1735496520996,192.32913969115216
1547424020,aaf900,28.79232632911811,-83.03224451401655,242.01678851371472
1547424020,a7c00f,35.898990954382946,-77.6037402863198,209.2623885938136
1547424020,48506d,25.9346923828125,-80.47625271779185,103.64355051811523
1547424020,a631f7,34.92567676608845,-115.50922393798828,194.1315628490758
1547424020,a9768a,38.56000997252384,-84.77862548828125,210.420173716975
1547424020,ab1c47,38.07558738579184,-88.59888491423231,238.538979140723
1547424020,a332eb,38.83918762207031,-79.26707392153531,201.7151914619083
1547424020,a1a5cf,39.52266369835805,-106.48077392578124,225.9727111429048
1547424020,e80436,4.696208953857422,-74.13632409047271,80.76934634007137
1547424020,aab09a,38.38823221497616,-104.05103600543478,207.121696654547
1547424020,abad6c,35.03763489804025,-93.58028411865234,276.78808334588626
1547424020,406ecc,59.71334838867188,38.040618896484375,259.79625739399125
1547424020,4951f5,33.56388415320445,-61.53757095336914,270.51390947463256
1547424020,7c6db2,-39.53770007117322,146.1566162109375,186.8593463538816
1547424020,c06e79,40.43714904785156,-78.4046630859375,232.6544196314362
1547424020,4caafa,44.39631057997881,-67.03837324933306,256.12544024721115
1547424020,4ba95a,37.7628960043697,-122.52818895422894,148.26879405934
1547424020,424548,41.68804104045286,44.43727005359739,224.38252197270768
1547424020,ad385f,32.13729082527807,-104.5265602578922,199.40927141856773
1547424020,a78605,34.67083740234375,-87.42095947265625,289.2552600009216
1547424020,780831,37.63636779785156,112.01940658244682,169.1339785002122
1547424020,a1c67d,41.12736588817532,-74.65565768155187,134.19200494691074
1547424020,aa3ae5,39.29884053893009,-98.18170166015624,271.13590322223985
1547424020,c0809e,49.204411910752114,-106.07885260331004,212.2516394455052
1547424020,a999d2,39.43002474510063,-111.6092529296875,244.15774555169045
1547424020,780aaa,58.6622904114804,64.306640625,231.2882096589873
1547424020,ad52b5,41.7611280538268,-71.43086987872454,100.91104603196754
1547424020,aa1b9a,39.340667724609375,-120.46001268469767,212.73985547740543
1547424020,ab3d14,33.691314697265625,-117.9459116410236,94.5821768096668
1547424020,a59530,45.04399108886719,-93.09010096958708,141.07870489259847
1547424020,a8ab24,40.675809181342686,-113.08989091352984,255.63363724580407
1547424020,4ba9e8,38.541528734110166,-77.36474609375,106.50109097803032
1547424020,a822da,35.94600871457892,-115.24319263214758,89.07163699090192
1547424020,a662a5,32.84916764598782,-108.99054079639669,205.130956762034
1547424020,a19343,36.8822021484375,-104.87402733336104,208.9846041597264
1547424020,a9f67d,46.80661010742188,-91.68492759146342,236.2216831499173
1547424020,a2d1bc,41.48698192531779,-82.39982427552684,226.29572340757508
1547424020,a98ef6,38.80389404296875,-94.96092423148777,145.16530437729946
1547424020,7c7c76,-27.914566040039062,149.37136092275944,232.2656264459735
1547424020,a6ea20,33.23606329449152,-117.04206194196428,52.42787623208188
1547424020,a1e6b9,42.9169921875,-88.02571851153704,147.22269193633204
1547424020,e48652,-23.784255981445312,-45.34820556640625,212.74172149918024
1547424020,a6a2e8,39.00411832130561,-121.84173583984376,74.49497285288977
1547424020,06a10b,25.619613647460938,52.27269490559896,214.1551962032788
1547424020,867512,33.64256286621094,137.6707987882653,270.5099961151465
1547424020,c004e9,34.39874267578125,-107.69157565369898,221.7349126389408
1547424020,ae07e9,36.18603205276748,-112.5071878636137,223.637037515844
1547424020,abcf2f,40.43138122558594,-95.6756591796875,227.4034515465564
1547424020,5083de,41.47929382324219,29.43224820223721,229.5855850916417
1547424020,a92478,37.29918916346663,-99.30386750594432,187.28164068961507
1547424020,758225,14.052630925582626,121.1910047029194,156.55672866262643
1547424020,adc93b,38.88447907011388,-77.3646240234375,105.07258956091916
1547424020,e48fb4,-23.60833740234375,-46.66910807291663,72.36309086879096
1547424020,a7d751,30.806781316207623,-82.23453369140623,216.04198127777147
1547424020,abbbc7,44.19699096679688,-122.72604806082587,231.6460845192485
1547424020,acfc6b,45.19102478027344,-93.52824619838168,122.52518266764427
1547424020,ac828f,42.002641063625525,-88.10639137445492,88.48586346410686
1547424020,758229,13.5592237569518,121.40374434621712,174.65657916245786
1547424020,a120a4,27.196143198821503,-83.51891150841345,274.3877631915068
1547424020,e483a4,-23.632644653320312,-45.72184244791663,194.2998530458046
1547424020,a336e3,34.79731750488281,-116.44246626873404,196.5203014056264
1547424020,a3a5ec,28.915557861328125,-92.56298358623798,270.54325786645995
1547424020,862a60,33.53539418365995,132.09142568160078,175.3597661660975
1547424020,4d0113,46.43134165618379,-96.11911010742188,254.2706799601721
1547424020,7c7bd7,-29.693344116210938,150.4868668776292,237.83620202492563
1547424020,344502,42.23638916015625,-76.80991432883525,264.90869069331694
1547424020,e80244,40.06681823730469,-5.1646728515625,241.25174859384776
1547424020,789204,-42.99061920683266,171.50887625558036,180.1266731336206
1547424020,7c7a46,-39.2545693607654,148.10491943359375,228.8928957545608
1547424020,4067f1,50.71481323242188,9.64458568676098,202.88734799865176
1547424020,7c7b64,-34.72359350172144,138.50469589233398,41.26469454462281
1547424020,a988f0,42.39954544326006,-83.16912274027976,254.02961347078863
1547424020,7c7a43,-29.798832262976703,152.15391271254595,239.3978295584323
1547424020,7c5304,-25.201053942664203,151.27510502653303,156.93577769274057
1547424020,a42a14,31.021852654925848,-114.24292602539064,234.5712332555649
1547424020,a6d3d1,34.04123079978813,-104.09345626831056,253.3342901493598
1547424020,a212a3,42.57798017081568,-84.05818495639534,64.4185782585465
1547424020,a902b5,35.68862139168432,-84.09800428025267,221.1875893324716
1547424020,7380c0,40.60942569021451,-73.50702459161931,147.20831015575837
1547424020,a572a2,33.95027160644531,-115.40980747767856,273.5100926146937
1547424020,ae4e90,33.6005859375,-85.30614736128827,74.56421683950745
1547424020,780b12,59.22747802734375,30.52862548828125,264.6553145543756
1547424020,aa71e4,40.41448974609375,-73.43994140625,199.3455564473082
1547424020,407500,47.956951593948624,14.413851224459131,198.7598850598836
1547424020,c03f02,35.28309631347656,-112.41090774536131,206.87110333354167
1547424020,c0196c,43.15629862122616,-81.16176060267856,175.6071002328351
1547424020,a5196c,41.11810199284957,-85.63212308016693,231.39974760129107
1547424020,8514f8,34.542755126953125,137.70134750677616,274.1991345924459
1547424020,a98c7a,44.51554870605469,18.34383283342634,273.50283540150235
1547424020,78100a,-7.183243056475135,-38.2652387947872,255.1144342390785
1547424020,a43fba,38.89338684082031,-77.06180738366169,93.75027367216887
1547424020,778741,52.53089516849841,39.64801025390625,236.64479917760025
1547424020,a695f9,32.44057865466102,-111.3856163803412,224.17601956193943
1547424020,aa7757,28.30413301112288,-82.30811623965991,147.54411768081712
1547424020,a00c27,33.57783508300781,-95.47433035714285,64.4185782585465
1547424020,7c6dd4,-18.32533496921349,146.7828369140625,246.33220416401525
1547424020,a29e5c,42.109385344941735,-92.25519934365911,219.74708954792484
1547424020,a9065a,34.182982363943324,-114.44698333740234,211.8859882262889
1547424020,80051f,12.71575927734375,83.27390473464439,242.1299424208482
1547424020,407568,54.43153381347656,-5.262208826401661,126.38267336247088
1547424020,a23e44,33.60475701800847,-111.90290451049805,52.56399383779585
1547424020,780ada,54.39065706931938,53.51390491832386,232.1482345113537
1547424020,ae4d69,37.97319030761719,-76.9001477829953,229.11478419450907
1547424020,7503be,1.267730712890625,103.14812094478285,232.4524194124405
1547424020,4951e4,37.47343418961864,-5.8527274753736265,210.98602211031297
1547424020,a403f4,42.26095943127648,-90.66965502361916,213.11894381382507
1547424020,a099ad,33.666159419690146,-116.59395217895508,159.30163622070168
1547424020,863188,33.13032531738281,131.50003051757812,167.7450352022312
1547424020,a9f42f,39.35270690917969,-113.41694044030233,236.38967697198777
1547424020,7813bc,-19.65305134401484,147.56825949928978,254.34352764614889
1547424020,abe19d,33.12066650390625,-85.37843627929686,183.06256803884057
1547424020,ab8880,25.05926513671875,-79.33609008789062,187.79390498135663
1547424020,a26f6f,47.09801625397245,-121.56717153695917,159.376378548438
1547424020,ab19bf,35.271001266220864,-113.23222708194814,275.53459275464763
1547424020,ad694c,36.15028381347656,-114.6526336669922,138.7836050953419
1547424020,758073,14.522389557402011,121.0122359426398,165.22624686552015
1547424020,06a1c4,25.91523742675781,56.45340253721993,246.30265713893465
1547424020,758522,57.83056640625,22.596041771673388,266.5564667282684
1547424020,a24aa7,42.71356201171875,-73.31663651899856,88.08867740105717
1547424020,a50bc1,33.16786193847656,-111.82137451171874,52.62940638594907
1547424020,c023c9,46.01698018736758,-75.42780303955078,241.4293968253021
1547424020,7609b7,24.544097900390625,57.174580891927086,200.0982165387424
1547424030,89625a,26.220291137695312,51.84748811541864,182.0593984892044
1547424030,7c77ff,-35.1309814453125,147.1970663265306,232.83351251960755
1547424030,a39ac6,33.93035888671875,-109.52752560985331,250.2255827531241
1547424030,a8aed1,30.35219871391684,-82.76423950195311,221.22587426197416
1547424030,aa4c42,36.96702575683594,-108.15145938954451,263.37322205673377
1547424030,8a00a6,-1.9341989290916213,104.60883304990573,242.59184887578627
1547424030,ac5d61,34.05729675292969,-115.0917084363042,214.5669391227329
1547424030,06a076,36.20878601074219,-114.7397232055664,280.82470278287656
1547424030,e491a3,-18.256576538085938,-42.07680293491904,227.79415344136115
1547424030,a19f29,35.20364017809852,-119.21287536621094,244.26503215452868
1547424030,e80458,-34.28544616699219,-71.22957813496492,220.8666925217408
1547424030,a384f2,32.76145935058594,-87.75994262695313,201.147604
1547424030,ab48bf,44.33106994628906,-87.94562203543529,194.92540448188475
1547424030,aa8a26,37.91214247881356,-106.0740727963655,274.3221679552637
1547424030,a72b6b,35.243023371292374,-115.87958153257978,206.42542276705703
1547424030,a55017,40.820633193193856,-95.58236555619676,251.5020907003552
1547424030,a44291,40.45384811142743,-94.77131236683238,214.68100079161343
1547424030,a18794,34.199461856130824,-119.18684005737305,43.30200777595145
1547424030,a98ef6,38.797393798828125,-94.97549305791438,147.0158185920102
1547424030,a2c35b,43.00090026855469,-73.60188328942587,199.7341666214387
1547424030,4c01e9,41.74502097954184,24.31657658066861,241.1694597274264
1547424030,a41722,41.875506902145126,-88.25183247410973,144.22426300582387
1547424030,abb59f,29.478878732454977,-92.3907111672794,208.69186678243287
1547424030,89407a,18.010455632613876,72.62605394635882,216.2654292393021
1547424030,a359bc,33.849854550119176,-84.69125747680664,196.6825110379161
1547424030,ab0d76,39.129343841035485,-90.859130859375,215.12495588958475
1547424030,7c7bd6,-33.53636169433594,150.70528564453124,201.57410089406343
1547424030,a445f8,35.50199347027277,-116.02871509308508,261.7706223698395
1547424030,ace690,38.76768493652344,-121.26517917798913,127.97666956942332
1547424030,a3d568,40.12033081054688,-109.21466064453124,249.24798527447447
1547424030,a0ba4e,42.66590881347656,-87.56147211248225,234.58025900126967
1547424030,ac82f8,26.034210205078125,-81.20316415462855,201.36063678579507
1547424030,471f8d,45.8509283550715,17.389297485351562,255.14970299004145
1547424030,a7de53,42.19303894042969,-71.08098116788,184.63021757890377
1547424030,a88d10,34.18977899066472,-117.97834396362305,246.41437997925345
1547424030,c0809e,49.20936584472656,-106.10757681039668,212.7491854226108
1547424030,a0cf8d,37.47147899563029,-119.58462922469428,222.1945513734811
1547424030,4bb847,51.82223045219809,0.451202392578125,153.10219907818282
1547424030,a2d1bc,41.49871308924788,-82.42160530977469,226.29572340757508
1547424030,a6ac39,37.2499368958554,-121.94633152173913,133.22609814009783
1547424030,a443bb,47.60129249702065,-122.4446692833534,54.53349056865177
1547424030,424426,51.7989543332892,79.12101745605469,215.61648533867853
1547424030,461f0d,58.113113661943856,34.418792724609375,240.6569911767261
1547424030,867904,35.47499317233845,139.85093137051197,79.76370856742707
1547424030,a29e5c,42.12782003111758,-92.2754474018895,220.0726253697772
1547424030,ad6ec5,26.23695373535156,-97.23517076024469,222.9555427105516
1547424030,ab48cc,44.83748613777807,-93.21175924161582,101.54373975665708
1547424030,a602ab,32.853264242915785,-117.40119155572384,147.23617357978702
1547424030,78124f,27.116213006488348,119.23747136042668,277.23233943280457
1547424030,740822,25.154708862304688,55.242563883463546,216.60536176618348
1547424030,44d1d1,50.47705698821504,5.57697193042652,181.254471456722
1547424030,71c024,36.366049556408896,140.53775219207114,170.796182763303
1547424030,abcf2f,40.43997554455773,-95.69996920498936,228.08674066492972
1547424030,7380c0,40.60318769034693,-73.49241776899856,147.85321037861416
1547424030,a5686a,35.61177062988281,-84.64485168457031,157.59964861767173
1547424030,a4077d,44.57890319824219,-92.2900608607701,206.4670859615451
1547424030,ada521,34.20263671875,-101.49046605947063,193.94607028527204
1547424030,a0a91e,37.05613992981991,-104.42236195439878,285.71610275371955
1547424030,adb9d2,47.588397527145126,-122.01472355769232,57.031401982429294
1547424030,ac77d3,33.49689548298464,-77.18428008410393,202.576002216028
1547424030,a8522b,34.297500868975106,-117.78688430786131,219.0184535348276
1547424030,ad4304,32.899200439453125,-97.02756958007814,44.038329513148064
1547424030,7c7a3e,-28.156236551575773,152.7281099207261,217.3031186007021
1547424030,4243fc,44.19883598715572,2.870312202267531,227.9195939579565
1547424030,3965b1,46.413419044623936,-71.52079010009766,247.361451839698
1547424030,abb595,40.16401387877383,-106.73573580655184,227.48432141740423
1547424030,47c5c7,34.771087646484375,-77.33792051977042,235.7259651926866
1547424030,a3b88e,32.43741310248941,-96.5565397301499,132.41312880624793
1547424030,a23200,31.79512023925781,-97.21329345703124,208.5453439993477
1547424030,a06ec9,35.40400100966631,-120.16384043592086,200.65426428490863
1547424030,8681b6,33.0654493428893,134.26161785514986,162.0457770596751
1547424030,a73348,31.484628451072563,-85.6966552734375,251.97570050602343
1547424030,a93997,37.486358642578125,-85.618441967254,211.025530781394
1547424030,abb995,38.73886367021981,-85.3585205078125,222.8207752399734
1547424030,a85ff5,40.24726867675781,-73.80810546875,134.77352817037584
1547424030,ad52b5,41.765876382084215,-71.44134521484375,103.38276658929844
1547424030,a008eb,40.62789916992188,-99.53271484375,234.28392023953845
1547424030,a099ad,33.66764909130032,-116.61100387573242,158.27829249146507
1547424030,4baa8a,33.128248311705505,30.948598433514032,231.13196611352907
1547424030,76cee2,-36.73641916048729,143.79087407538233,195.933613954344
1547424030,78023d,54.27171610169491,22.37842335420496,260.45299364787405
1547424030,06a10b,25.635386321504235,52.29694294479658,214.1551962032788
1547424030,aa1be0,38.80021951966366,-76.536376953125,134.62518838795197
1547424030,a4278e,39.03949802204714,-78.710693359375,215.3776192575976
1547424030,4008f6,36.90467834472656,-113.92518388464094,281.0098257647612
1547424030,ab8031,34.68528100999735,-87.7617073059082,288.6562658237143
1547424030,7813bc,-19.6730222540387,147.58019464666194,254.34352764614889
1547424030,780b2c,27.42864990234375,119.92121282613503,277.931674039373
1547424030,7c4522,-26.59827280852756,153.08233407827524,2.57222
1547424030,4ca27a,55.93633102158368,3.753633499145508,214.10761268208412
1547424030,a728a7,38.33294677734375,-105.5488683822307,201.6856690451833
1547424030,851c64,35.51600569385593,139.76502763464097,161.88074015085442
1547424030,800d01,13.895051600569383,77.85731265419408,208.23483226434232
1547424030,abedc8,33.1087646484375,-111.78358154296872,164.78437139065062
1547424030,0d09ec,-23.331003997285507,-46.5069580078125,113.51507327224304
1547424030,a2e646,36.96066129005561,-76.64355070694631,219.41926153948685
1547424030,a8955e,35.04596774860964,-85.81701278686523,266.7500037113805
1547424030,ab52a2,41.38535839016154,-82.31781005859375,230.1215602232808
1547424030,4851b0,53.65075580144333,57.049497716567096,269.3432470675159
1547424030,ad2095,29.55587613380561,-92.47090059168198,213.8880972029021
1547424030,a94b08,40.890601206634,-97.43193886496806,217.0179437815112
1547424030,ac2bd6,30.7086181640625,-98.3892463235294,208.9434429574273
1547424030,862dd8,35.04304504394531,136.2272176937181,190.28378845814368
1547424030,4cafb6,40.05693054199219,17.9244384765625,254.2103046346243
1547424030,a4b5b6,35.09417724609375,-108.09414610570788,170.40525555695476
1547424030,888152,58.808650647179554,63.12744140625,227.83307062017687
1547424030,a94156,44.66449802204714,-94.28299322360895,175.7261186266529
1547424030,a9db95,33.08464050292969,-117.1869873046875,41.55548586062254
1547424030,4bb14b,41.04144287109375,28.80682373046875,112.24432462275892
1547424030,a046f2,40.18089294433594,-80.4765625,235.51086749673487
1547424030,4ba919,33.1444484904661,32.27547781808036,247.141489082
1547424030,ac1de6,46.19261169433594,-119.01442364948552,72.39782676322874
1547424030,abba2b,39.59687805175781,-104.86283012058423,40.67036921519155
1547424030,a3571c,40.69061279296875,-91.00287697531962,239.4928830873677
1547424030,42425d,55.234954833984375,59.03875014361213,234.7308249145862
1547424030,a76f48,39.96881103515625,-95.57073974609376,259.2864106095592
1547424030,a12fda,42.22101761122881,-102.799072265625,240.68118355599967
1547424030,894065,24.46929931640625,54.6002197265625,70.79355082172692
1547424030,acdf9a,41.11209675417108,-111.88601407137784,216.4641956271956
1547424030,abc14d,33.240625413797666,-80.91268111248405,226.5855735403496
1547424030,7c5e42,-38.92185974121094,146.40327121900475,148.85577373555788
1547424030,896303,22.79709638175317,46.73502604166667,221.9424938986178
1547424030,a44240,43.103275622351696,-93.02830287388394,234.2166979955512
1547424030,a04f49,39.14801128840042,-80.72076416015625,212.8679509699602
1547424030,0d05ce,19.43304546808792,-99.2058937766335,101.65835192020214
1547424030,ad7634,32.80592061705509,-109.6755047233737,259.4399798954642
1547424030,a178ae,38.540130615234375,-91.00298010784644,181.52001812489203
1547424030,ad3098,34.18748474121094,-112.49400236168684,227.57330322995864
1547424030,3965a3,39.54048156738281,-120.63053960385528,250.54901650809128
1547424030,abdcfd,30.007232666015625,-95.1873779296875,85.397704
1547424030,a0a457,38.7495706849179,-121.98785400390624,216.3902147057564
1547424030,a575a2,41.23860168457031,-72.6275634765625,66.43502010311333
1547424030,c05f0a,50.13592529296875,-116.88173796001234,229.8735896018493
1547424030,a6d3f2,34.82493772345074,-116.52236938476562,257.30892634792906
1547424030,a0c80b,38.90575344279661,-121.1700439453125,130.36157131114203
1547424030,a60c09,30.177566528320312,-92.92187859030332,280.4474845488584
1547424030,abdc91,30.91417732885328,-94.03192749023437,187.8178610716708
1547424030,a55b7a,35.29119873046875,-110.55261611938477,203.6373143770333
1547424030,ab5e9b,27.8104248046875,-82.54743468086673,109.23670510631472
1547424030,47c1c2,43.20638882911811,-68.11131068638394,268.015449653042
1547424030,a81abe,26.418685913085938,-80.66276118440447,207.2040960362916
1547424030,a88711,32.458175400556144,-110.37280024314413,97.76737189116272
1547424030,4951ed,36.68972726595604,-10.61004638671875,245.6651899398314
1547424030,ab0351,40.18927001953125,-76.14349365234375,195.9518479070728
1547424030,800b9c,25.1590576171875,51.61539713541667,135.251818392617
1547424030,a7fde4,35.48460388183594,-118.7380027770996,234.14041410018447
1547424030,a8492b,47.27877859341896,-122.32234074519232,82.9835008306996
1547424030,a2ce12,39.3314208984375,-101.02269048276156,223.0961602055532
1547424030,a6ab93,32.72952839479608,-88.3091144172513,185.0919182163988
1547424030,7c6d7f,-21.04408264160156,147.52501331676137,250.29960773484964
1547424030,a262ad,43.07221984863281,-106.20400362236552,239.6342882864604
1547424030,a66be6,48.00173484672934,-122.04225980318512,47.663174133742125
1547424030,e48986,-22.60776843054822,-42.961934407552064,192.02617222014004
1547424030,a2e235,39.25895690917969,-78.16700810971469,204.0793577193253
1547424030,e072d4,-23.414239398503696,-44.011739095052064,160.80387162544588
1547424030,a69d67,32.16671183957892,-116.69296576052297,157.7364498870276
1547424030,7c12c4,-33.035888671875,151.64489135742187,80.27469630482861
1547424030,424372,58.86544437731727,33.24652310075431,222.5278053016717
1547424030,06a0e5,25.748415154925848,52.45391269899764,225.87606889059143
1547424030,adcde9,35.03485107421875,-83.7817943339445,78.50961554215789
1547424030,8006e1,14.509140014648438,79.16975350215517,258.87525443799075
1547424030,7c79d0,-31.087910280389337,150.8455810546875,2.6231599946507265
1547424030,ab9628,32.838958740234375,-97.01026611328126,67.9241435995176
1547424030,a50cb7,29.54623982057733,-95.16125847311582,95.3319006656756
1547424030,ad4fe1,34.12586276814089,-94.13045883178712,187.1968339045769
1547424030,c05737,49.23298645019531,-123.44625619741588,57.417573974761
1547424030,ac79c7,28.31703186035156,-99.09319364107569,222.9685995453117
1547424030,a278f3,40.8390678793697,-73.24996948242188,221.85900754726856
1547424030,4b1a01,41.04849243164063,-4.77996826171875,225.4298069171305
1547424030,4ca745,52.05489853681144,0.6326555524553572,135.1500296155325
1547424030,345659,42.254814535884535,-5.306524232376432,210.40948270547747
1547424030,841e00,40.7503858663268,140.26232632723722,222.12188329677903
1547424030,7c5351,-31.804916381835938,115.85429077148436,155.073083242846
1547424030,4243a3,56.01230427370233,37.814598083496094,101.34677368702054
1547424030,e48b4f,-24.12225238347457,-47.870696445681006,121.478519091333
1547424030,ab3014,41.11949157714844,-73.68658447265625,97.70915485998262
1547424030,4a0661,41.18394470214844,9.31781005859375,213.3262248071056
1547424030,a56dc6,38.60549150887182,-121.20697021484376,87.98346095845515
1547424030,a02b1d,36.07292175292969,-113.89348983764648,164.12053690984158
1547424030,aae73b,37.7210455425715,-105.52075593367866,206.3330928037542
1547424030,ad7a22,40.115020751953125,-111.777099609375,30.97363040746112
1547424030,a000d4,29.265838623046875,-91.98878948505109,172.58733660563763
1547424030,34218a,39.21125793457031,-6.639802352241816,249.5345078002601
1547424030,abbb24,39.570098876953125,-91.10436480978262,208.1464836424312
1547424030,a68e7c,28.782550359176376,-81.27190085018384,226.26765368995896
1547424030,7c6c32,-34.20625848285226,151.34450912475586,124.10155156137408
1547424030,4075f3,48.99087679588188,-4.440717195209743,208.79646296080816
1547424030,a3ff4e,41.790968038268005,-79.327357092569,246.08766296189089
1547424030,a603b0,34.07624816894531,-78.65538305165813,273.2724397395254
1547424030,70203e,24.29319220074153,54.96377045253538,151.1318800173626
1547424030,a3c259,37.29927062988281,-80.46304905668217,201.47560710140493
1547424030,a14f95,28.088287353515625,-83.86001586914062,203.47349543404525
1547424030,a8ebca,35.7930908203125,-106.91373825073242,185.43190890592373
1547424030,a48dea,41.88340759277344,-87.82352100719106,174.3244182355712
1547424030,a3a9b7,33.28801559189618,-92.38857347138072,289.2461104070684
1547424030,407505,40.36112769175384,23.68569634177468,192.1136687001192
1547424030,a2edb4,33.916703563625525,-109.81670379638672,244.27207457593613
1547424030,a49441,37.56546796378443,-77.82589456309444,213.5165720678292
1547424030,a7136d,40.82645222292108,-74.42844044078481,167.68822810710358
1547424030,e4908a,-31.585006713867188,-64.97842227711396,203.57492270486964
1547424030,a27706,39.283385195974574,-97.53125,222.3356501624689
1547424030,aa9ef9,34.39986923993644,-120.28484344482422,196.95211563337807
1547424030,a6ec95,35.991723012116,-112.9436606549202,256.2184197419698
1547424030,a85d00,30.76674639168432,-97.03641357421871,248.5483359498544
1547424030,896209,24.012222290039062,55.849202473958336,239.2607091548098
1547424030,a09961,39.25465393066406,-78.17823327105975,221.8041279777688
1547424030,ac0048,39.15755449715307,-103.8948974609375,219.71637645086395
1547424030,ac2eaa,35.429977158368644,-112.57818993101728,260.7586677042192
1547424030,a014ff,23.84964247881356,-109.68978018130896,167.37228203632046
1547424030,a9acb8,46.15869140625,-95.87862340415391,224.09749875212788
1547424030,ac0b61,35.357666015625,-115.7270050048828,207.1830202440713
1547424030,a841bd,36.462831658832094,-119.63550324135636,243.79218371565227
1547424030,c035bf,40.56873903436176,-74.08617886629975,78.20225670704579
1547424030,ad6f0f,40.49695548364672,-86.92257967862218,224.21497456717296
1547424030,a826f5,39.91374206542969,-110.27359672214676,231.21038724438225
1547424030,7705c4,7.153822042174258,79.86274456155711,64.20665077740368
1547424030,a9607d,43.17896956104343,-87.98577444893976,233.57173977757705
1547424030,50011f,49.883056640625,-63.05060938784953,233.63801484418812
1547424030,ac2c23,35.327469130693856,-95.22423277509972,260.4824595872617
1547424030,3430c3,40.112806417174255,-3.522553877397001,125.30698498742552
1547424030,aa1a4b,33.29205322265625,-95.99705200195314,141.06275865542108
1547424030,ab35cb,30.44856184619968,-90.1103576660156,204.05212284293592
1547424030,c07f08,50.45024289923199,-104.76436305690456,212.28841926121112
1547424030,acc3b4,37.99030368610964,-92.33961022418475,192.8424058351879
1547424030,a2d905,30.79779052734375,-101.51356416590072,64.8301504186811
1547424030,7503d7,1.2555138539459745,103.83751704775054,243.93814871414412
1547424030,8681b0,40.980586682335804,140.84503867409447,236.46635445473493
1547424030,a33d62,33.04563903808594,-96.4077209472656,197.2059191461477
1547424030,aa56d5,35.90519714355469,-78.76922607421875,81.2528429436574
1547424030,e48f03,-21.02196644928496,-46.52205588600852,201.9767681332177
1547424030,a02443,35.28753662109375,-80.98062515258789,123.85392884354066
1547424030,a7d5cc,33.86838234077066,-112.09539413452148,49.40805451695568
1547424030,88516d,42.609542588056144,32.538948946220934,269.5357649208992
1547424030,a267f8,33.74143981933594,-118.3865418726084,51.741917207809145
1547424030,73806f,41.23027038574219,-0.910888671875,234.4538669422544
1547424030,aa4dd2,36.49118041992188,-81.11034393310547,186.60423460712497
1547424030,508404,43.83116641287076,29.919498988560267,236.83037315910283
1547424030,c07fbf,52.67767437433792,-104.96981375558032,254.3648576617491
1547424030,a44777,30.326980590820312,-97.52121869255518,72.06807786249054
1547424030,abad6c,35.03786765922934,-93.54995727539062,276.78808334588626
1547424030,a3a8ef,34.468487238479874,-116.9977569580078,167.4536951364365
1547424030,5100fc,53.554595947265625,57.60893031529018,211.56349224286515
1547424030,a78e09,33.39564514160156,-107.35779418945312,203.86592047752012
1547424030,a1373d,37.132578704316735,-78.13524329144019,261.5895890410443
1547424030,7c6bbc,-34.002410888671875,151.1905405472736,77.39433412876609
1547424030,800440,27.50006103515625,76.3494873046875,237.615775049771
1547424030,71bc23,34.16482699119438,-119.6945571899414,225.21251380399448
1547424030,a28812,43.16835565082097,-86.1078316824777,215.08743067905772
1547424030,e484fa,-3.179052320577341,-41.349887190193954,222.8896533792507
1547424030,3c4aad,36.07658386230469,-115.12962341308594,10.815565730839603
1547424030,a8de7d,43.463496838585804,-88.53012084960938,236.09448837989856
1547424030,a9cdcb,34.652252197265625,-112.41810701331312,29.64643960681714
1547424030,c06358,42.28074413234904,-82.80325246411701,110.8731255568186
1547424030,7c6d76,-32.02510070800781,116.223486328125,146.73111696389375
1547424030,add6ca,33.78919698424259,-110.97976684570312,93.82787276821873
1547424030,7c6c9f,-26.52346336235433,153.24876638559195,107.40427737655504
1547424030,a2919a,47.3214111328125,-122.319580078125,93.1157851051777
1547424030,896197,25.20684814453125,55.623321533203125,145.37025980753285
1547424030,a4df56,43.9986613645392,-85.66491263253351,233.12942450921568
1547424030,a1dfa2,30.42537883176642,-97.64291381835938,82.25475344235032
1547424030,a36980,37.56881972490731,-119.57746422809105,223.17621917084983
1547424030,ac7b8a,29.92098999023437,-95.21161247702209,139.47505692646868
1547424030,aaed7f,38.2167337708554,-90.364817743716,77.48831427923548
1547424030,adde1e,38.23670468087924,-86.22225554093069,223.62638663972228
1547424030,e80436,4.696208953857422,-74.13632409047271,80.76934634007137
1547424030,7c79d1,-31.09335689221399,150.82695922851562,62.33269806727137
1547424030,a74992,38.02312301377118,-78.14199032990831,215.7385793570604
1547424030,a715d5,26.08900451660156,-81.45149662809553,193.1660154614561
1547424030,a481c9,32.793182373046875,-116.78131713867188,78.17179290991245
1547424030,e94130,-17.58636474609375,-65.97444233141448,96.25740774637222
1547424030,a3db99,28.26416015625,-83.14500661996692,196.47787597824507
1547424030,7c7afc,-31.10974327992585,150.88743896484377,58.89204279720037
1547424030,7c2e45,-36.64694575940149,144.03058640500333,187.0037551926261
1547424030,4baa50,27.72628008309057,49.52140221228967,213.1524699699576
1547424030,758502,25.50801086425781,120.16515096028648,203.82437480311788
1547424030,c820f4,-40.48913470769333,173.52068814364347,235.8073478440577
1547424030,424548,41.70871023404396,44.43190463753634,225.89715799920128
1547424030,a27f07,40.254913330078125,-101.42645263671876,224.0408049766
1547424030,394a15,52.5263671875,11.31744384765625,246.85808551646707
1547424030,a875da,41.99977111816406,-71.05289112437856,266.7261913532733
1547424030,a99b83,40.92965853416313,-78.09912248091263,225.5647755111511
1547424030,738054,39.2384033203125,15.684774647588316,240.5623976227861
1547424030,aa7030,31.52142333984375,-95.56640625,210.442811713137
1547424030,740737,33.15906589314089,33.43262964365434,261.06449072642647
1547424030,ad7701,38.091796875,-106.54394920836104,268.0332232156513
1547424030,a86671,26.070300603317,-80.14927790715143,52.987732
1547424030,a86061,39.29344047934322,-94.53912353515624,136.69116876009804
1547424030,a24fb8,39.19572733216366,-78.68316650390625,200.16896386129145
1547424030,a88462,29.80390645689884,-96.02659337660845,201.30805705795785
1547424030,780a6c,15.2751857951536,121.0142571585519,204.137705933408
1547424030,abca08,42.15528585143008,-80.01955963844472,258.68401047810744
1547424030,7584fb,22.851104736328125,121.54294655539772,229.5250582307129
1547424030,aaa5dc,37.044501870365465,-113.99318529211956,241.92327362804485
1547424030,424591,56.25330520888506,56.23978614807129,246.94383735075692
1547424030,a19e61,40.21577996722722,-121.37283325195312,220.1555870287353
1547424030,7c52fa,-25.31073101496293,152.10348453161853,179.88776019984516
1547424030,a0339f,40.58074951171875,-74.23568032004619,82.85583383074388
1547424030,aa74ad,39.79847717285156,-77.91450168775475,211.8916088010407
1547424030,a78605,34.66214454780191,-87.39280700683594,289.2552600009216
1547424030,a1933c,33.4361572265625,-115.77650756835936,253.9759541754244
1547424030,7c4884,-37.85665221133473,144.75209775178328,60.03144884928992
1547424030,ab0a2f,32.80480336334745,-115.88530248525193,56.074396
1547424030,a1e2dc,30.57644084348517,-96.47352905273436,88.1862659781066
1547424030,4006ac,40.46580505371094,-73.137939453125,191.19607306976107
1547424030,4ca979,42.1629638671875,-4.13941123268819,226.514898336696
1547424030,ae0134,13.85321044921875,120.90558282260236,181.3187051972841
1547424030,a9a7d0,35.31449890136719,-89.90713119506836,281.77352261356685
1547424030,3c5429,42.68206787109375,-2.589527476917624,176.45729164797302
1547424030,49d2ee,49.553558349609375,13.760809647409538,188.4438637299408
1547424030,86789e,35.23129220736229,136.48747870262633,205.82518056913267
1547424030,7c752d,-31.96458202297407,149.15285694355867,252.64229087216
1547424030,c04893,49.18299865722656,-123.8655677208534,59.64888889245452
1547424030,e490d3,-22.985366821289062,-47.03936212713069,120.92170094637272
1547424030,c00734,30.168685913085938,-80.83277085248164,206.48118544626053
1547424030,76aa75,8.529207908501059,115.29076411806304,243.5456354509737
1547424030,a6ec52,34.25495212360964,-115.26397705078124,217.7289649862553
1547424030,a8b426,29.31610107421875,-90.7315943791316,226.8394719405848
1547424030,4840df,45.30029296875,-73.77607073102678,250.6039376119257
1547424030,abfe8c,35.656494140625,-107.75642395019533,170.64038463405802
1547424030,a1c2f1,35.379700741525426,-83.3201371862533,182.9230052769522
1547424030,c077bf,41.98392706402277,-85.9381884197856,216.80320615179852
1547424030,4242bb,55.29437255859375,60.60567519244026,251.07239012140445
1547424030,7808e2,54.70523071289063,88.21617575252758,243.4315088379071
1547424030,48418d,32.8368313029661,33.79568294602998,213.3907262836928
1547424030,a8bd6a,41.011138916015625,-73.76904296875,199.25393048185063
1547424030,aaa0d1,39.21658273470604,-76.1529541015625,230.5059328704774
1547424030,a4e550,41.58809338585805,-87.24377299464027,196.3161713102872
1547424030,8678c0,33.70220947265625,133.10457813496492,296.3684156937128
1547424030,c036b1,49.15818786621094,-122.92461688701924,88.69497957081674
1547424030,a05ab7,39.21574401855469,-90.86929321289062,211.9665355564165
1547424030,7c6714,-34.045623779296875,150.6573112643495,47.11588111446891
1547424030,8a0315,3.1963348388671875,101.51041321835277,72.4343728669007
1547424030,7c7ab9,-34.06157412771455,151.51611328125,177.66724059969243
1547424030,a0c4a1,39.09494018554688,-108.7013576341712,213.5246286304586
1547424030,ac8985,43.28746032714844,-79.51054772665333,237.6820359542777
1547424030,abd8a5,35.93032061043432,-113.94692278922872,244.2850754359156
1547424030,aca7c6,27.841278076171875,-82.3165145010318,45.2827623996784
1547424030,ac57ca,47.47974460407839,-122.65608567457934,64.3939235743781
1547424030,a1c67d,41.12736588817532,-74.65565768155187,133.7435676884835
1547424030,a920d9,40.11760129766949,-86.38125332919037,77.63162803062289
1547424030,abe4db,32.498070668366,-100.09228764748087,194.00541991870875
1547424030,a3a0ca,30.677878169690143,-90.38902587890624,230.1077591401424
1547424030,7c77fc,-32.90043640136719,147.8126953125,226.88088585632767
1547424030,3c4acf,35.270233154296875,-5.616588592529297,259.9179627003268
1547424030,780698,35.30433266849841,135.89573636968086,180.40634973827005
1547424030,3c64f3,44.49801635742188,-76.98113577706476,224.88323837404656
1547424030,aa6c50,40.36129760742188,-74.6409912109375,98.74779045890556
1547424030,06a0df,36.4259622864804,2.1061024767287235,229.9656748671445
1547424030,a4dd8f,36.53643074682204,-121.45642869015956,191.5749670444026
1547424030,a8b95f,34.495697021484375,-84.29008016780932,209.520858640148
1547424030,a1600b,44.60965948589777,-122.70763862423776,225.3769711174424
1547424030,ac011d,37.7684326171875,-109.83131571018949,263.6624622712303
1547424030,7c6b40,-35.171173095703125,155.59006048708545,239.3447600113509
1547424030,aa3aa4,40.54578878111758,-104.0789794921875,57.894952698896304
1547424030,44a836,41.80952453613281,-85.32544222745031,224.1228881886292
1547424030,c03c44,34.929447497351696,-80.66333770751953,231.0317544178868
1547424030,04005c,34.16386413574219,35.36874576490752,105.0285020126328
1547424030,ab4515,40.91411008673199,-96.039609042081,248.0292394913616
1547424030,4ca9b3,34.45353698730469,34.25985530931123,219.5223631754085
1547424030,c81c9f,-37.00108337402344,174.82590695644947,55.476530390990966
1547424030,a17e76,39.046573962195446,-90.5946044921875,263.0625377581148
1547424030,ab0888,32.82586669921875,-116.96775512695312,28.96004457406763
1547424030,ab2855,42.10803533004502,-78.1589738712754,262.3790486186007
1547424030,a7a557,39.611663818359375,-109.02712614639944,256.1936285095195
1547424030,a445ee,37.58244323730469,-102.79901382770942,229.0795506502472
1547424030,a5251f,40.09373474121094,-80.62591552734375,213.59898255205144
1547424030,a0b550,37.74934387207031,-122.15347614694149,144.567002192305
1547424030,a3e9b2,40.20167541503906,-90.349609375,209.1516987018978
1547424030,aab09a,38.3828321553893,-104.07288924507472,206.96766883123652
1547424030,7c39f9,-38.928377830376064,145.85009765625,177.11299071175142
1547424030,4ca842,45.14514987751589,-66.54452440215317,259.7799577946548
1547424030,a91e6e,34.14884948730469,-79.23356659558357,197.2414792471937
1547424030,a2f948,40.699127197265625,-71.9393310546875,271.6230218384419
1547424030,a4afa0,32.57371805481991,-116.94850999481824,40.64433184426719
1547424030,a5ee13,41.04931640625,-74.5399169921875,119.1212828019616
1547424030,70c0a4,27.196236303297137,50.17133859487681,222.04263608512852
1547424040,a7d833,33.66188049316406,-117.68868582589286,55.28537974810035
1547424040,ac5ec1,45.63176041942532,-123.15206909179688,34.58655640121924
1547424040,ab4840,34.17655815512447,-83.98492813110352,129.82348799002833
1547424040,abb624,26.82954432600636,-82.771735558143,268.7963746356592
1547424040,ab284d,29.833511352539062,-90.35557673527644,114.09064339999588
1547424040,a29551,36.77431268207097,-92.4572559113198,186.60423460712497
1547424040,a0d49c,48.10144974013506,-123.13173734224762,60.47069849747159
1547424040,a7a8be,19.49253845214844,-155.07045200892856,60.56035117605155
1547424040,4242da,53.52022332660222,19.09027997185202,242.48273055033243
1547424040,c03cf4,33.43830871582031,-111.85828857421872,120.86368838662747
1547424040,a08e82,40.69540767346398,-79.49257590553975,232.6316678117469
1547424040,85cd04,35.038055419921875,139.75461375956633,135.17646291446593
1547424040,800588,28.1736470885196,76.85092701631433,186.1647667951048
1547424040,a44197,43.29931640625,-77.99098524936409,222.6734470620981
1547424040,a765ec,40.08219909667969,-76.95135498046875,131.67053232242296
1547424040,a27a94,40.502471923828125,-106.84979248046876,219.51754078679653
1547424040,7c2e45,-36.63697814941406,144.0131378173828,187.8425185615792
1547424040,7103d7,24.91210420252913,46.63312804024175,134.88443069006686
1547424040,abde0b,34.41242980957031,-86.43538494499364,289.4345336493592
1547424040,aa1c45,31.984451293945312,-91.03518676757812,197.0427972735793
1547424040,a37eff,41.43521118164063,-74.43711714311081,192.37867076065504
1547424040,8a05ac,-32.95893782276221,140.4254524075255,249.21453618870044
1547424040,aa68f2,34.22590352721134,-109.64881896972656,262.2478893536164
1547424040,a075a3,30.20233154296875,-82.31161678538604,266.7782781260166
1547424040,a1a5cf,39.51251220703125,-106.53102045473844,225.9727111429048
1547424040,342250,40.95973205566406,-12.19921875,263.55805103253374
1547424040,a9b088,35.35505676269531,-80.60800552368164,163.2417631236071
1547424040,a96f94,29.36179985434321,-86.44285314223345,155.11403699421007
1547424040,71c030,35.96756240068856,129.42467222822475,176.1841145470621
1547424040,ad1560,41.12666760460805,-105.25526566938922,241.4589921568516
1547424040,c07bbe,34.310302734375,-110.80638885498048,230.5076550710984
1547424040,400a90,43.06526184082031,1.852729265079942,263.3636757348895
1547424040,a3a44a,40.647784734176376,-79.24475929953837,215.5722935827023
1547424040,3450d7,13.28372761354608,-67.88900274979443,229.5440826781942
1547424040,7c39f9,-38.91366732322564,145.8426513671875,176.92386600933617
1547424040,aa44cf,43.871337890625,-60.700421000635856,273.3242472824357
1547424040,aba882,29.6356201171875,-95.65790616548976,59.34195719121182
1547424040,a3e94e,41.04904174804688,-73.92913818359375,191.05898863107305
1547424040,e0268f,-34.20684814453125,-59.46305255500636,187.2074368537073
1547424040,a3e011,37.56239551608845,-83.90151314113452,216.5900884854402
1547424040,c03472,43.84936833785752,-77.9614693777902,236.98676837924512
1547424040,4243bf,54.86446574582892,37.3762373490767,169.020495952667
1547424040,c080a2,43.544036865234375,-79.62079425190768,125.9390013622487
1547424040,a2ab41,26.32426633673199,-81.375732421875,219.240075040309
1547424040,a6d3b3,40.59196860103284,-76.892748746005,221.3723725696437
1547424040,ab5c31,37.66737081236759,-122.06831558890966,95.64785457067632
1547424040,a0fbb7,35.80137634277344,-106.72760009765624,244.2715328584208
1547424040,a25fca,34.9022609904661,-119.63424682617188,175.5950432390357
1547424040,48ae82,40.53619902012712,29.674821333451703,228.8928957545608
1547424040,a62bdc,40.85047317763506,-83.053769198331,250.14571696741288
1547424040,a5d28e,37.98043461169227,-78.05630891219431,205.84768106135127
1547424040,ad935b,29.410171508789062,-81.389412513146,218.64112089953835
1547424040,a036b1,41.74777221679688,-87.62370716441762,253.31391811928475
1547424040,7c6714,-34.045623779296875,150.6573112643495,44.67080504854866
1547424040,abdcbe,29.85255354541843,-95.82964728860291,193.2728520496366
1547424040,a99e09,37.57915432170286,-89.76391336192256,181.51418610959325
1547424040,a9807d,36.463897705078125,-77.50528335571289,241.68686432473552
1547424040,800440,27.47997219279661,76.33934607872597,238.76520442096617
1547424040,a2491b,37.65550231933594,-121.8481964760638,65.34248897808446
1547424040,3c64c3,32.63744806839248,-116.78332270408164,203.2704890628692
1547424040,a93fef,37.64405822753906,-121.99247968957778,63.31215302683882
1547424040,a11780,40.83622819286282,-74.53137484463778,113.4789303284953
1547424040,c04893,49.17792368743379,-123.86658517937914,57.65446228999244
1547424040,a9a7d0,35.31449890136719,-89.90713119506836,281.6152164035876
1547424040,44ccc7,14.36862751588983,-16.57523707339635,215.51212913163715
1547424040,a38d49,37.88951110839844,-85.96077127659572,227.79415344136115
1547424040,a28bc9,38.02001953125,-90.37990488904586,215.6772342183779
1547424040,a12cc6,36.21028576867055,-115.19877981632314,4.242213900930504
1547424040,e491a1,-21.46328166379766,-45.75571695963538,226.42316291781933
1547424040,3c4acf,35.244598388671875,-5.639419555664063,259.1991264013185
1547424040,ad4584,33.30848693847656,-92.43572387695308,215.00128247998765
1547424040,a77c11,38.000917596332094,-101.06024700662364,274.20299530143603
1547424040,aa7aa6,28.25786008673199,-82.54701502182905,155.5331912042445
1547424040,ac96be,32.06236267089844,-90.10464477539062,283.91530036657565
1547424040,a18295,30.369516146385063,-90.17171630859372,115.13665877305212
1547424040,aa2568,41.89896923000529,-87.60836579078847,39.20927342671659
1547424040,4249db,41.109210515426376,29.018325805664062,159.5282466221794
1547424040,a0a00e,31.029673430879235,-96.2149658203125,224.7979009474366
1547424040,a9d0fe,37.69953918457031,-99.88442278922872,172.11823261998006
1547424040,a494eb,43.6735405356197,-88.18993704659601,233.7008738155833
1547424040,a420bb,42.98121565479343,-85.63267299107144,234.074281281385
1547424040,ac1cbd,31.05308920650159,-96.05044555664062,175.34618285695282
1547424040,3c4b2c,52.21220397949219,37.98309326171875,267.2896765555127
1547424040,7c146a,-29.098733158434868,147.32811422909006,242.2004318862413
1547424040,39c424,52.18446350097656,15.346527099609377,262.3492913062335
1547424040,780698,35.30433266849841,135.89573636968086,180.9007781922284
1547424040,aab6df,32.389278088585804,-111.48398885921554,119.60795341688453
1547424040,c00741,42.44390972590042,-94.33257346929504,226.0429704652878
1547424040,a61219,31.60301079184321,-93.52825927734376,190.22606020670585
1547424040,e072d5,-33.808868408203125,-62.47291409239477,262.4597294341815
1547424040,a7a90e,41.67237854003906,-104.36412464488636,240.4870261361968
1547424040,461f52,55.49171059818591,41.46832466125488,265.697252924285
1547424040,a163f2,40.51707458496094,-76.37060546875,202.39694131444995
1547424040,800b1e,4.039570436639301,100.18101133149246,226.06521469849832
1547424040,a3f04a,36.87419128417969,-80.49998181931517,198.62868710505623
1547424040,a1c229,32.252321404925844,-107.02611806441324,208.9561088063386
1547424040,c077bf,41.98928057137182,-85.91257494549416,216.80320615179852
1547424040,aa6ba6,34.06036376953125,-116.38882384008288,203.3173546777446
1547424040,7582b4,13.965671345338984,121.69353284333882,187.2074368537073
1547424040,a1b7ab,33.266693115234375,-112.0220947265625,146.86903192208248
1547424040,a1a63d,34.278647212658896,-94.99517440795898,194.47480201637748
1547424040,a1c1c7,40.689774852688025,-73.94966125488281,81.79659600000001
1547424040,34210b,40.4655327231197,-9.199426824396312,261.4797955371312
1547424040,706056,25.21287821106992,55.48805668668927,217.1032917558695
1547424040,a0e250,41.36448669433594,-92.95574951171876,227.1734843391241
1547424040,ab034d,36.989802990929554,-92.5835783585258,220.6341103396944
1547424040,ad21bc,36.07291011487023,-115.08313118143283,88.5576160428175
1547424040,ac57ca,47.48514466366525,-122.65439547025244,59.32411535160494
1547424040,aa568e,39.71337890625,-110.60867972995923,242.95703818266605
1547424040,a923ee,37.94603250794491,-103.30892148225206,273.169764
1547424040,0101cc,40.843780517578125,23.2855224609375,247.83282969602948
1547424040,a149c1,33.47236633300781,-100.86174316406247,182.2911099503904
1547424040,aaa267,38.96440926244704,-83.88287353515625,217.25683361813148
1547424040,a92ebb,32.996598583156775,-110.27134486607142,174.4033447689593
1547424040,ad6ff2,33.114329192597985,-97.3255826988999,164.0786052441317
1547424040,a153de,36.481201171875,-78.95816802978516,169.08311643217485
1547424040,ad7ab8,42.69580388473252,-90.78948264898251,232.9704398326964
1547424040,861bca,33.88756186275159,130.23113250732422,114.0628039648586
1547424040,4000fa,55.46517582262977,41.56994819641113,248.7468406515134
1547424040,a57dd4,41.5434963420286,-87.38691463026885,229.9771829327508
1547424040,adde1e,38.2177734375,-86.22643004072472,223.53701763810625
1547424040,a3f1d6,27.785614013671875,-80.18765431530068,214.48366664985284
1547424040,a631f7,34.91929910950741,-115.46636581420898,194.8683722197601
1547424040,4891b2,58.42652893066406,19.918390089465728,248.69416986295624
1547424040,424292,43.2361822613215,66.43707275390625,196.7369995988045
1547424040,e4814a,-21.34285102456306,-41.159210205078125,189.7350096271756
1547424040,42496d,55.07157665188029,80.01592462713067,228.78013564168268
1547424040,c06358,42.27877807617188,-82.79402992942119,112.3562655564308
1547424040,3c4aad,36.07658386230469,-115.12962341308594,10.815565730839603
1547424040,abe77a,34.03438762082892,-117.65007019042967,160.59636567242302
1547424040,e8096a,-36.50482177734375,-71.9456644261137,214.74263052268483
1547424040,a5ae2f,34.88914489746094,-105.20490996691646,194.5775196838236
1547424040,abc035,36.81060791015625,-106.8856430053711,269.3299818436229
1547424040,a75e7e,38.44488628840042,-77.09197998046875,120.6576830381813
1547424040,ac011d,37.775139242915785,-109.8101408585258,263.6624622712303
1547424040,781348,54.659912109375,89.13619995117188,250.9775041871885
1547424040,4caafa,44.42143249511719,-66.98213849748885,257.78983385540107
1547424040,86d215,35.46698618743379,139.8350946953956,72.61682749566248
1547424040,7c6c9f,-26.522232055664062,153.23828931124706,106.5097880380702
1547424040,aca2ed,35.57080078125,-100.8771514892578,277.5085654527721
1547424040,780e33,37.22360229492188,112.79435178066822,204.7629298078633
1547424040,4067f1,50.72573904263771,9.589920043945312,202.73271394824468
1547424040,4ca798,55.60459899902344,35.43448708274148,204.15196629372824
1547424040,ab77ee,37.50015517412606,-121.83431874150816,133.93043434914512
1547424040,a26f6f,47.114776611328125,-121.60382080078124,159.5605932643872
1547424040,accb22,38.33036778336864,-104.9476159137228,203.400644663888
1547424040,a7a616,34.76033020019531,-86.60718645368303,252.04606146060968
1547424040,ab6020,28.88287353515625,-81.28472548264722,215.2817527495665
1547424040,ab400f,40.85308010295286,-85.26289506392044,216.72445641537723
1547424040,a1d50e,44.55491405422404,-88.04409864472177,77.02413899123906
1547424040,abe501,38.94429869570975,-101.89971923828124,262.4274600844947
1547424040,7c6d92,-32.30455301575745,149.80906583824935,225.6961456036024
1547424040,800d01,13.91437077926377,77.86039653577303,208.23483226434232
1547424040,c81d9d,-38.92501831054688,173.75092879585597,233.6193237803149
1547424040,a72213,37.51496887207031,-79.04511147357044,204.33726041407243
1547424040,a01f73,33.158460714049255,-80.4661092952806,224.19903924676248
1547424040,47c8da,37.39136259434586,-95.67981222401494,294.96309695505016
1547424040,a403f4,42.27259749073093,-90.71749665016348,213.27845633820647
1547424040,e80603,-34.601531982421875,-58.83464579679526,148.85577373555788
1547424040,5083ce,33.1486381918697,34.05660823899873,235.6355694557441
1547424040,a6ea20,33.24165344238281,-117.04921875,38.58672947425236
1547424040,a9da27,40.09428405761719,-105.17138671875,48.36868037854909
1547424040,846748,37.24770238844015,138.34868057914403,271.6342264942266
1547424040,71be30,54.35960672669491,30.1402421431108,262.1207031271745
1547424040,a81b2a,33.40737552966102,-78.01565364915496,226.5522830093496
1547424040,e485cd,-22.640350341796875,-46.83511629971588,230.27101893892865
1547424040,abaafe,30.093246459960938,-97.07578771254596,212.1213003161524
1547424040,4248f6,48.8206787109375,-52.2528076171875,277.5905692776088
1547424040,a85790,29.238157110699152,-98.58840044806988,41.97686511386347
1547424040,aaa4be,41.2785210043697,-82.08690990101206,254.66017259601296
1547424040,a335f6,31.364570229740465,-84.69310913085934,249.9567937235143
1547424040,a65c95,33.7554931640625,-85.4758071899414,247.12221294537528
1547424040,a495b4,38.172271728515625,-93.69134781208442,194.86226063021212
1547424040,4b187d,40.55514578091896,-72.95134110884231,209.02955559553345
1547424040,a0149f,39.571197509765625,-104.50057983398438,144.6722266892321
1547424040,4ba892,40.08544921875,22.97412109375,240.3428192207917
1547424040,a988f0,42.39684541346663,-83.10614297556322,254.05930354934665
1547424040,a359bc,33.835052490234375,-84.67729218152107,190.817120220278
1547424040,4062a4,47.95122566869704,-3.164414625901486,210.12313881657525
1547424040,a7076c,33.78817283501059,-80.00885009765625,254.12179763939056
1547424040,a98bca,36.50826664294227,-118.40941733502324,255.24977745990225
1547424040,840944,33.6236572265625,130.42497907366072,65.40726068246124
1547424040,06a140,42.02769470214844,-71.053203235973,281.33878929878733
1547424040,706025,25.255543337029923,55.36926701383771,68.82022559551703
1547424040,02a194,37.55946272510593,12.646816087805709,245.7039693156609
1547424040,a71ded,33.87318420410156,-79.08104721380738,217.70282986432025
1547424040,a0cf8d,37.49126369670286,-119.58803259808084,221.6847776960593
1547424040,a29dee,41.26748812400688,-96.7487890070135,228.9559015694596
1547424040,a92082,47.98365783691406,-122.66324615478516,47.978626160248986
1547424040,ac4ace,39.67721712791313,-106.94854736328124,242.89602983175783
1547424040,c01732,43.56735488115731,-79.81887817382812,75.67749265470573
1547424040,0d09ca,29.07284545898437,-98.67418142465442,193.26942871611908
1547424040,896212,25.26429748535156,55.35469055175781,69.96627531267183
1547424040,a2b348,33.93332271252648,-79.06745910644531,168.8011413347891
1547424040,a5196c,41.1377935894465,-85.679501620206,232.09863853112896
1547424040,a9d41e,32.64936544127384,-102.25480060188136,267.71114140650644
1547424040,a47d3b,26.07769775390625,-80.32202954562206,94.657696
1547424040,a8522b,34.309790659759,-117.76491165161131,220.1591933482267
1547424040,c0160b,40.05908203125,-74.79376220703125,232.92499570786543
1547424040,4005b9,44.46059922040519,15.884287764386434,275.66999083303546
1547424040,48c231,52.74357604980469,16.86187744140625,246.11400984274115
1547424040,c01f1e,45.07504220736229,-71.86465379668442,232.2929713842824
1547424040,aba9e7,35.28758239746094,-93.81986618041992,287.7246246235693
1547424040,a23e44,33.597913839049255,-111.8950080871582,52.01993015100655
1547424040,adde95,37.45769953323623,-100.4980933147928,283.8770795021214
1547424040,ad0074,43.11090087890625,-92.63518577398251,237.25296139550252
1547424040,a822da,35.96448995299259,-115.23349193816487,90.73048015565266
1547424040,a28a2c,47.31303405761719,-122.46617889404295,110.606656374925
1547424040,aa3ae5,39.299492270259535,-98.1202392578125,271.13590322223985
1547424040,040141,34.21207751257945,24.32607650756836,259.7595818571996
1547424040,4ca34b,55.53374726893538,-2.788381576538086,196.64954149286064
1547424040,040159,42.54506773867849,22.69794552825218,225.00500882386905
1547424040,4c01e9,41.72964477539063,24.33502890846946,240.4430026627952
1547424040,89625a,26.229721069335938,51.83562080815153,180.23169449392813
1547424040,7c41d9,-32.72135925292969,151.84934692382814,144.36090634695503
1547424040,a0d72b,32.78832387115995,-81.03235361527425,226.5890775222496
1547424040,7502cd,2.750120001324152,101.65000652444772,100.05241474881652
1547424040,a095f0,35.84596795550847,-79.94242566697142,286.5854816901053
1547424040,aaa244,40.08845959679555,-107.67837524414062,234.3121591259472
1547424040,899105,42.38376423463983,-88.68349297102105,153.13676719762947
1547424040,4ba9e8,38.52267507779396,-77.36517333984375,106.5097880380702
1547424040,ad52b5,41.77057815810381,-71.45245929097018,107.39072408667089
1547424040,acb132,36.552025746491,-97.09109042553187,210.9276862610118
1547424040,71c043,53.63236999511719,87.76812744140625,243.7074948184834
1547424040,ab79e3,33.51713562011719,-113.24404907226562,204.255648054729
1547424040,8a03c9,-2.0505523681640625,103.23061151019596,238.05920418653167
1547424040,a44520,29.46873034461069,-92.71583108340992,194.73183435977444
1547424040,ab19fb,40.57525634765625,-99.30316162109376,221.58268222622675
1547424040,abdcdc,30.092623435844807,-95.33485107421876,132.73053987807495
1547424040,78100a,-7.141299490201277,-38.24615478515625,255.75318423990308
1547424040,a73348,31.49584754038665,-85.67924194335939,252.79780253789087
1547424040,7c6de7,-32.5223243842691,148.8141305106027,241.6167727013042
1547424040,4cc50c,45.04143149165784,-80.95028016625378,219.0305367782541
1547424040,780e67,53.76667785644531,87.10023716517858,237.0269676136784
1547424040,a46d47,30.09228515625,-95.1242603975184,120.38099523429749
1547424040,a41722,41.874847412109375,-88.26971574263138,144.22426300582387
1547424040,a2e189,29.67979819087659,-95.88441736557904,94.9480234596208
1547424040,a3764b,39.01459257481461,-96.9693603515625,200.61996869455163
1547424040,a1245f,27.04750190346928,-81.8390596829928,201.2370526332149
1547424040,7c6b36,-34.12449645996094,148.21358194156568,234.7922641435572
1547424040,a00c27,33.5831102274232,-95.46186447143556,63.2682465039296
1547424040,ab30e6,32.340212029925844,-115.41939248844068,259.5598130219812
1547424040,aac337,33.37962341308594,-96.36866455078126,175.8239847386475
1547424040,ab1ffe,37.37949177370233,-91.46900342858356,219.50849852259896
1547424040,8960b4,26.42900887182203,55.0903085561899,229.95704343999589
1547424040,a94b08,40.89569091796875,-97.4552001953125,217.6687887219974
1547424040,a79563,39.80416508044227,-86.48162841796875,263.78740022143364
1547424040,851bba,34.51593017578125,133.6384239975287,180.2654645823567
1547424040,a3361e,39.22206115722656,-107.74757716966712,223.290031367702
1547424040,a77b76,41.274424407441735,-83.796782060103,226.9531962607376
1547424040,c05737,49.23197083554025,-123.45409192537008,57.933795341775706
1547424040,47c5c8,47.2196044921875,-68.74172973632812,259.71322064418626
1547424040,c05819,48.40182495117188,-123.39470496544472,64.78727265518252
1547424040,a1bafe,40.09048461914063,-105.23492431640624,60.68040894035873
1547424040,c045f1,42.36137260824947,-83.98472985555958,237.4687100617921
1547424040,a3f48a,44.90345065876589,-75.08431783536582,179.78842611465186
1547424040,acc259,42.72235107421875,-93.9864141290838,198.19117845243548
1547424040,758524,14.445877075195312,120.90643521012932,66.36128200105118
1547424040,abb68c,36.613288491459215,-87.7440042698637,281.57010398414525
1547424040,a8a490,32.03224182128906,-91.05276489257812,201.4394806443792
1547424040,a57d52,47.44669251522775,-122.11726262019232,164.7570662072533
1547424040,ade9c0,32.93504333496094,-80.90156250000001,218.5339704321721
1547424040,7c6c90,-37.66053771972656,144.82113452667886,82.20969644905662
1547424040,7c7f27,-37.93234615002649,144.75114241890284,49.19870878466077
1547424040,a2cf7a,26.716781616210938,-79.96943059957253,89.03300257703025
1547424040,738063,35.04533386230469,34.00918765943877,235.1819442921162
1547424040,e491ae,-25.94728631488352,-47.26730346679688,245.45502851400377
1547424040,0200cc,40.26708984375,6.310302734375,234.1991831506592
1547424040,acf84e,34.51834468518273,-86.78472518920898,67.91440215876311
1547424040,ac01d3,44.93852233886719,-93.35174560546876,92.28500206207116
1547424040,a3c15d,41.89882957329184,-90.4871031295421,228.96225899131184
1547424040,a6ca7f,34.31048894332627,-118.59003067016602,251.0618490107408
1547424040,a47597,29.66471526582362,-82.86346435546875,249.3307922690855
1547424040,471f92,50.825225830078125,26.414695945945947,240.2668281061233
1547424040,e491f0,-21.84754943847656,-42.68023681640625,233.9589280644216
1547424040,a67883,34.03486633300781,-80.88387002750318,210.25723406374323
1547424040,acb2c2,36.70335388183594,-86.7982292175293,249.6643956940124
1547424040,4243a3,56.01230427370233,37.79665946960449,100.31789907850712
1547424040,ad2445,42.04518980899099,-82.64733602834298,240.70262476851624
1547424040,a0f73c,38.73472052105402,-76.60516357421875,248.07298353156548
1547424040,479089,38.69487180548199,-75.5078125,239.03938147010012
1547424040,a9e6df,37.461456298828125,-78.67654354014292,208.0415606769509
1547424040,e07583,-34.29922330177436,-56.62942886352539,266.624965105444
1547424040,7c6d2a,-34.1099853515625,151.08482516541773,147.1022011007174
1547424040,a8950a,28.830001831054688,-96.79044870229863,140.95859476329733
1547424040,7c7526,-32.19776916503906,116.97066650390626,175.0357438123112
1547424040,aaa5d4,41.11461057501324,-86.84111855246806,207.037347060892
1547424040,abbcc1,29.79585291975636,-95.97446217256436,165.26788735256733
1547424040,a77dd8,42.03252760030456,-104.85638995503268,240.90100284052625
1547424040,a9b7f6,35.243133544921875,-80.83368301391602,123.1940326088608
1547424040,a553ce,40.47670526019597,-89.69843777743256,235.34449543348228
1547424040,a3e525,38.72699284957627,-76.21160888671875,263.4134133009868
1547424040,c06363,44.10173034667969,-77.15704629587572,182.9750825900884
1547424040,a5dee3,44.06569658699682,-91.8774850027902,231.33511934604488
1547424040,a94156,44.669060141353285,-94.26256133288872,175.0818534923204
1547424040,7c6d7f,-21.06600952148437,147.531005859375,250.29960773484964
1547424040,8514d6,34.90882873535156,135.10795748963648,161.32967120892525
1547424040,0d07bc,29.554275512695312,-95.69857670710638,180.9358860943631
1547424040,7c7b60,-34.54225158691406,138.38614327566964,50.19718798900847
1547424040,3c6464,35.822738388837394,-80.68347687416889,229.99329325721592
1547424040,a736ff,38.73417663574219,-90.33060488493544,69.09080598550021
1547424040,780f3d,60.0604248046875,-146.2959342167295,251.55469959745
1547424040,7c6055,-34.04611878475902,150.64830780029297,45.437376243462126
1547424040,a82d60,37.7991943359375,-77.23780205909242,255.71644630758723
1547424040,a5a683,35.39562160685911,-120.51750670088096,240.85320921847065
1547424040,a6bcc8,28.652252197265625,-81.21162414550781,219.91503233820248
1547424040,e48120,-21.409327620166835,-43.73606363932288,248.3251615359057
1547424040,ad6b58,37.43701171875,-86.34459150598406,227.5500433703085
1547424040,440088,51.31201171875,1.7661264780405406,148.6752060388584
1547424040,a1f503,38.75408625198623,-102.9554443359375,266.19034724607354
1547424040,c07712,52.68516540527344,-108.8542938232422,267.8198626158717
1547424040,a26093,36.60979707362288,-96.25414259890287,163.7532707744117
1547424040,0a0090,41.08241271972656,28.7353515625,122.1531001789018
1547424040,a29611,34.02042194948358,-79.00766372680664,216.2066817461073
1547424040,adc9b6,43.301541603217686,-77.52365112304688,221.22587426197416
1547424040,7c0adc,-33.84571838378906,150.7119065888074,53.593609544543725
1547424040,4baac7,55.26155633441472,37.37706964666193,137.72214519658044
1547424040,4ba8cc,55.5209919557733,37.44921684265137,127.51675257292658
1547424040,a75afd,38.90812760692532,-119.944580078125,181.67085642527337
1547424040,a81005,47.47325134277344,-121.8266372680664,179.23999723473122
1547424040,a85999,37.998357223252114,-102.91012971297556,283.50532291516566
1547424040,424315,51.61070251464844,40.23549672719594,221.9931667223443
1547424040,ab3d9a,44.76695949748411,-93.29147711032772,128.03869380710475
1547424040,a68e7c,28.80162048339844,-81.27511244553784,226.26765368995896
1547424040,e071cb,-34.52970886230469,-58.29603545519768,136.74924049057736
1547424040,a014ff,23.83400092690678,-109.69055751584612,165.83060646603394
1547424040,aa3417,-33.063720703125,-64.05265502929689,285.1027112190045
1547424040,a51e24,43.02776789261123,-81.27646309988842,248.0985862201776
1547424040,ac6f8a,38.604886329780186,-107.99371337890624,256.67404794135166
1547424040,0d09dc,19.60926818847656,-99.29610116141184,122.3825405876739
1547424040,a2e235,39.2507520772643,-78.1876220703125,204.314593584278
1547424040,a9e976,40.16569519042969,-105.18365478515624,53.0276737616313
1547424040,e491c3,-24.083221435546875,-47.246856689453125,220.59512284838613
1547424040,ac7aa9,38.77198791503906,-101.849829632303,208.8015329588776
1547424040,4248f8,42.36726379394531,-76.93301114169037,239.81754897302983
1547424040,aba281,33.61746577893273,-116.03633880615234,252.3760757313022
1547424040,e48dc1,-21.93532135527016,-46.731719970703125,213.5314454844901
1547424040,78000a,36.83459783004502,112.90643570270944,241.66222505557624
1547424040,0ca2fc,9.403738248146189,-60.48025723161368,148.6805461601208
1547424040,a98d7e,27.79838949947034,-83.16439115084131,216.991113199304
1547424040,780f0d,26.483917236328125,119.72299251916274,166.17815315857834
1547424040,4249e4,56.647276797537074,38.44195950415827,236.6157201901253
1547424040,0d0a0d,32.54164356296345,-117.00215242346935,83.69641832599997
1547424040,7c77fe,-23.82188415527344,152.11939493815106,226.78988195421505
1547424040,a9969b,40.26960754394531,-101.745849609375,250.05682969166463
1547424040,4074ff,48.37486267089844,10.410320575420672,189.7573259780944
1547424040,abc573,34.24973827297404,-100.76065063476562,205.4384304997615
1547424040,acfc00,35.25334167480469,-82.55332946777344,171.14910939120196
1547424040,aa4dd2,36.49118041992188,-81.11034393310547,186.60423460712497
1547424040,a0a8de,44.52699279785156,-80.48060825892856,222.26898172868056
1547424040,ad15a0,33.509837005097985,-98.94158188177612,214.23118431789652
1547424040,a40027,33.64691162109375,-102.32402567960776,199.0107181792036
1547424040,ab28c5,40.75282287597656,-73.31817626953125,163.24338434669295
1547424040,a9d7c1,33.86810302734375,-111.73295974731444,180.69364918698253
1547424040,a1b48c,40.83404023768538,-74.08898787064987,58.27540250460011
1547424040,7813f9,-26.31472312797933,157.60801462026745,233.1788012464532
1547424040,c88004,-34.058349609375,152.78036312181123,191.6495512178691
1547424040,ade2b8,40.70068359375,-75.32415771484375,180.8041963105609
1547424040,780ae7,26.89327433957892,120.02246563251202,235.4737812061921
1547424040,aa922b,35.768280029296875,-119.7085189819336,218.62962138798332
1547424040,a446aa,27.737406067929022,-82.58201012244592,106.75921565078576
1547424040,4caf93,53.062774658203125,45.24162292480469,216.4024447019628
1547424040,8960cf,24.62287514896716,56.91545018609965,220.10809831140995
1547424040,8964d0,49.40719345868644,41.29139147306743,230.8753373178968
1547424040,abc504,42.13820118015095,-93.38104248046876,241.87951156015464
1547424040,7c5309,-24.797027070643537,151.8363405623526,180.172948829234
1547424040,345611,44.96908931408898,-0.5114001762576095,97.54921800411329
1547424040,a894f2,33.099991103350106,-80.35596575055803,249.86730965497568
1547424040,a62825,35.13885498046875,-100.8370037468112,258.6405262203916
1547424040,a4189f,29.968048095703125,-90.04744585822613,279.6877368819225
1547424040,ab3c61,39.14021301269531,-107.6882271144701,223.2384674052716
1547424040,c8221a,-37.75582006422144,174.37022333559784,212.2728353715929
1547424040,a0f1bb,34.303413003177965,-93.56924057006836,186.48506302547688
1547424040,a2685b,35.608411885924255,-83.74205893658575,209.9158468318769
1547424040,ab6542,38.00403659626589,-107.2538491953974,268.5417390425749
1547424040,a2d95c,40.92886714612023,-74.049599387429,111.46352620830513
1547424040,c0224f,41.45594787597656,-97.95285311612218,224.70605345701816
1547424040,e482c5,-13.794964289261143,-45.97204911081411,235.4113956326404
1547424040,440002,43.14404296875,29.782466444858287,255.8281960223981
1547424050,7c6d2e,-34.375848285222446,150.21800994873047,194.73523198504247
1547424050,ad574f,34.01152038574219,-114.74541488958864,215.5035328388924
1547424050,a8492b,47.29266357421875,-122.31916809082033,79.28448301678122
1547424050,3c4b23,41.50550971596928,-72.85768730695855,256.1399059409594
1547424050,7c6de8,-36.98291015625,174.43974921043883,184.31315954417155
1547424050,a939c8,37.89628601074219,-121.85912436627324,72.49098291597663
1547424050,a2d905,30.799193301443324,-101.52652587890624,64.8301504186811
1547424050,a7d979,32.83094787597656,-97.37984619140622,98.39338304186931
1547424050,ac82c7,41.68780827926377,-73.289794921875,210.47802153422683
1547424050,aaa5d4,41.12635803222656,-86.857421875,205.6006838236381
1547424050,7c6c90,-37.66012573242188,144.81581667636303,83.74541582739917
1547424050,780cb5,-27.141071901483087,152.95530465932993,135.19603980386668
1547424050,abbcc1,29.784255981445312,-95.96679100623498,164.56499897261796
1547424050,a74fba,34.446235268802965,-118.72203826904295,81.31795983417253
1547424050,ad1e05,40.66452026367188,-80.95123291015625,212.3856369027081
1547424050,c05f09,33.44573457362288,-117.80819017059947,204.234268
1547424050,a6bcc8,28.670871540651483,-81.21987735523896,219.7278190868224
1547424050,0d07bc,29.54056044756356,-95.70933622472428,181.36029900251145
1547424050,7503d7,1.2860521219544492,103.82188994308996,243.91373686156507
1547424050,aa95ac,38.68318719378972,-86.00311279296875,225.28712181972293
1547424050,ada227,40.95889333951271,-105.83860223943536,235.25789046481185
1547424050,800cce,24.972244262695312,56.533762613932296,164.79721932325816
1547424050,a47dfe,32.266333628509,-110.75709751674106,70.78420427470208
1547424050,ac5249,34.22301728846663,-119.43283081054688,112.77006755005104
1547424050,e47fa8,-23.5242919921875,-46.72824928977269,89.00029881995049
1547424050,7c1471,-33.941619873046875,151.1747897401148,85.76569928710418
1547424050,aba87b,36.90646362304688,-78.2591215093085,171.24418214580416
1547424050,e493c5,-22.15858588784431,-46.45294189453125,195.39460824646235
1547424050,a48dea,41.88425872285488,-87.86469215570492,162.564304
1547424050,a680ea,38.40724182128906,-114.9178103183178,234.60677012113737
1547424050,adaf98,38.22944641113281,-122.63085547913894,73.26448405698598
1547424050,a1d10c,35.23320007324219,-83.98286819458008,245.82080904185827
1547424050,a72f22,27.19125366210937,-80.68659944354363,220.4036842609493
1547424050,7c5309,-24.783279418945312,151.82703653971356,180.172948829234
1547424050,0d0acc,23.315414428710938,-109.73504083806816,91.45535354047976
1547424050,a8f3c5,42.25895690917969,-68.88121865012431,276.2300818461246
1547424050,e482c6,-21.262408757613912,-45.87814331054688,232.7766725625758
1547424050,c822ed,-39.27973937988281,175.02086473547894,118.5366499699081
1547424050,7813f9,-26.302505493164062,157.59053356242632,233.1788012464532
1547424050,c0737c,49.48093220338983,-120.0257089975718,224.78907108873528
1547424050,a0b6ea,41.8736572265625,-88.30011541193181,117.96931170061372
1547424050,a8754d,39.77682495117188,-82.02434373938519,227.84700948513185
1547424050,c03b57,49.3095703125,-124.35354379507214,70.32093838542087
1547424050,ac4e53,32.81126403808594,-117.27295532226564,51.66257605691532
1547424050,8a063c,-2.431915283203125,103.70330293299789,235.8746777692441
1547424050,7c79cb,-31.101363877118672,150.89024047851564,50.2182726010856
1547424050,abbb24,39.56246586169227,-91.15093994140624,208.35998160898984
1547424050,a32080,38.21678032309322,-120.99410347316577,184.779949244291
1547424050,a2af91,42.80433654785156,-83.97456082430756,228.4183498999516
1547424050,71bd84,35.177764892578125,126.3478181800064,234.63666204584567
1547424050,a2e235,39.24284362792969,-78.20743063221806,204.77197698979185
1547424050,7c7b5c,-34.76758536645923,138.63618850708008,43.07220600623283
1547424050,ab390d,33.876983642578125,-111.74177520129146,59.16329667076317
1547424050,7c6c52,-37.529205322265625,148.66377810214428,226.9071301992582
1547424050,a84dce,34.26868503376589,-83.41632843017578,236.9532638076332
1547424050,acc76b,33.29090183064089,-81.02590755540496,233.05221692666987
1547424050,407129,42.57714223053495,-83.63265636355374,265.51690334094405
1547424050,a56dc6,38.59306206137447,-121.2191162109375,87.66856336645752
1547424050,76cd8f,2.162491103350106,102.56461834085398,245.10111974060257
1547424050,4ba8cc,55.5311868958554,37.45779991149902,126.33659569009696
1547424050,3c6307,49.66993428893008,4.436175372149493,220.6197157606028
1547424050,a0f355,40.35758972167969,-105.44244384765624,160.93219360922816
1547424050,a8950a,28.83998107910156,-96.7841104360727,140.0620438759409
1547424050,899111,31.93604550119173,-95.1547739457111,195.3918993235696
1547424050,155bd5,57.23854064941406,19.701318740844727,231.3585706228395
1547424050,ac4dfb,33.88233947753906,-77.44531748246175,219.45785495807257
1547424050,a612a6,40.65546585341631,-101.43114956942476,227.49944496436564
1547424050,c06362,42.34588623046875,-77.52795826305044,177.7811582664676
1547424050,738063,35.02473992816472,34.00989532470703,235.1690028693193
1547424050,8991b9,24.014968872070312,120.2550760904948,226.2998166171632
1547424050,7808a0,62.348052978515625,-155.84706624348956,264.52628440961854
1547424050,894065,24.46152509269068,54.61111968418337,69.66491163488236
1547424050,a4ed9c,32.98603122517214,-111.37322873485331,50.15499217363791
1547424050,a9aec5,42.09104919433594,-71.135912808505,106.726984207432
1547424050,abc14d,33.240625413797666,-80.91268111248405,226.07516535739487
1547424050,a13704,40.41581493313029,-111.85467806729405,48.22620972922471
1547424050,4ac8d8,40.33447265625,-9.4110107421875,226.69242062261603
1547424050,c05d9d,50.10328674316406,-102.7783283434416,214.70134055857733
1547424050,780aba,-22.873443603515625,152.689736106179,236.34880946811177
1547424050,4951e7,37.13356018066406,-10.300909813414194,237.62691262793888
1547424050,42425d,55.23358154296875,59.11242316750919,234.74942747926693
1547424050,ad4f72,39.87478482521186,-73.6573486328125,201.95121542838825
1547424050,acc3bd,37.50606730832892,-90.54692807404894,285.3921848702377
1547424050,7c6ddb,-36.45985231561178,146.8525533473238,236.5083206491847
1547424050,a15d0c,40.82780223781779,-94.35545487837356,225.2918207100465
1547424050,3991e7,44.26556396484375,14.626595633370536,258.12019435208646
1547424050,a5aa78,28.6036376953125,-95.9536391038161,218.0393076660135
1547424050,471f93,45.15092235500529,22.67658512766769,249.68082567301724
1547424050,abb68c,36.59890384997352,-87.71151278881314,281.81766338041524
1547424050,a6049b,29.913116455078125,-96.10522101907168,203.76788506815063
1547424050,a14700,37.70749884136652,-105.12751703676967,203.76139099165889
1547424050,7c6d28,-23.432255114539203,150.92686971028647,217.2221134090996
1547424050,42460e,62.78434753417969,-22.759908040364564,303.7337672699591
1547424050,ab4bf7,35.87422516386388,-80.31455831324797,269.2194128927753
1547424050,7c6c9a,-34.14904578257415,151.20134353637695,103.18931088372392
1547424050,0c20a6,-10.241363525390623,-62.24457821603551,224.2999438224486
1547424050,a85c3e,45.282060008938025,-88.82432891101371,237.32434183510392
1547424050,c01551,40.27583312988281,-73.156005859375,206.2978169815671
1547424050,a376ec,44.91411112122616,-93.26990639291154,69.25914310103757
1547424050,ade2b8,40.69670104980469,-75.30413818359375,180.93515474921728
1547424050,a2fad8,43.286956787109375,-79.42118799963663,214.01859692518727
1547424050,a67857,27.122590663069385,-77.78827373798077,219.5995069908978
1547424050,a85bbe,36.1162502482786,-115.837856860871,155.48979478438497
1547424050,4ba956,35.34983825683594,-119.87096786499023,217.5070205403756
1547424050,7c6728,-33.89412572828394,150.69746017456055,59.66219793034112
1547424050,c038a7,58.478851318359375,62.71935247605847,271.1710401304638
1547424050,738057,32.52818298339844,34.09953002929688,178.93261612960862
1547424050,86d2aa,35.307403564453125,136.6651153564453,214.48119882415955
1547424050,a1f503,38.76457214355469,-102.9283407460088,266.19034724607354
1547424050,a04f49,39.16639942233845,-80.762451171875,212.8679509699602
1547424050,a88711,32.458175400556144,-110.37280024314413,97.76737189116272
1547424050,a7c618,35.518798828125,-83.86080478100064,217.35852581125545
1547424050,a7b779,34.90412307997881,-118.75082015991212,258.88394398847873
1547424050,a3c39a,42.35504150390625,-103.2299735329368,235.5822140845206
1547424050,aa6dab,37.70054626464844,-121.81447779878656,84.83491967771516
1547424050,7c7b65,-34.827032574152554,138.63733291625977,47.62429035372097
1547424050,7c1c54,-34.62443723516952,149.74170684814453,129.9874882717099
1547424050,406a9f,38.361602783203125,25.73640863946144,263.8034522134143
1547424050,c81884,-34.78143310546875,139.20793182995854,147.70277647210256
1547424050,a2adf4,39.59221274165784,-99.0194091796875,217.65602192103407
1547424050,77058d,8.416970463122352,78.4369370033001,237.265789150914
1547424050,aa1f65,33.52098083496094,-113.00982055664062,209.02195884862567
1547424050,406b9d,27.91304766121557,-84.0169935960036,249.208164425244
1547424050,a56323,33.54798889160156,-82.10991061463648,227.25210690269
1547424050,a49441,37.60345458984375,-77.82529748004413,210.93772368519103
1547424050,a6aa81,35.51051252979343,-97.64554936835106,40.12992958245205
1547424050,3991e2,42.32799465373411,25.91400146484376,224.75257065922528
1547424050,4074ff,48.38476665949417,10.389741596422695,189.45653189900617
1547424050,ac769b,32.34365689552436,-104.83361691844706,261.34565335474565
1547424050,c07f08,50.45997231693591,-104.81959162531672,212.42488526113075
1547424050,abe3c8,38.40736518471928,-109.63561348293138,214.6070217523005
1547424050,7c7a4d,-30.857337046477767,151.08502807617188,221.97409125229504
1547424050,a70f11,43.05304575774629,-84.8956734793527,239.95490263815492
1547424050,4ba9e7,41.62994384765625,43.4635747865189,262.5504657164185
1547424050,a1a55f,34.367003360037074,-105.46113967895508,271.11638074999155
1547424050,ac8b2e,40.843211028535485,-110.8450594815341,208.3949083607876
1547424050,a66a13,37.2864990234375,-121.55583158452458,231.78371331204573
1547424050,424315,51.5914306640625,40.243736473289694,221.9931667223443
1547424050,43c6fb,39.55282954846398,15.4337158203125,211.96091696850004
1547424050,c035bf,40.57609428793697,-74.07107266512787,78.52646852411485
1547424050,3c6571,54.19258117675781,-105.72269112723212,248.6260537178184
1547424050,020108,36.701644638837394,3.7630511344747344,236.189750815566
1547424050,a033ae,42.97142028808594,-84.0148145099019,237.12910999552048
1547424050,ad0851,40.048919677734375,-91.48529052734376,250.61396997485105
1547424050,ac4d1a,39.63130187988281,-109.63376252547552,248.90797592832897
1547424050,8a0315,3.185028076171875,101.5173029495498,71.81977263860308
1547424050,a34e97,38.40573585639566,-83.84962662406588,246.7197479054692
1547424050,a5d28e,37.96632385253906,-78.07077610746342,206.2464959242442
1547424050,a4726a,33.46421581203654,-111.71649543606505,40.27804137000309
1547424050,aaa4dc,39.86027526855469,-76.85079823369563,171.5144260375288
1547424050,8a044d,0.823699951171875,100.90458239539194,250.14571696741288
1547424050,ade56a,42.15388928429555,-82.26338940997454,274.72369295666186
1547424050,a49920,39.42634711831303,-74.8299560546875,141.18840367318344
1547424050,c04ddc,36.23272705078125,-115.94501495361328,183.70765707346743
1547424050,7c4514,-24.005538940429688,151.18321736653647,229.77743624510595
1547424050,abecff,42.54907123113082,-88.44402934229652,250.89102131573367
1547424050,aa9801,34.2960205078125,-116.7726726921237,189.5947749801351
1547424050,040128,36.36172019829184,22.99082005277593,269.6570002260109
1547424050,c03454,28.310184802039192,-84.14229449103863,206.51002230304508
1547424050,780831,37.60028903767214,111.93342789359716,168.91947153281936
1547424050,e03086,-34.46736145019531,-59.084416603555496,124.09622007456431
1547424050,8a0582,-0.6558744786149364,102.46417867726294,132.81525398011257
1547424050,ab0af6,39.76483154296875,-119.76912788722824,114.73139268729534
1547424050,a93d7c,36.105962203720864,-93.54005204870344,176.16683912774894
1547424050,a026a5,34.40731759798729,-105.45158386230467,191.6495512178691
1547424050,3c6706,44.48524475097656,-80.22203717912947,234.71391221273612
1547424050,4cc50b,43.841583251953125,-86.41596594522161,225.8995011119605
1547424050,4caf91,27.316992808196503,-79.44720928485577,220.4991242699908
1547424050,a33a93,36.19375972424523,-114.30865348653587,213.5165720678292
1547424050,a86927,45.210043697033896,-93.20854373094512,37.58611092315841
1547424050,aaa224,37.39755404197563,-89.66503640879756,164.48778749335978
1547424050,a8e29c,29.86544851529396,-83.90350341796875,245.29701955481147
1547424050,40601f,54.88704358117055,26.581420898437496,241.3351060231764
1547424050,a4ad8a,32.320427328853285,-96.80788001235652,92.4998351348092
1547424050,a61219,31.60301079184321,-93.52825927734376,190.0277031973536
1547424050,a61836,19.86160536943856,-155.09094793146306,151.33400118583037
1547424050,c07d20,45.191986083984375,-74.45840018136164,181.84340171531525
1547424050,a3f58d,37.38563666909428,-121.9550489342731,68.24289204676332
1547424050,8518d0,34.656829833984375,139.6805681501116,194.4196794471928
1547424050,ab942f,25.342339984441207,-97.67534939747937,213.2933463592044
1547424050,e48e05,-23.39878405554822,-44.661204020182254,214.86275765354
1547424050,71bf23,35.297303280587926,128.2794643970246,180.07377206269769
1547424050,40742d,28.557174682617188,-81.15199162409857,133.23603023178953
1547424050,342250,40.95973205566406,-12.19921875,263.55805103253374
1547424050,aaf900,28.73781365863348,-82.9943309110754,243.16282836055936
1547424050,a968df,41.69837563724841,-99.60371150526883,229.6345713418344
1547424050,a3778e,45.6735643289857,-122.5484390258789,140.35933069405766
1547424050,ab1c47,38.02775573730469,-88.55015531499333,238.93971712623167
1547424050,a9b088,35.359222412109375,-80.58311462402344,169.59885317314547
1547424050,a260ed,32.801498154462394,-117.10747543646364,118.33218478062771
1547424050,a56890,33.44294143935381,-118.02690778459822,199.7739133963912
1547424050,a1a5cf,39.507348012116,-106.556884765625,225.71490651805613
1547424050,e094d1,-32.73511466333423,-61.27305011360011,195.20285919459025
1547424050,a1ac91,30.16914367675781,-97.67820470473345,65.86691543883354
1547424050,a3f88e,30.668986692266948,-91.4776611328125,284.9202475451274
1547424050,a5730f,40.79205011917373,-100.4762129350142,236.3919160830955
1547424050,a34b0a,32.915130615234375,-96.90238037109371,135.77618657318186
1547424050,a753d5,34.65972383143538,-82.59195327758789,107.52987197496256
1547424050,abacd2,42.35238802635063,-93.55605724246,226.00433054091687
1547424050,781348,54.64767197431144,89.1676191850142,250.9775041871885
1547424050,a0144e,40.89246329614672,-72.15926430442119,192.30092879792377
1547424050,abaa0e,37.915540792174255,-100.7353741189708,204.6097132356984
1547424050,add66d,38.00848388671875,-91.17997839095744,275.7592595633103
1547424050,44ccc7,14.386922545352224,-16.57133403577302,216.0156420525424
1547424050,a2b82f,61.28732299804688,-149.9577876499721,54.54076962684557
1547424050,3c4acf,35.2232666015625,-5.658295300542079,259.31243705398106
1547424050,ad1560,41.12150030621027,-105.2843544699929,241.4589921568516
1547424050,896311,25.147476196289062,55.8551025390625,138.50682214537437
1547424050,a1f7b2,42.47244624768273,-77.55185149436772,242.44289012717653
1547424050,a7faad,32.23691261420816,-109.12002252072703,206.15344394359403
1547424050,a1c534,39.515899658203125,-99.50663690981656,265.1603275943292
1547424050,aa944a,32.68611145019531,-96.7588439941406,83.53182966492857
1547424050,424292,43.24781799316406,66.41886866369913,196.53174796773555
1547424050,7c6d75,-31.87948608398437,149.46405029296875,240.16161232805803
1547424050,780d64,50.5447998046875,-127.28673031455594,250.1044518037782
1547424050,add2b6,33.75032586566472,-117.20111846923828,243.35865721768727
1547424050,3c07ca,32.54276081667108,-110.02639459103956,210.9126292290828
1547424050,4891b2,58.407556566141416,19.94219970703125,248.410406932752
1547424050,4cc50d,43.91179488877118,-68.17735944475447,248.6260537178184
1547424050,adcca6,38.90625,-103.49025560461956,235.100908
1547424050,acced9,29.84124755859375,-92.3389258751502,199.6579631860698
1547424050,4248e6,40.48182600635593,33.273155905983664,235.6411851078333
1547424050,0101b6,34.50434875488281,-3.4457272899393843,227.3615508083748
1547424050,a86e35,39.76258850097656,-87.18403691830844,262.31852172217214
1547424050,7c6c25,-28.01453153965838,152.8678086224724,203.6171691562072
1547424050,abece7,43.441058659957626,-88.9141845703125,242.73035844074568
1547424050,abdc9b,29.952117919921875,-96.06612261603864,170.01965597359504
1547424050,89630e,41.299072265625,44.42645263671875,246.0580865719368
1547424050,7c6db4,-29.64564514160156,152.22408001239484,245.22580136565483
1547424050,3c6709,54.343048095703125,-3.694475959329054,182.2243143081208
1547424050,a1bfb2,42.16145324707031,-101.47241072221236,247.21001428380225
1547424050,781349,36.74363708496094,114.8723030090332,228.4085013223488
1547424050,aaf633,32.35222250728284,-92.91210563815372,276.4943875886088
1547424050,a0cfbd,41.319671630859375,-81.73016357421875,241.45570396581587
1547424050,aa6fa4,39.15797424316406,-94.76908144743544,101.5684965120646
1547424050,aabd56,38.67686462402344,-112.43515678074048,240.78672185714672
1547424050,485123,51.69546870862023,8.345947265625,199.69772512815004
1547424050,a92367,40.70509053893008,-101.14731528542256,219.2485248308144
1547424050,a6d3b3,40.59555312334481,-76.91778009588069,222.478443819082
1547424050,ab6800,42.747894287109375,-81.28671819513494,235.7254038354682
1547424050,a3970f,33.54231262207031,-81.1790995695153,216.04198127777147
1547424050,a3f500,38.302093505859375,-84.01782746010639,211.5935126042276
1547424050,acef18,39.97147382315943,-105.85988825017756,237.2261881933302
1547424050,a1ee27,35.58806855799788,-111.14459098653587,267.51137465723497
1547424050,a6e03f,37.94007382150424,-78.77537602963656,249.9292635763656
1547424050,a8fb79,33.67433166503906,-112.03375368702169,43.98120128367373
1547424050,a38d49,37.87601794226695,-85.98491502844769,227.79415344136115
1547424050,ad1697,34.36853958388506,-115.73095321655272,219.96376590537056
1547424050,a75710,40.9722072795286,-76.60173589533025,189.9162540747889
1547424050,a7fa65,32.96177750926907,-99.00071747448982,204.1351130335936
1547424050,4401fa,52.3271484375,-2.6385498046875,197.08040111748429
1547424050,a8d4d2,40.87165832519531,-86.4954833984375,207.0756920446251
1547424050,c01c3e,50.8860649496822,-119.48341369628906,153.011420608124
1547424050,a01567,29.06391906738281,-81.37985229492188,203.00666838569103
1547424050,a8352b,41.68692378674523,-83.42161666515261,209.8654105392623
1547424050,86d215,35.47261900820975,139.83112091713764,71.46884455708516
1547424050,c04662,42.10890197753906,-74.27513122558594,224.0957272887472
1547424050,abe80e,34.56330871582031,-110.24399115114797,198.9136160908764
1547424050,a35ae4,25.78467934818591,-80.34778522995282,81.3862764968137
1547424050,a82167,35.482269287109375,-83.65825653076172,233.2298696294177
1547424050,a991d7,33.913055419921875,-117.42904974489797,96.8521955718939
1547424050,a98051,30.383854235632946,-82.27342529296874,246.96151996268287
1547424050,a52e54,35.14856888076006,-118.74767303466795,191.50864561597967
1547424050,ac31a1,40.3289794921875,-75.1002197265625,207.85129259350248
1547424050,7503c8,2.7881066273834745,101.69650899952856,80.81848109854874
1547424050,748017,34.7366746805482,31.1279296875,218.59935662484497
1547424050,3c4aad,36.07658386230469,-115.12962341308594,10.815565730839603
1547424050,a68ff0,61.2158203125,-149.85768636067706,31.385300470828568
1547424050,42496d,55.07218183097193,80.02732710404828,228.78013564168268
1547424050,a11e8b,43.8535114870233,-122.7359880719866,224.48864924551785
1547424050,7c6b40,-35.183389954647794,155.63758850097656,239.3447600113509
1547424050,c01cb7,37.98472595214844,-73.20172898312833,206.2978169815671
1547424050,a9bb7b,36.08152770996094,-115.92658996582033,213.28031764768093
1547424050,8964a0,25.170748435844807,55.43758176407725,110.2831638309947
1547424050,e80450,37.73552328853284,-8.230909264605998,249.5074614095381
1547424050,aceae8,38.866607666015625,-92.206042745839,215.10219547744683
1547424050,a5ca4b,39.287933349609375,-81.47920691448707,210.32141841549944
1547424050,3450d7,13.268875122070312,-67.90436317180763,229.5394708357161
1547424050,c03068,41.91522216796875,-71.23703696511006,214.85105591206727
1547424050,4d0104,50.364990234375,6.7185010408100325,197.56592066478208
1547424050,a0a528,37.38954162597656,-122.08264939328456,75.75089639685297
1547424050,a399ac,38.27970886230469,-96.00940460854387,230.8753373178968
1547424050,0d06c1,23.790847778320312,-98.9910888671875,236.9376267195103
1547424050,a1d93b,33.58845520019531,-97.73689737125318,203.09790441345515
1547424050,a04641,42.44968220338983,-84.57364814226014,234.76915586137665
1547424050,a24aa7,42.708526611328125,-73.28548778187144,86.26874627542385
1547424050,c0613e,44.26373291015625,-75.7885306222098,207.06610646439307
1547424050,7c6b2f,-34.42735290527344,151.32613201530611,205.19867920668187
1547424050,400140,55.99019196073888,37.541141510009766,67.2742492403649
1547424050,780aaa,58.67560435149629,64.18991088867188,231.68035659254105
1547424050,3c64c5,43.767425537109375,-69.08854639807413,255.63363724580407
1547424050,aa8a26,37.91363525390625,-106.01210573886304,274.3221679552637
1547424050,e0658d,-30.644500215174787,-61.65642700195309,206.35553791449945
1547424050,4008f6,36.94255246954449,-113.88857634171194,279.2914533449684
1547424050,a4278e,39.022247314453125,-78.75310483186144,215.83362986457584
1547424050,a89d22,41.41859436035156,-80.08527582341975,227.5430649487689
1547424050,aa9470,42.68595886230469,-72.82012939453125,256.7493060758941
1547424050,a97de4,35.320532847259,-80.74945328083442,148.8771071639655
1547424050,899019,45.00316555217161,-75.3525450171494,261.36033642016884
1547424050,a52911,40.7783432006836,-73.87315368652344,60.80240600832162
1547424050,a31ffc,40.57090759277344,-103.57720947265624,207.46066559984183
1547424050,7c6b30,-34.50507729740468,149.9242401123047,182.5065768617632
1547424050,740822,25.160739704713983,55.20044290794517,216.09709949707147
1547424050,7380c0,40.590179443359375,-73.46185302734375,150.1048508014398
1547424050,a2e646,36.96066129005561,-76.64355070694631,218.92357690758905
1547424050,a8b2f3,33.97945598020392,-115.72134017944336,187.4299602291817
1547424050,a23e44,33.59449768066406,-111.89093142139669,52.03010420354877
1547424050,acfc6b,45.1600931458554,-93.53907143197404,121.38371316568188
1547424050,a1534c,25.760467529296875,-80.49173990885413,94.46178086374074
1547424050,4005b9,44.44107055664063,15.906502859933036,274.9461346998845
1547424050,a05ab3,40.78129655223782,-74.57101301713425,119.58693122838312
1547424050,aa46c6,42.96306028204449,-87.75257655552457,252.58100241214527
1547424050,4bab2e,27.328125,50.24654172501474,213.64296310419456
1547424050,80051f,12.708854028734107,83.34088777240954,242.1299424208482
1547424050,4951d1,42.81752014160156,-5.043554971384424,219.02328691219228
1547424050,a47d3b,26.07767913301112,-80.31328054574817,97.229916
1547424050,aad3a0,37.555831650556144,-121.5859321925951,164.20436811791828
1547424050,a50fb9,36.852380784891416,-121.847156027089,139.97131664133528
1547424050,aaf9c1,41.8839111328125,-82.37193020907318,196.77667929980683
1547424050,06a10b,25.667266845703125,52.345733642578125,220.01669878133484
1547424050,a43c7a,44.94525146484375,-92.93897356305804,145.13704338813983
1547424050,a9065a,34.182982363943324,-114.44698333740234,211.8859882262889
1547424050,5083de,41.53752136230469,29.408153187144887,228.4502100362773
1547424050,e48501,-20.8269591250662,-44.397000399502815,238.6737420798072
1547424050,abec6c,36.563507080078125,-93.31609725952148,188.3406112366249
1547424050,780b2c,27.4482421875,119.96417351488796,278.3897913289678
1547424050,780f86,38.127777099609375,113.8537143139129,288.38475244513586
1547424050,ab5901,33.16108703613281,-117.06498413085936,137.3141528131544
1547424050,a44262,38.89205932617188,-96.54098510742188,249.8699575726565
1547424050,06a062,34.932380288334215,-93.93545150756836,302.811806861353
1547424050,a988f0,42.39563505528336,-83.07759129723837,253.54574908737885
1547424050,06a074,25.852569580078125,56.49055912809552,271.3890799768137
1547424050,a3d7a7,38.33134460449219,-78.39037306765289,212.0539166435476
1547424050,a36549,35.218583446438025,-102.12387084960938,277.6592050166219
1547424050,a1073f,31.078125,-92.90631462545956,193.0269023880892
1547424050,a46a72,40.892696057335804,-78.16603920676494,209.3584831804456
1547424050,a72741,42.27366819220074,-80.47363990961117,222.41419801850265
1547424050,4062a4,47.9666748046875,-3.1513595581054688,210.12313881657525
1547424050,ace690,38.778717041015625,-121.2389672320822,127.97666956942332
1547424050,a5047c,42.34941101074219,-123.3357654918324,216.08852647523724
1547424050,a26b4a,31.455393645722985,-90.55574340820311,261.5926241514413
1547424050,c03064,44.80597027277542,-84.84211991472938,223.66898710110965
1547424050,7380c5,53.15404342392743,-2.59552001953125,293.89929532434985
1547424050,ad2aed,41.78077697753906,-76.56209772283381,220.0726253697772
1547424050,846a34,37.71201440843485,138.3171545940897,247.21804333752573
1547424050,8a03ad,-0.5169525146484375,101.97989253674524,245.77343372836248
1547424050,a7cfb7,35.96593307236493,-78.85185728681847,119.578078674935
1547424050,4242f2,58.81884558726165,46.220489501953125,240.97130266091983
1547424050,a12d67,32.71110534667969,-117.09728393554688,80.76934634007137
1547424050,acf2e4,40.90321686308263,-81.28802906383169,196.3242597069441
1547424050,a7a616,34.740491964049255,-86.59372329711914,250.9859399450424
1547424050,3c4ad7,58.52184230998411,65.48309326171875,236.21552110574663
1547424050,a445cd,29.56333923339844,-96.53580885667066,233.9402626404692
1547424050,06a0ff,27.42876473119703,49.97553898737981,216.2825609189872
1547424050,7c6dd4,-18.3860390873279,146.8201404918324,244.8996599985992
1547424050,abe501,38.9512939453125,-101.87156345533288,261.7812377560794
1547424050,a44520,29.46873034461069,-92.71583108340992,194.73183435977444
1547424050,851936,35.20207214355469,139.7768106265944,98.26419070051388
1547424050,aa8aa9,34.116878186242054,-80.06847381591797,179.9892450468576
1547424050,a7ad0d,26.077213610632946,-80.2185762845553,70.48070550783895
1547424050,a8df06,32.98681640625,-112.116796875,259.06840033888324
1547424050,a572a2,34.02530993445445,-115.40267944335938,272.4844322137441
1547424050,a902b5,35.742808196504235,-84.12897637549867,221.4046489554509
1547424050,c058dd,45.940704345703125,-74.51691418159294,177.00013822554322
1547424050,a2c0ce,33.822574938757946,-118.39988708496094,59.53786454557792
1547424050,a443bb,47.59989592988613,-122.45882474459135,51.99703125423005
1547424050,0d09d5,19.494781494140625,-98.95886012486052,126.08076843457864
1547424050,c0271f,41.0255126953125,-77.9937744140625,228.59960377029591
1547424050,a9df2f,36.38410949707031,-102.51514434814452,242.99407149408952
1547424050,a7fed0,39.49507141113281,-85.17503157905912,221.3526457947852
1547424050,a7869b,36.08061218261719,-102.7324676513672,279.30519300183016
1547424050,a0a8df,40.485922603283896,-74.29579301313919,79.37289106856623
1547424050,896484,42.68861389160156,29.13386951793324,252.8731677078097
1547424050,a252ae,47.60980224609375,-121.94700622558594,225.2777237450443
1547424050,a662a5,32.86243503376589,-109.05158218072384,205.50090031732591
1547424050,a28a2c,47.30305480957031,-122.46624755859376,112.66441052355812
1547424050,a24ef7,35.59318542480469,-113.92587661743164,239.36853220075523
1547424050,ab2504,34.74192810058594,-86.0020415636958,252.86898134320265
1547424050,a00623,40.856689453125,-74.05877685546875,68.91437752635889
1547424050,aa76cb,38.38748737917108,-92.88701596467394,252.2874497615924
1547424050,ab4ea9,49.80577371888241,9.747100005278716,214.95881102348204
1547424050,a55e76,32.89439392089844,-111.82835083007812,43.51843533604139
1547424050,7c77ff,-35.09788513183594,147.22912846779337,232.83351251960755
1547424060,a7a257,41.95445251464844,-71.87049865722656,176.46629028595643
1547424060,a34c58,39.63220111394333,-105.52685546875,228.4085013223488
1547424060,a2b348,33.93332271252648,-79.06745910644531,171.02845329142284
1547424060,a28a2c,47.29325866699219,-122.46556091308594,115.32957918555452
1547424060,ab52a2,41.39987182617188,-82.4012062766335,230.3537543470217
1547424060,e486c2,-20.576275324417374,-44.21307927911932,253.9186356101346
1547424060,a82dfb,35.43621515823623,-120.2268949468085,202.2105235988996
1547424060,7c6d92,-32.2715474791446,149.83681192203443,225.2777237450443
1547424060,8a03c9,-2.021856792902554,103.2080762139682,238.4629681089008
1547424060,c058dd,45.93337236824682,-74.49739837646484,178.1499591316772
1547424060,a94c53,34.32897018173993,-102.16524124145508,188.34342157745257
1547424060,a3d7a7,38.31998663433527,-78.40966266134512,212.3625828984262
1547424060,a7debf,30.05731201171875,-90.02778894761029,275.35059442011453
1547424060,abd627,29.04221874172405,-81.09175738166363,190.2650113105321
1547424060,c8178b,-39.72367626125532,149.45489501953125,249.39712418584912
1547424060,a099ad,33.672025001655186,-116.66135787963869,156.1784542256692
1547424060,e48f04,-23.0576027045816,-43.14076741536456,199.08916334255977
1547424060,a0e934,35.01708984375,-113.4719537228954,213.2120590086093
1547424060,4ca681,41.95646667480469,-8.499735051935374,224.76081320981635
1547424060,a6e6e2,39.70621917207362,-89.601806640625,214.28182809057265
1547424060,a014c9,41.58599853515625,-81.36397960574124,224.6477461492633
1547424060,a9db1d,33.98131806971663,-118.45109939575195,54.89385061500511
1547424060,a36549,35.21988690909693,-102.09228515625,277.632991980168
1547424060,ad694c,36.12959289550781,-114.70287322998048,122.64500328009169
1547424060,a696fb,48.91904669292902,-122.38133480674344,56.588840000000005
1547424060,4692cf,44.13333698854608,14.23337663922991,279.0625175326704
1547424060,ad2aed,41.787616277145126,-76.58684309138806,219.8939712822816
1547424060,a71b82,35.46144647113347,-109.1238078665226,260.54087357836977
1547424060,a95fdc,32.90139925681938,-85.4164590640944,164.03020923327338
1547424060,a46a72,40.89042663574219,-78.1905517578125,209.3584831804456
1547424060,ab2504,34.72140554654396,-85.9921646118164,253.05886791401983
1547424060,a1a286,37.58390808105469,-119.15929266747004,223.9060997273632
1547424060,a0d72b,32.78832387115995,-81.03235361527425,227.1029920953329
1547424060,c01732,43.57689808990995,-79.80501447405135,76.0699003289648
1547424060,06a1c4,25.83782958984375,56.499731675633846,245.6053930725857
1547424060,a67181,26.06762384964248,-80.56765629695013,108.04426323761862
1547424060,862a60,33.49507994570975,132.03172956194197,174.74444297233512
1547424060,aca2ed,35.546356201171875,-100.82525253295898,277.25143125428804
1547424060,c819de,-37.32581704349843,174.7577302352242,142.6040252686096
1547424060,8a064e,-2.919896012645665,103.87492738921068,244.9666515945432
1547424060,abfbdd,38.76155090332031,-87.96221525772756,153.96579261956143
1547424060,aa66ee,41.85662841796875,-101.87659523703836,239.76953938458644
1547424060,a062fc,39.2845024496822,-86.1973876953125,200.7445919219484
1547424060,71c043,53.61765716035488,87.84013635971966,243.8752154137524
1547424060,a8df06,32.98398292670816,-112.08459348094706,257.9930248675982
1547424060,424430,55.37635415287341,32.86768132990056,243.16282836055936
1547424060,a0205c,42.231536865234375,-87.64786460182881,183.2764059970606
1547424060,abc40d,34.413648702330505,-105.10871887207033,201.2127212808009
1547424060,a48259,33.99998474121094,-118.44965720663264,64.08906930351478
1547424060,acd57e,27.685226440429688,-98.54041909271814,228.02929780373933
1547424060,a8dfc7,34.9001661397643,-106.0085678100586,274.7501835601729
1547424060,e480fa,-23.01031494140625,-47.13744007457382,195.3024837891879
1547424060,a23e44,33.5912103168035,-111.88682556152344,52.01993015100655
1547424060,0d05d2,32.130615234375,-116.56719360351562,193.1276494498493
1547424060,7c6b2f,-34.44456481933594,151.31778016382336,207.2998680862753
1547424060,abb595,40.15800476074219,-106.81475830078124,227.48432141740423
1547424060,0d0acb,19.39687437930349,-99.07995050603694,105.85677574084416
1547424060,a69c49,38.8518459514036,-94.8167724609375,152.42221310787926
1547424060,a6a2e8,38.997161865234375,-121.80745000424592,75.23732507598808
1547424060,040159,42.58095951403602,22.67367340797602,224.08509821437949
1547424060,ab0ed6,30.611343383789062,-96.3400807100184,253.8274203076049
1547424060,a7869b,36.08468627929688,-102.6991081237793,279.30519300183016
1547424060,0d09f8,29.447662353515625,-94.0687971848708,217.900892352536
1547424060,71bd67,36.72944641113281,126.8181610107422,214.5040251284965
1547424060,780276,59.05672752251059,74.16945884967673,214.76419675034776
1547424060,42432b,55.77870514433263,37.35102653503418,151.26840703771458
1547424060,71bd65,36.77994550284693,137.80274086810172,268.3840098938215
1547424060,a52911,40.7783432006836,-73.87315368652344,60.80240600832162
1547424060,a3e584,41.42349243164063,-84.97631419788706,272.3178105579084
1547424060,7380c1,33.23936850337659,34.869260204081634,320.3371366481482
1547424060,7c4522,-26.599343509997368,153.08339045597958,4.365202091288786
1547424060,a35244,47.64527893066406,-122.25640869140624,52.57657949434824
1547424060,a1512f,33.463424423993644,-114.085730727838,202.2177218570658
1547424060,06a0fc,25.57188906912076,52.195993099572526,214.939111267579
1547424060,a2cb13,39.24674858481197,-89.49029541015625,288.54989237449263
1547424060,7c3616,-37.80088806152344,144.49575221284908,47.91791116465675
1547424060,06a076,36.23523776814089,-114.65320343666886,279.8617914786753
1547424060,a71ded,33.87318420410156,-79.08104721380738,217.0466000579704
1547424060,aa72f5,34.62932522014036,-103.72541427612305,192.8424058351879
1547424060,896376,7.055736477092161,79.7436470820986,108.00996502612163
1547424060,a98ef6,38.77738952636719,-95.02015487007476,150.01490481265728
1547424060,471f84,48.61262512207031,17.61284461388221,257.92172100248405
1547424060,4b17ff,51.47760772705078,-0.453798448717272,62.76427634163689
1547424060,a212a3,42.57723533501059,-84.08552302870635,58.57662790523401
1547424060,a3b88e,32.45466613769531,-96.59317016601562,132.36815067057816
1547424060,aaf83c,33.887603759765625,-118.60537159199616,135.6972217010926
1547424060,aaeae5,45.63771910586599,-93.74063873291016,180.452553712943
1547424060,aacb4a,33.569549560546875,-113.43025051817602,209.08082641750343
1547424060,0d09ec,-23.33686957925056,-46.54083251953125,114.91463020868576
1547424060,a645e1,45.39704403634799,-123.13148312452364,55.71454645903657
1547424060,780ba3,56.31843178959216,15.77387809753418,261.6619162595675
1547424060,a33327,32.26904296875,-96.2808837890625,141.01115553343675
1547424060,42426a,51.33782958984375,17.63862403663429,245.06386487339745
1547424060,a4f31e,33.49603271484375,-112.03775024414062,43.7761314825074
1547424060,a92fa3,33.5313720703125,-99.76052856445312,196.84458700152703
1547424060,738052,38.48052978515625,19.09346207328465,245.17993021850512
1547424060,a0a8d8,33.55261851165254,-117.13451385498048,47.21687990371308
1547424060,06a062,34.93363952636719,-93.90205227598852,302.811806861353
1547424060,7c7a46,-39.17948060116527,148.13702392578125,228.73038787647133
1547424060,a1e5f8,29.790115356445312,-81.45226698655347,209.08272509538807
1547424060,aa7e16,31.7272121623411,-105.09669799804686,198.877689609406
1547424060,a6ac39,37.28022766113281,-121.9692213991855,129.5193867743918
1547424060,4baa64,39.92082498841366,30.22039794921875,233.65104106509608
1547424060,06a1a3,27.81953430175781,49.8970521171138,251.7056260676851
1547424060,a1ea29,34.55973815917969,-119.41062460140304,65.93117194134197
1547424060,ac7018,33.34322654594809,-87.5720775370695,252.49192429179007
1547424060,a5efc3,33.87556457519531,-120.96860924545598,224.07683080796235
1547424060,a2fad8,43.287139892578125,-79.44865381994913,214.5330172022388
1547424060,861f00,35.01096046577066,138.2912635803223,199.0426318063568
1547424060,abb507,37.18922424316406,-103.80940538771608,192.691385147062
1547424060,adeca5,33.66220247947563,-86.09893798828125,181.62496237757824
1547424060,4074ff,48.39495849609375,10.368488018329328,189.45653189900617
1547424060,a0ad1b,39.21248613777807,-76.15765380859375,247.6351954031592
1547424060,a6eab8,37.03935241699219,-96.52289857255651,275.13136543953766
1547424060,abeb7c,30.974533081054688,-101.35706284466914,209.1915538101981
1547424060,a0bcb2,34.16542053222656,-92.3663766043527,283.5823263270118
1547424060,06a10e,40.46232061871027,32.064659812233664,265.8287014330909
1547424060,a0b20e,36.001266220868644,-102.14117821226728,188.8184691216066
1547424060,abd994,35.76510671841896,-115.32839511303187,199.14365788553147
1547424060,a12fda,42.19866943359375,-102.71630027077413,241.3400407576
1547424060,73806b,40.33831787109375,29.79144287109375,217.73139600090417
1547424060,a6ec95,35.99079895019531,-112.86123275756836,255.6972990958316
1547424060,3c542c,59.678009033203125,18.09173583984375,65.39714433243826
1547424060,acd4c7,29.468673706054688,-98.52359478290263,71.99459522511783
1547424060,a046f2,40.18505549026748,-80.56873668323863,235.51086749673487
1547424060,43e85c,31.743226132150426,-105.6740295410156,279.5912034127464
1547424060,e49180,-23.469869322696013,-46.65654500325519,105.65657835452376
1547424060,a51727,26.74301147460937,-81.71889970887383,217.2221134090996
1547424060,0101b7,37.58534576933263,24.5489501953125,254.0853446215185
1547424060,7c5309,-24.770259533898297,151.81820275648585,180.44375386799328
1547424060,aa5f41,42.282073974609375,-66.68195551091975,281.4812677794664
1547424060,a6ca7f,34.34907531738281,-118.60638054049744,252.51707894471133
1547424060,ab1d89,44.49276681673729,-88.40095333936733,145.6021938603237
1547424060,abe00f,33.80190574516684,-107.4639129638672,210.0960575619564
1547424060,71be09,34.93162536621094,-120.4694600007972,232.28499610980288
1547424060,a267f8,33.73979187011719,-118.3750510702328,44.38849877972356
1547424060,c03b57,49.30771132646981,-124.3465142501028,74.5162855482103
1547424060,a27706,39.283385195974574,-97.53125,222.3356501624689
1547424060,73806f,41.22675491591631,-0.8267836137251265,233.91141314652813
1547424060,a97c4f,29.673513638771187,-95.3045115751379,119.64556285114062
1547424060,7c530d,-27.419403076171875,153.0857244527565,101.42899808439266
1547424060,75021d,1.734832763671875,102.46189440711068,236.9934687251689
1547424060,a34811,29.062911987304688,-81.92526010366583,245.4889898517772
1547424060,aa3bdd,31.05453232587394,-98.533740234375,74.8511600364959
1547424060,a4ed9c,32.98695373535156,-111.36736450195312,50.752970744387845
1547424060,a651ec,42.47742733712924,-78.48939407703489,65.5769820198434
1547424060,aced24,38.99688720703125,-78.79251231317932,209.98517695387207
1547424060,a6e72d,39.84266378111758,-75.36572265625,59.1521124712132
1547424060,ade66f,37.65495300292969,-84.7430419921875,232.09635800134205
1547424060,c0517e,40.1558206849179,-96.40740134499288,247.82001495448645
1547424060,40750c,51.82418564618644,-0.0722503662109375,93.16977104007933
1547424060,a605ab,45.31883239746094,-122.87227085658483,84.29506770667228
1547424060,a1b4ab,39.98199462890625,-119.9786931818182,237.9213122986233
1547424060,7502b1,3.0095672607421875,101.87296204647777,150.2290992279148
1547424060,ad7634,32.80592061705509,-109.6755047233737,259.4399798954642
1547424060,a8950a,28.83998107910156,-96.7841104360727,139.5585215456428
1547424060,899111,31.931576486361227,-95.1746165995695,194.31824030339493
1547424060,49d034,47.7654356875662,-113.2469998873197,225.9727111429048
1547424060,a31b74,34.194015244306144,-85.60295104980469,267.15151713891066
1547424060,e491c3,-24.092788696289062,-47.28892008463538,220.47091674473404
1547424060,a178de,34.87046581203654,-117.74110794067384,229.0818612126148
1547424060,ad1258,33.270172119140625,-117.16210327148436,40.126632
1547424060,a68e7c,28.84302171610169,-81.28207936006436,226.7764616231955
1547424060,a0cb60,31.47899563029661,-93.69525146484376,210.10802412813865
1547424060,a40ca4,39.502716064453125,-104.26831452742866,248.52384449485209
1547424060,a745db,34.51322393902277,-78.63138198852539,60.39186933787706
1547424060,a11d3c,37.56314035189354,-77.57858276367188,263.4485756099585
1547424060,a1d10c,35.212485103283896,-83.97411346435547,245.5019262685025
1547424060,abbd73,31.55589992717161,-102.27326660156253,199.4855698541492
1547424060,acdf9a,41.07989501953125,-111.820556640625,216.4641956271956
1547424060,7c627b,-37.573516845703125,175.5981640105552,112.07089039325194
1547424060,c07563,45.22650146484375,-72.32378278459822,224.81850260241768
1547424060,c818c9,-41.16414215605141,174.53835920854047,134.7902184514381
1547424060,ab28d7,42.002687615863344,-87.99742232921513,64.30755774307664
1547424060,7c1c54,-34.614754369703405,149.74971771240234,132.55695628240557
1547424060,06a2c7,25.435821533203125,51.98521931966146,176.59821762978066
1547424060,ade8fa,27.275070190429688,-83.61823891693689,275.03178935241874
1547424060,a15a4f,33.73851013183594,-118.24562539859691,125.57598061360524
1547424060,aa2ba1,34.677227472854874,-101.2030792236328,267.4401345954043
1547424060,a74923,33.81431579589844,-118.14714081433354,69.48041888237128
1547424060,c058aa,43.67720031738281,-79.8257659202398,127.04267231075929
1547424060,4ca745,52.04718017578125,0.574951171875,134.5956974409564
1547424060,a3c5ea,32.271733688095864,-96.05980075135524,168.28689147953077
1547424060,acea6a,33.512630139367054,-92.15746821189413,277.2681355197005
1547424060,7c6d21,-33.961578369140625,151.1800026407047,65.89905152195003
1547424060,a64107,33.3951416015625,-94.67644042968747,83.39865554265978
1547424060,a16ec2,35.788970947265625,-114.69526290893556,207.67359425131744
1547424060,4cc4e9,39.4579095355535,-112.44677734375,225.7025948438408
1547424060,86ce81,34.13023867849576,136.2162208557129,188.68316385942828
1547424060,a32321,32.84697969081038,-96.85900006975449,71.33170016036865
1547424060,7502b7,0.9924774169921876,101.40110856395656,227.3458360406069
1547424060,a22539,38.66726632845604,-76.7811279296875,257.2348607784886
1547424060,71c282,36.7353515625,126.98993682861328,171.72569161126185
1547424060,a37791,32.618316650390625,-110.96954956054688,190.0555552664193
1547424060,ab3014,41.098503500728285,-73.67556485262787,83.97421808703383
1547424060,4951e5,39.93055440611758,-71.27511457963425,279.7459247880391
1547424060,ac90f3,36.5020751953125,-95.83993465342417,284.7111760680733
1547424060,aa28f2,32.61822509765625,-95.25684814453126,284.83338536682845
1547424060,a300b6,36.79130424887447,-76.7542867457613,214.9717380072109
1547424060,aaad6d,33.149662341101696,-87.29556959502548,180.9914596785348
1547424060,3c6464,35.78814697265625,-80.68267822265625,230.5076550710984
1547424060,e0658f,-30.314117431640625,-50.50727395450366,245.4992312378993
1547424060,780508,34.53612764002913,135.28478622436523,128.88850038256604
1547424060,3991e8,33.968353271484375,31.326505699936224,208.20814094971183
1547424060,a95c89,39.82511901855469,-75.45344477114469,73.99772224078144
1547424060,89806e,-32.33332229872883,149.61271324936226,232.9431744216634
1547424060,8514d6,34.90324401855469,135.0735971878986,160.01275967369432
1547424060,a88d6c,36.04701232910156,-102.40888595581056,285.6716379348446
1547424060,a50064,38.86180813029661,-85.94793701171875,213.35537692784104
1547424060,4249c4,52.20945196636652,40.50282505580358,221.9281841831693
1547424060,abbcc1,29.77093505859375,-95.9579702524038,163.86232573185077
1547424060,a77dd8,42.05268471927966,-104.90857501362645,240.44410334786588
1547424060,4bcdd4,43.28865051269531,22.4108957689862,244.41937716301604
1547424060,a55274,41.68859966730667,-87.84597707349201,242.6589322781176
1547424060,42428d,54.35797739837129,30.136996182528407,244.82832622142297
1547424060,a11ffd,33.22727966308594,-111.56077880859374,41.83476827324812
1547424060,a9e8f7,38.08071899414063,-77.0214648956948,269.72667358685186
1547424060,ad4f72,39.8609619140625,-73.66816645083219,201.5110704126526
1547424060,aca594,41.76825054621292,-89.08353583757264,174.82090911917376
1547424060,ac6d1f,33.63394527112023,-111.9162368774414,48.93982318808273
1547424060,4c01e4,39.50413513183594,27.88055419921875,240.846066828291
1547424060,acc9d5,31.18661499023437,-91.37668385225186,208.9991669511332
1547424060,780b13,60.02540588378906,-145.8930390456627,243.8703319787832
1547424060,a21432,41.408774165783896,-94.69103436137353,230.65915837110904
1547424060,a376ec,44.91057315115201,-93.26186761623472,68.65466717501556
1547424060,e8020f,-33.601963883739415,-65.8894157409668,220.9367787922647
1547424060,471f8a,42.757415771484375,23.375722711736504,135.6572343061766
1547424060,abef16,39.41070556640625,-111.92148623259172,242.5782117694084
1547424060,a56d30,34.21310166181144,-118.42363357543944,47.365180641330525
1547424060,780aba,-22.873443603515625,152.689736106179,236.64479917760025
1547424060,7c7ab0,-26.57653291346662,154.4703615628756,226.2208630874445
1547424060,c00b9e,38.81302138506356,-84.43389892578125,219.90841336654708
1547424060,a63bd3,39.6263820842161,-101.93389892578124,170.31826099091026
1547424060,a620b7,32.68195200774629,-116.97754529057715,98.74779045890556
1547424060,7c6c9a,-34.13996809619971,151.20397567749023,102.6892594574716
1547424060,0a0086,34.72581481933594,22.41552858936544,270.996286624387
1547424060,471f93,45.13966369628906,22.70305088588169,249.68082567301724
1547424060,a34358,46.18037854210805,-116.99951934814452,239.6900541075936
1547424060,a06abb,34.77301025390625,-77.86857137874682,244.9018213038564
1547424060,a7a9c5,35.288177490234375,-81.15423202514648,151.3025195436745
1547424060,abe56d,45.01201047735699,-58.97085794588415,281.4812677794664
1547424060,a1311e,36.28999328613281,-121.22983932495116,196.1354435417565
1547424060,800b1f,13.230972290039062,77.83088947164602,141.6076611968248
1547424060,c822ec,-42.761209778866544,173.25905733330308,111.3827692958308
1547424060,abe1c2,26.035858154296875,-79.71446487138854,207.10125142288692
1547424060,aa6fa4,39.16686494471663,-94.7664794921875,97.98368959764004
1547424060,a14c29,40.00834319551112,-105.68785233931108,228.9420302180987
1547424060,ac878c,41.52017211914063,-82.92037270285869,252.51865102731912
1547424060,ad00e3,30.03497314453125,-82.93584487017466,250.941121733007
1547424060,a22bf0,32.626556396484375,-96.59536743164062,128.6418629368919
1547424060,ad8901,34.19601699053231,-118.83922576904295,154.543121866935
1547424060,71040c,25.114606437036542,47.79094192216981,256.5812335564603
1547424060,add6ca,33.78919698424259,-110.97976684570312,93.82787276821873
1547424060,adda24,32.963686151019594,-112.16783173230228,209.40967346943867
1547424060,a3f500,38.3169141866393,-84.02869183084238,211.5935126042276
1547424060,acf1d8,33.6961669921875,-114.63129160355548,211.73417631018145
1547424060,aa6f80,33.71104431152344,-101.16031568877548,222.82611999540129
1547424060,7c531e,-27.148727416992188,153.0885746793927,188.88503456122464
1547424060,a79be3,35.735504150390625,-104.82181549072266,233.8548351804858
1547424060,a4f022,39.10657979674259,-94.85137939453124,124.95165946576772
1547424060,a82167,35.46344821735964,-83.64785701670542,234.3793539907694
1547424060,a1e2dc,30.5508836649232,-96.47556152343748,92.84110877370208
1547424060,a8fc2e,31.6461181640625,-101.26405603745404,206.70728657059496
1547424060,c04418,39.24467468261719,-113.0423305345618,232.624841831919
1547424060,a5408e,33.28303527832031,-111.79061279296874,32.04453465175739
1547424060,0c414f,25.921463012695312,-81.04412150832843,175.9669219169103
1547424060,e80436,4.696208953857422,-74.13632409047271,80.76934634007137
1547424060,06a121,40.103775283037606,65.67683133212003,194.74610398756244
1547424060,a05a25,42.523746813757946,-79.41991051962208,218.64777823505787
1547424060,4243bf,54.89515686035156,37.37928502699908,169.53408161613956
1547424060,a8a319,33.963255801443324,-105.80240249633788,265.8794709521125
1547424060,3c4584,47.863037109375,-50.49625396728516,289.6461348544323
1547424060,c00bfb,45.095199326337394,-74.73965528534677,182.49497569996964
1547424060,a780f9,37.39280571371822,-122.14354805324388,51.13738973092796
1547424060,8a05ac,-32.9229063906912,140.3942310566805,249.6299422272147
1547424060,71c308,35.92158508300781,126.43558502197266,246.7798109671889
1547424060,7c38b3,-38.20220947265625,145.27926237686822,57.83091970902445
1547424060,abf3da,37.77262542207362,-94.414294698964,192.6007158939121
1547424060,abd8a5,35.9208984375,-113.88376235961914,247.60206287378628
1547424060,7c6b40,-35.19007873535156,155.66371372767858,239.3447600113509
1547424060,a1aa19,27.92660522460937,-81.66205064305717,62.82538747142197
1547424060,abf9f8,37.12345446570445,-107.53955343495244,205.4667696779392
1547424060,a1ba4a,32.1865430928893,-108.4329285913584,96.54703646823684
1547424060,ab44b9,29.091476440429688,-98.81082388070912,110.32874976397214
1547424060,a8553c,27.225936631024894,-81.80029062124396,206.37862176744784
1547424060,aba882,29.64679265426377,-95.65887451171876,61.39367022873704
1547424060,c0583a,46.96939086914063,-62.77031707763672,267.0008964598515
1547424060,750307,-1.707303321967686,103.70274510876884,226.26239023023024
1547424060,7c6a84,-37.73190307617188,144.4330483294548,36.68458285378968
1547424060,aaa4dc,39.85221862792969,-76.86793451723844,172.2212224220052
1547424060,a3ccb7,34.47258383540784,-80.58940887451172,238.93971712623167
1547424060,a1a63d,34.24945895954714,-95.01846313476562,194.47480201637748
1547424060,800cee,27.77938842773437,49.27984849461969,210.01668307971576
1547424060,a11780,40.82075500488281,-74.4986572265625,113.91537369655374
1547424060,aa8477,38.00624084472656,-85.55106305061503,227.83423222482784
1547424060,a7cfe7,41.02473449707031,-92.63775634765624,260.2522317130649
1547424060,896170,1.9156494140625,102.55727994239936,233.82993653852407
1547424060,02012e,35.60719299316406,-3.450965881347656,236.38295951140617
1547424060,a37e5a,40.48521423339844,-103.87432861328124,234.16471463066057
1547424060,c81d8e,-43.9335347838321,171.2542288643973,217.784871457745
1547424060,a163f2,40.524444580078125,-76.4166259765625,202.90039189343315
1547424060,a33a93,36.19403903767214,-114.28673926820144,216.08179029089607
1547424060,a2c802,39.82213424423993,-74.89630126953125,158.20303137864178
1547424060,a67066,35.951385498046875,-85.01117706298828,205.9222365440789
1547424060,a9e999,36.37289273536811,-120.73518793633642,54.077828654198015
1547424060,ad35ed,39.25607299804688,-76.60235197647756,64.51094940522577
1547424060,e082d7,-34.79713439941406,-58.675119828204686,86.48934363567018
1547424060,a866c7,33.31068420410156,-87.83909912109374,189.93018879152007
1547424060,7c5d8f,-30.927291870117188,150.2713730755974,73.67872643333104
1547424060,ad2160,41.41291731494968,-89.25011923146798,184.12568111198053
1547424060,ab942f,25.32330322265625,-97.68203735351562,212.80329103827137
1547424060,a8268d,45.712994074417374,-122.5824966430664,232.0912267273903
1547424060,a0a00e,30.993967864472985,-96.1928283691406,223.65597115434983
1547424060,869232,61.26907607256356,-155.01993815104166,251.6977401660338
1547424060,a81032,34.28600246623411,-82.07662582397461,188.8352878688895
1547424060,ad8426,42.59715270996094,-95.65839594060724,132.78735412751473
1547424060,aaa0d1,39.26225048000529,-76.1002197265625,223.951010479824
1547424060,a494eb,43.68402099609375,-88.24627543604652,233.7008738155833
1547424060,aaaa4a,34.40601413532839,-118.93970489501952,137.14830042907178
1547424060,ad071d,39.27388000488281,-85.04038935122281,192.98508034343897
1547424060,a1efe7,42.73548889160156,-81.86974265358663,218.99247230380905
1547424060,a1f7b2,42.47319030761719,-77.52209056507456,242.95703818266605
1547424060,a9d70d,33.542889093948624,-117.0819854736328,57.65446228999244
1547424060,e4948b,-19.653350830078125,-44.51905386788502,224.1417807865039
1547424060,e490c3,-15.870868230270162,-48.04282052176336,80.35872168544246
1547424060,ad9b28,41.597259521484375,-75.90560219504619,217.62379761677136
1547424060,a38d49,37.86451953952595,-86.00473818571669,228.1772273415911
1547424060,44ccc7,14.407196044921877,-16.566956618736526,217.0228217128057
1547424060,a3c65a,35.8562560000662,-114.82080337849068,210.96281515626265
1547424060,abd932,39.642974853515625,-119.76888905400816,91.056588
1547424060,a69347,33.88951705673993,-117.49116897583008,53.0276737616313
1547424060,a6b55a,27.48641967773437,-83.07742136829302,201.6338303472447
1547424060,a2b82f,61.29211943028336,-149.95778401692706,54.01906967778635
1547424060,800412,13.225118346133474,77.41766678659539,122.44199498250644
1547424060,a56890,33.45686055846134,-118.03834253427934,199.35020301893573
1547424060,aa600a,32.203033447265625,-81.85177001953122,268.5520867787518
1547424060,485123,51.70376586914063,8.31932274070946,199.23799123000344
1547424060,78125a,26.07797241210937,119.38350461563977,204.3942401950026
1547424060,a4a08e,37.05587768554688,-76.32184617062833,223.50386508359853
1547424060,a4460e,38.56108067399365,-80.26092529296875,206.6925623018592
1547424060,a3f8b8,33.88334655761719,-118.51030622209822,128.6418629368919
1547424060,88813f,21.930852340439618,120.81380208333334,210.2591221184544
1547424060,aa6ba6,34.063201904296875,-116.43215257294324,202.29165276934685
1547424060,a9bb7b,36.093109130859375,-115.94375610351562,214.1385122762325
1547424060,89630f,3.3439178466796875,101.52577545683262,205.12966659371625
1547424060,a448ba,31.020595744504767,-84.06914062499999,212.9636613486825
1547424060,a01567,29.08332436771716,-81.38440300436582,204.2128857068876
1547424060,e485a4,-23.608548439155182,-46.797767495209314,117.02668179748468
1547424060,8001ca,19.92221638307733,71.5356278852983,258.7346476359942
1547424060,7c79d4,-31.047683715820312,150.83178351907168,47.64373621053949
1547424060,a4c135,34.04466247558594,-107.5002117546237,204.83465006032068
1547424060,a84a50,25.980803926112287,-80.28143075796271,153.736147489751
1547424060,3c64c3,32.66606140136719,-116.75555419921876,207.5148747550545
1547424060,a8ae5c,42.2244873046875,-80.40874827991831,231.59638100446213
1547424060,c07ee8,49.839202880859375,-120.75058786492602,226.88088585632767
1547424060,a075a3,30.171762240135063,-82.27023925781248,266.05310906160014
1547424060,a067ec,40.17352294921875,-110.17486572265624,229.5602233972372
1547424060,a4453e,30.857476703191207,-97.75030517578124,261.6826497466415
1547424060,a7d833,33.65684509277344,-117.69922373246172,67.2978487204782
1547424060,424304,56.21001162771451,29.786252975463867,243.0882631599379
1547424060,c81c9e,-42.54277038574219,173.485107421875,119.6709978250218
1547424060,a417f3,35.15675354003906,-96.448974609375,185.8745332830408
1547424060,acddbe,37.19645690917969,-97.5472567943816,282.48269472891945
1547424060,a50321,26.43379211425781,-81.5840062555277,260.7495331454209
1547424060,a1e302,30.13144800218485,-96.16640624999997,173.04905169343365
1547424060,ad3e84,33.7562255859375,-118.07696284080038,57.840071619148056
1547424060,8466a0,33.72010803222656,138.68058807995854,275.1813804058235
1547424060,c023c8,39.19982392909163,-120.052978515625,244.93423859414625
1547424060,ab3282,27.07007973881091,-97.55040682279144,177.65010940564844
1547424060,a39bfa,43.08055813029661,-86.37340000697543,232.17901289460207
1547424060,4cc267,42.0023151979608,-88.27016431231829,110.47976853592844
1547424060,aa7aa6,28.28835180250265,-82.5567626953125,171.14910939120196
1547424060,a91e6e,34.14884948730469,-79.23356659558357,196.5990671955672
1547424060,ab80f4,39.18259960109904,-91.35009765625,272.9177542716212
1547424060,abdc76,31.789266295352224,-96.2270619917889,213.1127346876037
1547424060,c81c9f,-37.00604972192798,174.80794491975203,56.78725460895394
1547424060,71040a,24.141632080078125,46.106516520182296,237.17151685453712
1547424060,ad646e,42.60035705566406,-70.98865855823863,173.0383459097687
1547424060,abd815,35.690716242386124,-119.73426331865024,143.72519494490942
1547424060,a22753,41.97198486328125,-85.57787808504975,267.5306655760043
1547424060,a1dfa2,30.418908070709744,-97.61874389648438,74.99774881306377
1547424060,ab415e,35.318389892578125,-110.44475555419922,197.2414792471937
1547424060,ab7d25,47.63630676269531,-122.34622192382812,55.645626610643895
1547424060,c080a6,29.7938232421875,-80.81120417668268,238.4407705367125
1547424060,ae290c,32.65777587890625,-117.13908691406247,49.78425325199365
1547424060,86d5e5,34.50279235839844,134.20147331393494,172.1489822955425
1547424070,424304,56.20610123973781,29.824705123901367,243.18024175586143
1547424070,a4460e,38.56201171875,-80.279296875,206.6925623018592
1547424070,86789e,35.21795654296875,136.40316710180167,204.40718793006064
1547424070,a91e6e,34.14884948730469,-79.23356659558357,196.1968287271049
1547424070,a2ab73,32.83177185058594,-86.06832275390622,253.99002130064864
1547424070,ab1628,31.113327802237816,-84.25513916015626,208.0797206040262
1547424070,ad59db,23.166732788085938,-109.7224065607244,66.24153222167253
1547424070,a35e5b,31.558364868164062,-83.16822725183823,271.88012538769823
1547424070,7c49f8,-32.10079387082891,115.87325115593111,54.79251248956179
1547424070,a8f0bd,31.838239249536542,-105.55787378427934,206.3305274927733
1547424070,abfe8c,35.5394680217161,-107.81088321766951,171.1212732267754
1547424070,abca08,42.14717102050781,-79.89707253196025,260.8697792168732
1547424070,71bf29,35.36064147949219,131.1484336853027,263.11836730561714
1547424070,e480d2,-30.377655029296875,-52.22943474264707,217.93489724058216
1547424070,a1200d,29.19318764896716,-95.51572911879596,203.320608833196
1547424070,4249db,41.11707784361758,29.07469315962358,158.51638361165547
1547424070,a765ec,40.085200940148304,-76.90460898659444,125.90432290973568
1547424070,a00ac4,45.76039123535156,-122.94116508669968,75.66700059291517
1547424070,a6a88c,30.95503234863281,-106.09023150275736,164.34935954316734
1547424070,344099,39.25456936076536,15.74169921875,241.34662024654423
1547424070,aaed7f,38.241485595703125,-90.35670503656912,76.67804645976172
1547424070,a0fac3,39.056671142578125,-103.212134319803,194.6325975505356
1547424070,acf0db,42.70059876522775,-85.97434110419692,218.4740158979209
1547424070,e8096a,-36.4464111328125,-71.92829132080078,214.2423022691201
1547424070,a8ec40,32.57341003417969,-116.97753295898436,59.471150449386
1547424070,aab04c,28.71705136056673,-96.09628116383271,201.78078136786945
1547424070,ac878c,41.51900986493644,-82.89293156113735,252.4887797839663
1547424070,485123,51.711622335143005,8.2940673828125,198.547394141358
1547424070,a94b48,32.228485107421875,-97.00839843749998,253.6683666682289
1547424070,c03472,43.85798050185381,-77.86703927176342,235.90160435856149
1547424070,06a046,2.655712063029661,101.7566496750404,71.4855063351098
1547424070,ac8985,43.28808800648834,-79.62557111467635,237.6781387653619
1547424070,c023c5,49.46548461914063,-109.66545506527552,266.7519879786054
1547424070,aaa4dc,39.84410690048993,-76.88531494140625,172.48916841384056
1547424070,ac701e,36.05652372715837,-114.50430362782578,239.29831450314003
1547424070,4845eb,48.525168208752646,0.6473982961554275,207.52507724772
1547424070,4caafa,44.457526772709215,-66.88778016625378,258.83486975798434
1547424070,7c7611,-34.26676940917969,150.66409364038586,74.17454756928622
1547424070,a1ac3f,42.152252197265625,-77.90704900568181,179.72953556511726
1547424070,7c39f9,-38.86776681673729,145.819580078125,177.8816132698941
1547424070,a3a44a,40.62144470214844,-79.31341552734375,217.190433991004
1547424070,aa7e2e,38.21566306938559,-102.46034705120582,267.0281532066737
1547424070,c050b9,36.51133909063824,-91.62042496052192,273.6493937857153
1547424070,aaf53a,43.12998962402344,-88.02495202352833,220.6527019478612
1547424070,a152a6,48.2149658203125,-122.7296095628005,34.71258302771788
1547424070,ac79a3,38.35187491724047,-87.79479317043138,225.2095759748433
1547424070,7c7538,-31.22859114307471,117.27410888671876,131.40998459448963
1547424070,a11e8b,43.895050048828125,-122.73842745049056,226.03067666040184
1547424070,7c16f1,-18.94198608398437,146.6613006591797,72.41792940259323
1547424070,781348,54.62220790022511,89.23295454545453,250.55060093932963
1547424070,7503c8,2.803794731528072,101.69092112574084,91.77311844774626
1547424070,aa568e,39.72679526118909,-110.51568603515624,242.2616154085188
1547424070,aa5977,41.00088345802436,-79.79101701216263,219.5109098294716
1547424070,4cc50d,43.93325547040519,-68.12844412667414,248.6260537178184
1547424070,7502ad,1.9720916748046875,102.45193222821769,148.4329187733368
1547424070,a74992,37.97168279098252,-78.21435679560119,213.6634016875649
1547424070,a7d725,41.06890869140625,-94.70623779296876,237.60408003081832
1547424070,ad4afe,37.05674510891154,-112.64736009680706,200.7630480430236
1547424070,0c20b6,-9.155475163863912,-62.78705465382541,222.5712105693493
1547424070,71c030,35.96756240068856,129.42467222822475,176.1841145470621
1547424070,ac91d4,40.36518859863281,-92.53961181640624,256.0076177428803
1547424070,ac6d89,36.759183204780186,-121.24500031166886,76.82459425445693
1547424070,a1373d,37.19984668796345,-78.06090645168138,261.67455882518897
1547424070,a4ea67,42.17985534667969,-88.54069102894175,56.08383454509293
1547424070,8466a0,33.73072737354343,138.7020492553711,275.62390533748845
1547424070,a120ce,37.69999694824219,-122.00890074384972,57.14034901582972
1547424070,a90383,42.961105088056144,-83.76780918666293,249.90808447639097
1547424070,c07faf,38.08470153808594,-93.81950216090422,211.77354540495972
1547424070,a1a51a,40.996856689453125,-73.89373779296875,41.78096147506728
1547424070,71bc23,34.10435485839844,-119.6351716956314,221.1947682615024
1547424070,7c6c25,-28.04511635990468,152.84206614774817,205.4693457730468
1547424070,ac0b7f,35.4730224609375,-115.12590408325195,211.0863471345204
1547424070,a7e9e4,34.629730224609375,-113.0921967175542,200.21986001829703
1547424070,42441c,55.7762844279661,42.85895347595215,245.4825213877688
1547424070,405f32,52.8944091796875,0.4266357421875,300.54274625103966
1547424070,a28036,43.10686014466366,-80.40206909179688,231.1508583074418
1547424070,7c7afc,-31.09628968319652,150.869091796875,55.68603824646275
1547424070,a0cf55,33.88816704184322,-113.9439582824707,278.2728362047198
1547424070,758560,15.858019812632415,121.25159127371651,237.58235918256892
1547424070,a81006,34.60474563857256,-84.58362579345703,225.6603782899097
1547424070,ab63d7,41.974849377648304,-84.45452313090476,171.2410911792751
1547424070,a3a8ef,34.42947646318856,-117.05263137817384,161.98533751027546
1547424070,abb271,39.59817142809852,-103.81121826171876,213.57296162400303
1547424070,a7e930,37.70782470703125,-122.22355718198028,74.10315379214886
1547424070,a0339f,40.60661315917969,-74.21929931640625,79.83335527743496
1547424070,a3e8dc,43.30833435058594,-86.40012519304139,234.235341391304
1547424070,aa6f80,33.713104248046875,-101.13621303013394,224.92501247808545
1547424070,a9768a,38.43827819824219,-84.75378948709238,213.3677808775352
1547424070,e484f9,-26.823445982852263,-47.94539231520429,208.5554960816724
1547424070,42496d,55.07218183097193,80.02732710404828,228.78013564168268
1547424070,424318,52.63407897949219,25.662765502929688,242.29875500944345
1547424070,c03003,38.04583740234375,-121.85263775764628,191.0548330217105
1547424070,aa44cf,43.89427185058594,-60.60090530750364,274.14845774723403
1547424070,800d32,14.93465617551642,76.79953438895089,227.49944496436564
1547424070,abb810,41.4569091796875,-84.06993777252904,231.3722970965683
1547424070,ab5c31,37.64721369339248,-122.0879596212636,93.49444736310784
1547424070,780231,52.60487365722656,-109.88487243652344,281.86508352177964
1547424070,758336,16.128662109375,119.92940802323191,244.2850754359156
1547424070,c07d20,45.20622253417969,-74.41563197544644,178.99694381111848
1547424070,76cda2,40.658957271252646,65.2595381303267,195.52188528670152
1547424070,407408,51.54324289095604,5.313720703125,197.4024259390289
1547424070,a34b0a,32.89613342285156,-96.88463745117184,136.1188104775066
1547424070,a81032,34.26212116823358,-82.07605361938477,188.8352878688895
1547424070,a3059c,32.624267578125,-111.26304931640624,49.55780865193779
1547424070,345318,44.93007853879767,-68.22583454411205,227.178144212447
1547424070,e03086,-34.48384094238281,-59.099046356823976,118.12176455115736
1547424070,75816e,14.23809814453125,121.10082692113416,132.98253017406705
1547424070,a0628f,40.12486344676907,-93.12361283735794,245.6490300597569
1547424070,ad071d,39.26448498742055,-85.0233154296875,192.56567315791645
1547424070,a240dc,35.1970763125662,-89.90249633789062,270.1590310597188
1547424070,aa7030,31.58775329589844,-95.60528923483456,199.7560283263615
1547424070,a27f07,40.24223327636719,-101.529541015625,224.0408049766
1547424070,c04893,49.165283203125,-123.85676457331732,53.65283447416616
1547424070,a52cc8,33.80964660644531,-77.74273307955997,212.2516394455052
1547424070,adcca6,38.94555560613082,-103.4776611328125,225.2501146329988
1547424070,a0a8dd,31.78386623576536,-96.74381178252548,244.97961559391345
1547424070,a36c7d,32.0863037109375,-96.71726074218748,196.2999935171439
1547424070,4cc268,38.77299499511719,-77.46233069378394,77.1666
1547424070,a23a28,41.80577087402344,-96.43767616965556,220.26675472335177
1547424070,4ba95a,37.714714438228285,-122.47743689495584,135.42781048128165
1547424070,a033ae,42.97614146087129,-84.07182965959822,237.12910999552048
1547424070,aa6ba6,34.064666748046875,-116.45434943997132,201.77881398090463
1547424070,7c1472,-34.13712840969282,151.87265396118164,193.945388
1547424070,76cccb,46.000919665320446,24.87586212158203,261.9646643070041
1547424070,a83e86,41.6999118610964,-71.51320346566132,165.65496208228325
1547424070,a202fd,37.19007071802172,-106.90998906674592,261.0036589834558
1547424070,adc928,28.300277709960938,-82.93726994441107,97.09236143911797
1547424070,c88092,-27.45497364108849,153.6667222243089,156.28009431727307
1547424070,800588,28.13447570800781,76.81635343111479,184.31531336012927
1547424070,a075a3,30.15618896484375,-82.2491455078125,266.05310906160014
1547424070,342250,40.9630364886785,-12.328033447265623,261.99800079199906
1547424070,e490f0,-30.74281854144597,-62.247326660156254,197.6730569116204
1547424070,abde0b,34.388671875,-86.34581273915813,284.8686908372743
1547424070,7c7a47,-29.865692138671875,152.9093522291917,223.0795517855593
1547424070,a635e8,49.06596555548199,0.4578841359991776,275.0356383733321
1547424070,89402d,25.04682637877384,56.72474411298644,277.4584930644514
1547424070,7c7a3d,-34.95630813857258,147.3659706115723,231.7905640621944
1547424070,c0171a,50.43539273536811,-123.55328534100508,198.7778597580848
1547424070,a968df,41.68948415982521,-99.66087873591933,229.6345713418344
1547424070,c04811,33.82136458057468,-77.52765655517578,220.47091674473404
1547424070,a1600b,44.60965948589777,-122.70763862423776,225.3769711174424
1547424070,a5aa32,31.995391845703125,-87.23128051757813,135.19603980386668
1547424070,341119,40.3363037109375,-3.4462890625,110.01045440211644
1547424070,0100df,24.65034484863281,54.22398885091146,127.90116618762484
1547424070,a1f71d,39.14840698242188,-121.96436342985734,33.926011909926345
1547424070,c030a6,43.267837783037606,-80.50925118582592,234.5198927208207
1547424070,a2e189,29.64227708719544,-95.85991354549634,94.69263819197782
1547424070,a73348,31.54002561407574,-85.61085205078126,256.399632776451
1547424070,aaf83c,33.87601690777277,-118.61675262451172,132.69265019743213
1547424070,a8264f,23.051457809189618,-79.34621175130206,244.2715328584208
1547424070,4005b9,44.40289306640625,15.950055803571429,274.621077963328
1547424070,a988f0,42.39289855957031,-83.01481767134231,253.54574908737885
1547424070,780b2c,27.48426818847656,120.04335799307194,278.8481050738959
1547424070,c0271f,41.06584167480469,-78.00927734375,229.0316012210998
1547424070,7c77ff,-35.065333479541835,147.26068496704102,232.83351251960755
1547424070,42442a,48.72250314486229,22.08953054327713,227.84700948513185
1547424070,aaafcf,26.06627383474576,-80.22554837740381,85.40390189557009
1547424070,424433,55.4723448672537,33.99221420288086,236.52174825879507
1547424070,3c65ab,52.4783935546875,36.6595458984375,260.1545902090461
1547424070,ab09d2,39.65110132249735,-75.78973388671875,224.1098986037248
1547424070,a1cd4e,45.3374571719412,-122.06520638814786,220.8756791838573
1547424070,aa8859,33.808685302734375,-110.86079500159435,222.84215349253748
1547424070,a2d59e,39.546478271484375,-85.680163839589,186.31468568157328
1547424070,471ee0,50.947174072265625,26.700117781355576,244.07480996740773
1547424070,a0996b,26.412826538085938,-97.66674689526826,214.42011108747283
1547424070,a1512f,33.46733093261719,-114.10614624023438,202.3989026930045
1547424070,acf486,30.843511031845868,-91.18179931640624,211.1032722806113
1547424070,a24ef7,35.57304382324219,-113.87981414794922,239.8219631653128
1547424070,7c530b,-35.23590087890625,149.18206397523272,104.92261631397776
1547424070,c078e2,32.83515930175781,-81.09508666992184,226.9304559560672
1547424070,ab19fb,40.58810476529396,-99.38182484019887,221.47456498816152
1547424070,ad0074,43.10858257746292,-92.74200439453124,237.26801999410395
1547424070,ab79e3,33.52720642089844,-113.31238403320312,204.3456788819064
1547424070,a9d4b5,41.20930480957031,-76.294189453125,211.23298668014203
1547424070,a445cd,29.56095032772776,-96.4885577033548,231.88588266070863
1547424070,a7d9db,41.37646691273834,-97.46065313165838,227.5151491221653
1547424070,a8aed1,30.426915055614405,-82.80098876953122,221.7683296375528
1547424070,45ce55,50.98576354980469,5.7802932326858105,201.85683895872265
1547424070,780aaa,58.6845703125,64.11089497227823,232.18300238629828
1547424070,471f58,40.498626708984375,7.54412841796875,224.09041281458323
1547424070,ac06be,38.97312927246094,-75.76028575067932,246.0365742369969
1547424070,a7de53,42.180084228515625,-71.16824756969106,190.98625241275667
1547424070,acb132,36.60937810348252,-97.09225918384304,206.3234727231141
1547424070,adda1e,40.76258255263506,-94.19490467418323,216.65422902909165
1547424070,a15c54,32.728912353515625,-117.17061767578124,67.55689890344523
1547424070,a4177f,38.6852354922537,-90.73175048828124,142.7385114607651
1547424070,30019c,36.727935791015625,22.140026092529297,215.097273990594
1547424070,aab9ae,37.39108328091896,-78.54609613833219,210.2421290156577
1547424070,a98ef6,38.770751953125,-95.03490282141644,151.16339719730888
1547424070,aa9470,42.68523652674788,-72.75804386582485,250.55324163579465
1547424070,aa6c32,38.996978759765625,-103.74670277471124,211.3469693189751
1547424070,a17140,35.91444629733845,-114.52282844705783,200.0261211077434
1547424070,846a34,37.71201440843485,138.3171545940897,247.21804333752573
1547424070,ac390f,41.675239175052965,-94.48523233103197,232.79372600690664
1547424070,800c2b,13.166509078720868,80.10478772615132,149.70673965584234
1547424070,abbbae,32.25888527045816,-109.80459407884246,268.0430969078552
1547424070,e80458,-34.210052490234375,-71.19263940927931,217.14290619803364
1547424070,ab1b3e,38.62188720703125,-77.58718075959581,92.42255275631342
1547424070,4851b0,53.630126953125,57.20777239118304,268.72941457851465
1547424070,899019,44.960523702330505,-75.32199766577742,260.9017340384991
1547424070,4bb84b,45.492755437301376,5.187020650724086,88.69497957081674
1547424070,a8955e,34.97080993652344,-85.74532022281568,263.45610977988923
1547424070,7c6d96,-35.08891296386719,138.7770547672194,187.37982723560185
1547424070,8a064e,-2.80938720703125,103.78770214016154,244.9666515945432
1547424070,8681b6,33.0421142578125,134.20074462890625,162.0457770596751
1547424070,ad694c,36.12510681152344,-114.7130012512207,122.54678061998332
1547424070,a11f5d,30.20304534394862,-95.5898986816406,155.25047147529995
1547424070,a28a2c,47.28236389160156,-122.46199035644533,117.6593148776374
1547424070,a36105,40.89939957958157,-75.17594770951706,143.90461745417946
1547424070,4951d1,42.852447509765625,-5.019857717114803,218.10302201834293
1547424070,a0f230,41.65887451171875,-80.80200888893819,246.2903000591568
1547424070,a9da27,40.08988952636719,-105.16754150390624,50.11540133033597
1547424070,01015c,25.323211669921875,55.24449666341146,92.81687553260493
1547424070,7813f2,36.275086483712926,114.62550386469417,190.69503010417463
1547424070,a887e0,31.619304075079448,-83.97833862304685,216.6322401249205
1547424070,76cee2,-36.76248841366527,143.87140152302194,192.49350626112616
1547424070,a21f2f,37.09236145019531,-103.18230811585772,163.05196874765423
1547424070,a8b2f3,33.9473876953125,-115.73687495017538,191.34689083036875
1547424070,758229,13.621994018554688,121.3599053744612,159.95320649831834
1547424070,aca788,37.88790893554688,-113.81888531624004,239.8727205380912
1547424070,c01f1e,45.1307373046875,-71.8243626185826,234.8593216470769
1547424070,424426,51.76290893554688,79.01070259712839,214.921872499941
1547424070,4cc50c,45.09170790850106,-80.90365526152817,219.7296257643442
1547424070,a7824e,43.7530517578125,-93.26738630022322,201.14957756065067
1547424070,abe3e6,29.70274844412076,-83.38299919577207,203.9100534817443
1547424070,ad6ec5,26.16741943359375,-97.2784423828125,224.10458446562308
1547424070,a14c70,40.24706307104079,-85.93949057839131,233.30645124447057
1547424070,a43aa2,32.5993217856197,-111.33051658163264,91.59415016042892
1547424070,896212,25.263934377896582,55.3543421907245,69.96627531267183
1547424070,e8040e,30.922760009765625,-115.41310029871325,242.6720195602602
1547424070,a7cfb7,35.946055266816735,-78.86816146525932,119.57365215243868
1547424070,aa7e99,35.569587319584215,-90.32433043134972,222.5997464070976
1547424070,e48ec6,-16.068145751953125,-48.30876400596219,147.4095273984705
1547424070,c03f02,35.190605551509535,-112.39276885986328,207.8869413407716
1547424070,ad734a,40.40585275423729,-73.93143393776631,92.15586182644184
1547424070,abc651,47.63836669921875,-61.881385803222656,230.0922319321344
1547424070,a9db1d,33.97708181607521,-118.45012664794922,53.79077239028911
1547424070,a097f4,37.74508666992188,-101.26203821060506,207.7958975871635
1547424070,49d307,41.96041818392479,-79.40125931140989,192.7524941314288
1547424070,a05ab3,40.75988252284163,-74.5743214000355,119.25894910822323
1547424070,a014c9,41.59254455566406,-81.340463811701,224.4680173166265
1547424070,841442,34.31831359863281,133.06640625,163.8494044913956
1547424070,ac267c,31.85957336425781,-93.02107543945311,256.399632776451
1547424070,aaa201,36.61711120605469,-79.40116882324219,210.51762554379627
1547424070,acf975,26.89066741426112,-81.4811060978816,211.0048366858152
1547424070,a7a257,41.954498291015625,-71.88454367897725,177.4951087353637
1547424070,800b09,27.676666259765625,76.42960458431604,208.0294752407645
1547424070,a6ec95,35.990419549457094,-112.83034953665224,255.7117890096562
1547424070,406b9d,27.960250854492188,-83.99343637319708,249.88690358138723
1547424070,4cafbd,50.4539794921875,-67.08280864514808,243.4190060053444
1547424070,a19b72,28.28807248907574,-81.36673871208639,112.25964944804544
1547424070,a75ed1,45.537139892578125,-123.073490687779,54.618352553157365
1547424070,a32bbd,33.70733642578125,-112.0429463289222,68.95276994021518
1547424070,406fd8,47.35121387546345,8.231858473557692,182.2105165052533
1547424070,aca9c4,32.81675720214844,-97.1621520996094,128.71384767737155
1547424070,a3fb6f,34.99635314941406,-106.0781548947704,278.2500099608628
1547424070,a69d31,40.444351454912606,-112.36086065118964,161.08752368443933
1547424070,3991e2,42.30797719147245,25.96254570539608,224.30289356559643
1547424070,424315,51.552337646484375,40.260438661317565,221.9931667223443
1547424070,40073c,40.8623439982786,-72.64765652743256,152.9846090461816
1547424070,7c7f27,-37.93537902832031,144.7669625789561,52.45563253957569
1547424070,7c7aa6,-28.494066141419523,154.41779641544116,197.1448481625264
1547424070,a89076,43.28590393066406,-79.32665447856101,148.0785746885923
1547424070,406f72,43.59658968650688,-72.28833879743303,234.4335475769785
1547424070,44ccca,46.9249815860037,-56.5778292142428,262.4622503100388
1547424070,4242fd,44.31372691009004,68.22998791206174,210.3874700888028
1547424070,44083f,56.416703563625525,-3.665227890014648,176.60046553704998
1547424070,a939c8,37.88905334472656,-121.8731494660073,75.79804697954575
1547424070,a1555d,61.41448974609375,-150.25716509137834,64.02709758623016
1547424070,a70f11,43.05956307104079,-84.95348249162947,239.95490263815492
1547424070,a95c89,39.826603259070446,-75.446044921875,73.86706475078668
1547424070,abdcfd,30.007293183924787,-95.1955993652344,83.339928
1547424070,7c6d34,-33.11586541644601,149.4613149214764,218.8322873321337
1547424070,ac8d3c,39.44732666015625,-105.92587678328805,228.4224050731904
1547424070,a2d905,30.800765991210938,-101.54076071346508,65.3404638277228
1547424070,a0e607,36.82960510253906,-86.80526733398438,183.71413974184173
1547424070,7c6d9c,-34.041961669921875,151.21228899274553,80.01712977036385
1547424070,ac8e1a,41.94682493048199,-87.16942365779431,192.93364737126183
1547424070,7c6c90,-37.65820002151747,144.79150523310122,91.52622394724808
1547424070,47c5c8,47.155089297537074,-68.77589299128607,258.2616480587089
1547424070,ac754b,29.555364059189618,-97.71994198069854,213.76742235990164
1547424070,a6ca7f,34.372682733050844,-118.6164665222168,253.658455108781
1547424070,abef16,39.41546630859375,-111.89521457837976,242.5782117694084
1547424070,a742c2,33.04128873146186,-108.056086326132,261.4797955371312
1547424070,896485,25.352691650390625,56.0375467936198,192.29542375082943
1547424070,4b1900,40.55946350097656,-8.28955078125,252.6553847691782
1547424070,50011f,49.82918949450477,-63.14971099028713,233.7003075940168
1547424070,344211,39.228057861328125,-9.712033479110062,246.86290984778896
1547424070,a66a13,37.27519226074219,-121.50516591173536,230.79278888877147
1547424070,ac2eaa,35.446316993842686,-112.46569694356714,261.175472133256
1547424070,c00b7d,40.99585581634004,-77.43195273659444,235.1149788043137
1547424070,c05f0a,50.16208454713983,-116.76150760135135,230.19572686901816
1547424070,ab3c61,39.114532470703125,-107.75844408118206,223.45708793771945
1547424070,e48395,-22.61581420898437,-47.010947487571,223.4286615978513
1547424070,4ba94b,34.6201171875,-91.40008420360329,224.2202860889716
1547424070,a4dd02,47.28268898139565,-122.30783315805292,101.9430205600778
1547424070,a44240,43.16349792480469,-93.06844312091204,233.7546586101229
1547424070,a22539,38.685150146484375,-76.76434060801631,257.2348607784886
1547424070,ab5ade,39.12454896054025,-85.7587890625,226.5809014801912
1547424070,a34358,46.18037854210805,-116.99951934814452,239.6900541075936
1547424070,3c650c,44.91848703158104,-67.12927841558684,227.41508927041247
1547424070,780f0d,26.51685294458421,119.72356356107272,183.18830032085785
1547424070,a3e6b1,26.151976504568324,-79.14809593787561,156.9964754678368
1547424070,4005c0,41.82994079589844,2.1900246360085225,271.6342264942266
1547424070,a67883,33.98038702496027,-80.90383529663086,210.8994534443196
1547424070,ade9c0,32.93504333496094,-80.90156250000001,227.552369463264
1547424070,42425d,55.232025146484375,59.186257755055145,235.26351513195743
1547424070,e48007,-20.341049194335938,-44.8632594517299,210.07527190584665
1547424070,800af1,12.279456187102754,82.67684133429276,232.4882801483393
1547424070,a1775f,37.55479431152344,-124.5560926072141,242.74126134910725
1547424070,a64db9,38.32049560546875,-97.69282564203786,249.56897444196048
1547424070,abbd73,31.55731201171875,-102.29122386259188,199.43714031771444
1547424070,a9db95,33.079742431640625,-117.16946411132812,44.41234113341255
1547424070,0d0b0f,25.256011962890625,-98.24569702148438,245.8509522154132
1547424070,a28b5b,43.64108276367188,-79.71213407294692,65.13966228756094
1547424070,aced24,38.99829929157839,-78.816162109375,209.98517695387207
1547424070,7c7ab0,-26.56585693359375,154.4905752505896,227.6296985193736
1547424070,a5f7e5,41.7200689800715,-77.30631983557413,250.7496314498657
1547424070,040077,25.253219604492188,55.25797526041667,109.19066325733532
1547424070,4248f8,42.3134765625,-76.94755554199219,240.05138931109155
1547424070,acd964,42.11431988215042,-79.40943518350286,223.21416301762733
1547424070,738063,34.98130669028072,34.0110969543457,235.1571861656328
1547424070,7c1471,-33.92633987685383,151.17050170898438,80.97878021266934
1547424070,aa28f2,32.616302490234375,-95.227294921875,284.32049797647585
1547424070,71c090,22.64622057898569,121.46260579427084,220.446907497243
1547424070,800b9c,25.11341857910156,51.63157145182292,137.8911459821693
1547424070,a3f48a,44.93529238943326,-75.03260170541154,178.72616773001354
1547424070,ab1db2,38.981689453125,-87.99212911854619,219.387899387862
1547424070,a9e6df,37.41444396972656,-78.72060572847403,208.34982
1547424070,c07563,45.22970581054688,-72.29782104492188,225.3270592640749
1547424070,ab2496,46.75982666015625,-121.7248981754954,218.12668260914364
1547424070,a2a213,38.8235887430482,-77.2808837890625,204.33726041407243
1547424070,7c16a8,-34.51103210449219,138.36478719905932,51.999576074065374
1547424070,aa73e9,38.90882589049259,-121.32086181640624,129.9874882717099
1547424070,a2a7c4,34.94834770590572,-103.49807739257812,284.26417748542593
1547424070,a1d4c3,30.527755737304688,-82.31064740349268,224.98207160414603
1547424070,a77b76,41.27889342227225,-83.87680747292256,226.44011047505325
1547424070,a445d9,42.188617253707626,-87.65965661337208,239.2916786946301
1547424070,c060b7,44.273878194518005,-77.59837825123856,183.34570528811537
1547424070,7c5e4f,-27.959381103515625,153.42401944673978,2.57222
1547424070,a18858,36.21279958951271,-115.19690980302524,32.747098394500114
1547424070,8a063c,-2.398836814751064,103.675563417632,237.6558678884264
1547424070,ac79c7,28.243148803710938,-99.13307189941406,224.1187552205501
1547424070,a612a6,40.64610885361493,-101.48395885120738,227.23114354564763
1547424070,a2af91,42.80401611328125,-84.03192693536931,229.9656748671445
1547424070,4249aa,55.715240478515625,32.604092684659086,206.29460978953009
1547424070,a9e976,40.15493774414063,-105.1715087890625,49.47229036793959
1547424070,71c251,61.07830500198622,-146.44439697265625,237.9035139752389
1547424070,abf29f,38.522535421080505,-104.14056396484376,216.0775035187949
1547424070,c05029,48.78282165527344,-123.00285926231972,47.64651354221637
1547424070,a8fc06,37.72590637207031,-103.84213062042886,279.59688277471435
1547424070,861b64,33.904998779296875,135.9894982162787,197.17370823737733
1547424070,c81e2c,-38.14910888671875,174.7553139544548,203.27374396857965
1547424070,c0054d,45.60411071777344,-68.86438137147485,219.14710584170024
1547424070,86dd08,22.18875173795021,121.45390828450522,270.83510111614413
1547424070,4243e3,57.10576978780456,37.72341820501512,176.68436694389806
1547424070,acf50b,32.59964765128443,-98.71496083785075,187.1473455324928
1547424070,a87b8a,40.768890380859375,-79.31781005859375,208.52757666599032
1547424070,a87065,34.41339111328125,-82.16136698820151,220.3262214232379
1547424070,a81005,47.44894409179688,-121.76490783691406,184.22698625787405
1547424070,a3a538,35.455810546875,-89.97344970703125,192.6247611416227
1547424070,ad20da,33.147857666015625,-119.67412719726562,232.5161680080772
1547424070,42429a,54.803466796875,29.399494844324447,248.0591143052293
1547424070,add2f9,37.23678588867188,-80.02102466339761,204.593544459903
1547424070,aa73a0,41.179229736328125,-89.828857421875,186.34593318960685
1547424070,ad2fd0,24.44080934686176,-79.71736692032721,244.5297958717924
1547424070,ac769b,32.34407043457031,-104.77853393554688,261.86008143902
1547424070,780c4d,55.444427490234375,14.209067604758522,246.1527185106244
1547424070,841e00,40.7503858663268,140.26232632723722,222.12188329677903
1547424070,e48014,-27.210708618164062,-47.88432571123229,242.21736815799363
1547424070,a08663,34.60400080276748,-112.85402297973631,264.21094600186933
1547424070,a4dad4,39.98799986758475,-91.71567743474787,262.1489720657245
1547424070,780ae7,26.946441650390625,120.06020024137678,234.0533635949693
1547424070,7813f9,-26.276038218352767,157.55281888521634,233.1788012464532
1547424070,a34f72,42.606719970703125,-87.92046286843038,59.32411535160494
1547424070,aa4dd2,36.48340774794756,-81.26516788563828,189.6847882380836
1547424070,c06363,44.06748962402344,-77.20450467841567,181.88342047036613
1547424070,3c6307,49.69358282574152,4.486356168179899,226.29572340757508
1547424070,adcde9,35.061516196040785,-83.7890625,78.62246154076806
1547424070,a3e525,38.78324890136719,-76.15662947944975,262.284216947426
1547424070,a047d8,34.105891858117054,-111.77021026611328,56.70330494224533
1547424070,a90938,36.509124755859375,-77.20670700073242,243.7498429451263
1547424070,ab390d,33.869872012380824,-111.76448822021484,71.07523749484041
1547424070,aac337,33.34387827727754,-96.40519745495855,171.75420025910353
1547424070,aae73b,37.6755174539857,-105.59371948242188,206.5644809377468
1547424070,a745db,34.51322393902277,-78.63138198852539,60.87418264882307
1547424070,acb664,33.50665283203125,-117.97289428710936,143.03856160446745
1547424070,aa2f21,48.21699239439883,-122.63112921463818,61.07167512369092
1547424080,a0f355,40.34962463378906,-105.38671875,160.6910940890666
1547424080,a7b779,34.9705810546875,-118.76702756297831,251.33156223365503
1547424080,a24b39,30.63658633474576,-98.38059082031248,236.83931281091412
1547424080,a9d7c1,33.92005920410156,-111.68219118702169,190.42837996696773
1547424080,06a2c7,25.45005798339844,52.00714111328125,184.4322995507886
1547424080,4b8c6a,23.672045691538663,56.9129108932783,219.0716148207051
1547424080,adc9b6,43.302520751953125,-77.63386571130087,221.74028356764788
1547424080,a92fdc,34.278507555945446,-109.91518020629884,237.682592690335
1547424080,8003b2,26.451633259401483,50.27459951547476,195.5766972034912
1547424080,ac407d,41.43122863769531,-81.46743080832744,237.4999132750223
1547424080,7c6b17,-39.06770867816476,174.8076171875,225.8555637026625
1547424080,ab30e6,32.29617361295021,-115.32068369339922,259.7988041140117
1547424080,a01880,36.02184230998411,-111.51637300531914,271.01825903897696
1547424080,aac1d4,39.15932348219015,-120.8311767578125,96.89727201453027
1547424080,ac4e53,32.801637811175844,-117.26324587452169,50.46011241483173
1547424080,a03574,39.49072886321504,-75.24566650390625,187.6881798456589
1547424080,ac2a33,36.478752524165785,-103.6006067154255,260.47991955136143
1547424080,ad1d0e,31.200439453125,-92.99032772288604,217.2927662369263
1547424080,aac7ab,32.743400961665785,-85.23193359375,286.83886174809953
1547424080,868043,34.008270263671875,136.68247767857144,206.74313257907667
1547424080,e4925c,-20.83213806152344,-45.41924612862721,210.33211390323373
1547424080,406c3b,45.65661931442002,23.26416778564453,265.2680989071724
1547424080,abd994,35.73033219676907,-115.31483751662232,201.4164877070828
1547424080,a85bbe,36.08231366690943,-115.80741070686504,152.9984478583989
1547424080,abef16,39.42082214355469,-111.86571867569631,241.9599182696629
1547424080,7c7ca4,-38.16915893554688,145.1125059736536,46.86243182518944
1547424080,010154,26.031280517578125,52.30243610885909,222.02594885737352
1547424080,4ba994,51.98516328456038,38.86562674386161,149.36427729181608
1547424080,71c074,33.038726806640625,130.2628601074219,192.278907663872
1547424080,4ba919,33.057256149033364,32.35428790656888,246.32199741060177
1547424080,49d403,46.25331115722656,20.855199302115093,252.8244969382366
1547424080,8990dc,47.51302945411811,17.79918964092548,281.9195364172543
1547424080,471f8a,42.75343555515095,23.407138558321225,130.587736066628
1547424080,ade2b8,40.6842041015625,-75.2418212890625,179.80903325027762
1547424080,a958d2,28.344167935646187,-81.18729535271143,114.206568
1547424080,aaa038,38.986521575410485,-76.4208984375,224.7272523635645
1547424080,888142,26.747039794921875,122.9680014556309,204.2867423218057
1547424080,06a0e5,25.846755981445312,52.58165467460201,231.0105612350412
1547424080,a1a9bc,41.51440119339248,-91.75634339798324,227.616909060333
1547424080,7c0adc,-33.85414123535156,150.69251235650512,49.09909162907013
1547424080,a278f3,40.91341180316472,-73.1634521484375,221.9424938986178
1547424080,a61f5b,29.238669185315143,-81.01447610294116,242.3135000368592
1547424080,ac0b61,35.2943115234375,-115.8112335205078,207.1830202440713
1547424080,ab3d9a,44.72676086425781,-93.32774571010044,135.89113970599237
1547424080,a9b276,39.79618835449219,-87.10301274838656,197.67573457382488
1547424080,aa6b9f,37.791778564453125,-78.98842669547872,285.34998825259584
1547424080,c07877,45.33215021682998,-74.93084419064405,201.75782732624813
1547424080,300189,41.491031970007946,15.93803228333939,211.266812121039
1547424080,aa56d5,35.94377420716366,-78.74625997340422,109.33599250966316
1547424080,ab35cb,30.482498427568853,-90.20758666992184,204.721566170336
1547424080,73806c,32.34649658203125,34.62984008789063,151.9840324626874
1547424080,a4d99a,38.98209911281779,-76.4263916015625,260.0594562118214
1547424080,c03b08,38.3507080078125,-78.06008196891622,220.90982516581508
1547424080,a1589d,33.788726806640625,-118.03800621811224,198.9222640895868
1547424080,896471,45.3918301857124,24.458179008669973,265.8675260551314
1547424080,0ac345,4.698451995849609,-74.13674306061307,68.11867986566892
1547424080,a32a88,35.28131103515625,-120.3076171875,241.344975391124
1547424080,a689e0,33.83226013183594,-117.43527159398914,53.12988746802101
1547424080,addb4a,33.901885986328125,-88.0049724968112,184.1680779887485
1547424080,a4d9d8,33.9385986328125,-118.6248779296875,150.1224809504067
1547424080,a0abee,31.50366831634004,-96.71292114257812,212.20175832677225
1547424080,77058d,8.407150268554688,78.44899323027012,235.81800969646488
1547424080,ac9c6d,36.18612515724311,-115.27457379280251,36.38395870350383
1547424080,70203e,24.269805908203125,55.03489176432292,160.40839088946564
1547424080,4bb84a,51.83583068847656,7.924483015730575,261.42918393176063
1547424080,a445d9,42.191643149165785,-87.68654756767802,239.2916786946301
1547424080,a4204e,40.591644287109375,-74.55230712890625,119.52162823314868
1547424080,a32080,38.18756103515625,-120.93948688912896,193.339252725428
1547424080,ab618b,41.980389093948624,-82.59572583575579,253.95094402880008
1547424080,c0054d,45.605411852820446,-68.89210510253906,219.6603591597449
1547424080,ad7a22,40.1076856710143,-111.7778986150568,31.31776881545069
1547424080,841e00,40.7503858663268,140.26232632723722,222.12188329677903
1547424080,ab5ed8,39.18343754137977,-76.8656005859375,93.28616055583996
1547424080,c07a63,45.307891845703125,-75.68337576729911,63.80142701179039
1547424080,a29611,34.02042194948358,-79.00766372680664,216.2066817461073
1547424080,a6c826,29.917587021649894,-93.28947143554689,264.4067003031407
1547424080,aba7a7,29.78956836765095,-95.71396771599268,81.906529019172
1547424080,a356db,39.2464599609375,-84.58493440047556,260.6688306405703
1547424080,42454c,58.85517883300781,62.759857177734375,221.72596080198105
1547424080,aa3bdd,31.042521848516948,-98.54005737304686,74.54291784830707
1547424080,47902f,47.52593994140625,-62.20225524902344,243.4581431661872
1547424080,7c12c4,-33.03295588089247,151.64613684829402,81.46428253053197
1547424080,e072d4,-23.34389896716101,-44.007110595703125,157.17842815480904
1547424080,0ca2fc,9.403738248146189,-60.48025723161368,148.6805461601208
1547424080,a14700,37.67803127482786,-105.18465788468068,203.04968476355955
1547424080,0d0a0d,32.526514085672666,-117.03359798509246,87.10525945486866
1547424080,8a063c,-2.382915949417395,103.6622093463766,237.6558678884264
1547424080,86754e,34.05300851595604,130.66509246826172,141.56560437240256
1547424080,ac3477,38.36728370795816,-85.44771940811819,230.5174139649145
1547424080,a84dce,34.21302795410156,-83.40029969507333,236.8342842982913
1547424080,a178ae,38.49334716796875,-91.0888671875,186.3679453334415
1547424080,abbb24,39.55064392089844,-91.221751337466,208.46855286992528
1547424080,a5f7e5,41.71234130859375,-77.27751266124636,249.29682349613915
1547424080,344211,39.21811895855402,-9.73785400390625,246.86290984778896
1547424080,a2cf7a,26.707856776350635,-79.97613760141223,87.03839100660122
1547424080,e03613,-30.835601806640625,-52.59968477136948,206.43055099861385
1547424080,71c251,61.07395935058594,-146.40076773507255,238.40747030324584
1547424080,a3e53a,38.60343933105469,-119.05913643215013,242.5438428606432
1547424080,aafcde,32.291748046875,-106.73541870117188,0.0
1547424080,acc3b4,38.00514221191406,-92.44574364195478,193.25915835172728
1547424080,3424d0,38.41904979641154,-11.723388671875,254.0270089123844
1547424080,a9b7f6,35.19873046875,-80.83050786232462,123.81332274869963
1547424080,a7da10,42.413818359375,-99.7788932106712,255.0568527118827
1547424080,86dd08,22.204905364472985,121.47562662760416,270.83510111614413
1547424080,ad4b03,35.04899597167969,-120.13779620735014,247.13506387018148
1547424080,a553ce,40.55621337890625,-89.6602783203125,235.8022973246576
1547424080,a33d62,33.03822326660156,-96.51258544921876,197.2059191461477
1547424080,a7cb78,35.06575012207031,-89.7363841776945,291.1825752024983
1547424080,4ca8db,51.898064047603285,0.2544119698660714,76.09772781183953
1547424080,addadb,42.47383117675781,-97.072323885831,239.054881078015
1547424080,ab0463,41.76182556152344,-75.54960771040481,212.6023468297288
1547424080,e493c5,-22.201583862304688,-46.4868996360085,193.23724641664103
1547424080,c03517,45.03634643554688,-82.62156895228793,214.48366664985284
1547424080,a4ce21,34.05026193392479,-119.05540466308594,241.34223394051145
1547424080,a8bfb6,40.16373456534693,-78.05935946377843,217.8243619450321
1547424080,34464b,36.33558654785156,22.1630859375,258.0078987290468
1547424080,4249aa,55.71301993677172,32.57291793823242,206.3581029145668
1547424080,c05737,49.22900390625,-123.48435621995192,56.166354157102994
1547424080,a001bc,31.728836059570312,-114.3828089096967,217.73139600090417
1547424080,a5aa78,28.552675408832098,-95.99094166475186,217.3280840374418
1547424080,79a070,36.67442321777344,113.81292343139648,195.19201263288628
1547424080,a48a6a,32.9967041015625,-111.57621459960936,74.02454110807362
1547424080,e48007,-20.357391357421875,-44.8531069074358,210.07527190584665
1547424080,a61797,30.322824251853813,-95.70525512695308,168.35843083461765
1547424080,4cace4,37.5875244140625,-8.065308915807805,233.5377452682457
1547424080,4951d7,36.38941877979343,-12.48683848279586,226.6340404811852
1547424080,a3a9b7,33.28801559189618,-92.38857347138072,289.7539325990039
1547424080,abbd73,31.558925822629767,-102.31166381835936,199.3900263339144
1547424080,7c753a,-31.241439560712426,117.23867797851562,128.26585941020878
1547424080,a9e55b,32.831524347854874,-116.91829759247447,56.864099595295166
1547424080,a0f73c,38.75725180415784,-76.498046875,237.96580228308
1547424080,7c6d29,-35.90089416503906,150.35242080688477,230.3106666973608
1547424080,abc14d,33.240625413797666,-80.91268111248405,225.5647755111511
1547424080,4b1699,39.80300127449682,26.85089111328125,243.01367508007365
1547424080,a76e2d,28.29501342773437,-80.71032010591944,225.6650694081347
1547424080,ac2aca,29.48516328456038,-95.0847850126379,104.02078033847545
1547424080,a8492b,47.31243586136123,-122.31896033653848,74.079936
1547424080,a7d2ae,33.17466089280985,-111.42059326171876,203.5079603688579
1547424080,a262ad,43.10719299316406,-106.3450374159702,239.9565570222532
1547424080,a178de,34.88566589355469,-117.78767488440688,229.5602233972372
1547424080,a3fc58,40.60570151118909,-104.28934270685367,235.82081536698087
1547424080,a0cb60,31.47899563029661,-93.69525146484376,212.67142337263465
1547424080,abc455,37.150726318359375,-107.5349978183178,201.90665425939287
1547424080,ab3ee2,34.86739336434057,-100.75235366821288,192.1363974841328
1547424080,ac701e,36.04243469238281,-114.52508926391602,239.9565570222532
1547424080,ab415e,35.32304666810116,-110.48687224692486,197.8202745099568
1547424080,a0e250,41.39411021087129,-93.0289689884629,227.1734843391241
1547424080,a7a8be,19.49253845214844,-155.07045200892856,60.821989856161466
1547424080,aaa593,29.626635535288663,-97.98479865579044,277.6077298032528
1547424080,a59ef7,41.05143918829449,-81.45276156338781,211.6516649372384
1547424080,c07726,49.22053527832031,-122.74313119741588,67.22112011762422
1547424080,abe77a,34.02018918829449,-117.7159309387207,153.27668835690895
1547424080,896308,25.22046622583421,55.42343427550118,103.50045637357292
1547424080,ac011d,37.808051675052965,-109.70702461574388,263.5685944290016
1547424080,a400b2,43.51148986816406,-90.47803302143892,255.68022064317304
1547424080,758502,25.436508178710938,120.10584513346356,205.3662767635965
1547424080,a73dfe,35.841545492915785,-78.78517962516622,246.5995778942288
1547424080,3450d7,13.22442626953125,-67.94944500101025,230.26469765088163
1547424080,a53ba4,39.918031854144594,-75.6728515625,172.58426969486857
1547424080,a68ff0,61.21220397949219,-149.87293788364954,39.82540905517542
1547424080,a34b0a,32.88780212402344,-96.8739807128906,136.1188104775066
1547424080,ad071d,39.25456237792969,-85.00551970108694,192.44606756515407
1547424080,a14c29,39.99088610632945,-105.73516845703124,229.62880879597108
1547424080,7c2114,-37.89468538963189,144.58604895550272,66.37922583523601
1547424080,75816e,14.244472697629766,121.09111585115132,132.26814449834578
1547424080,ab3282,27.06005859375,-97.55170138377063,178.10241483582854
1547424080,800b73,11.36935993776483,77.25610030324836,195.67816021057763
1547424080,a39bfa,43.08210754394531,-86.43046534338663,232.17901289460207
1547424080,ac79a3,38.3338623046875,-87.79338430851061,225.7541821331488
1547424080,a6c4d7,31.0329786397643,-81.84825439453125,221.84051703499915
1547424080,a18295,30.366490250926905,-90.21231079101562,115.13665877305212
1547424080,a4c7b8,45.62255859375,-122.97010468273626,37.97837317199355
1547424080,ab2855,42.106778419623936,-78.0011412154796,262.89900469052816
1547424080,471f6c,47.36082458496094,19.568504333496094,140.42813590876568
1547424080,a81032,34.26212116823358,-82.07605361938477,188.8352878688895
1547424080,ad95e1,31.18464583057468,-96.84074707031247,56.36625597622819
1547424080,c05f01,50.72355108746027,-106.93618774414062,204.29710602581235
1547424080,a0c4a1,39.093109130859375,-108.82274461829144,214.04827295735024
1547424080,a023a5,37.87504577636719,-101.20471061544214,282.358999373528
1547424080,a3c65a,35.8306057170286,-114.85621675531914,211.0054638094396
1547424080,4074d2,30.22618103027344,-14.656084846047804,273.5337981693048
1547424080,3c5427,51.87329864501953,-0.3764116441881242,51.28467440038562
1547424080,71c030,35.96756240068856,129.42467222822475,176.1841145470621
1547424080,a3d7e4,42.90254237288136,-92.31124877929688,232.80395747388653
1547424080,424292,43.276310290320446,66.37455531529018,195.7112933946944
1547424080,a8d4cc,40.80345541743909,-87.92083740234375,223.0220059093269
1547424080,ad4afe,37.04808639267743,-112.66234688136888,200.57907013443963
1547424080,a6f04c,26.79510498046875,-77.44998572007665,226.52190843279013
1547424080,c07995,25.68539428710937,-78.5028076171875,240.38410866399505
1547424080,a0a00e,30.96441650390625,-96.17356244255518,220.5591282779891
1547424080,7c52fa,-25.24420166015625,152.0507303873698,179.47018757720426
1547424080,c04811,33.82136458057468,-77.52765655517578,220.47091674473404
1547424080,e48d5c,-22.17729988744708,-47.78203328450519,125.66130577878212
1547424080,a22bf0,32.64131190413136,-96.61674032405932,127.82768861043284
1547424080,a38d49,37.835470943127646,-86.04450391686481,227.59888633004488
1547424080,0d042b,39.73480224609375,-88.93988037109375,225.33586804153697
1547424080,a631f7,34.90667724609375,-115.382117446588,195.237428588447
1547424080,ad1697,34.394073486328125,-115.79460922552612,219.96376590537056
1547424080,c0220b,49.0877054505429,-122.64066997327303,32.03214390515053
1547424080,e94130,-17.56155240333686,-66.0072817121233,93.011987366289
1547424080,a05a25,42.53590393066406,-79.470478404652,218.48855184119896
1547424080,ad35ed,39.266952256024894,-76.59747314453125,66.07752322451053
1547424080,add66d,38.00766767081568,-91.0828101116678,275.25109764227875
1547424080,c01c3e,50.8860649496822,-119.48341369628906,153.011420608124
1547424080,a7302f,38.398706468485166,-84.38079170558763,211.81353191345275
1547424080,ac90a7,40.01454162597656,-80.3509521484375,220.7060691528096
1547424080,a9c737,39.64576721191406,-76.68982464334238,196.0463671335829
1547424080,a7bf86,43.58551025390625,-89.9198381290879,228.3395493852395
1547424080,a2a686,46.08448093220339,-96.25128936767578,224.80496458468872
1547424080,750405,2.1079318806276484,101.95667661469558,220.7498326223865
1547424080,ac85cc,37.49601745605469,-79.6676505880153,210.46984835074045
1547424080,a21efd,34.80180126125529,-109.86757278442384,274.77137420413845
1547424080,780a6c,15.360946655273438,120.97585577713816,211.501561790244
1547424080,700011,26.81163024902344,51.37859992261203,271.0275357458567
1547424080,ac5fad,41.28019688493114,-74.15328285910869,205.0515963086456
1547424080,a0cc06,29.74683341333421,-93.56802547679229,207.75004227377943
1547424080,400666,47.18925476074219,11.554458618164062,256.63383249588645
1547424080,040105,34.92646815413136,27.60881423950196,241.8351943982078
1547424080,c04662,42.07415771484375,-74.20465642755681,223.86886424754184
1547424080,ab329e,27.536812475172137,-78.93021803635816,230.2227428868073
1547424080,a3bda6,32.95133972167969,-112.53191528320312,207.6022173648384
1547424080,4072a4,52.08403015136719,-1.0478973388671875,166.48364843666823
1547424080,aa6f80,33.71502685546875,-101.11323142538264,227.48432141740423
1547424080,a57dd4,41.5440673828125,-87.4965529008345,229.95704343999589
1547424080,a24e1e,34.77314758300781,-118.68177141462051,216.595586990578
1547424080,758560,15.8792724609375,121.2495984529194,237.1162748459024
1547424080,ad4584,33.30848693847656,-92.43572387695308,213.9060379029144
1547424080,ac6d89,36.75407409667969,-121.23910903930664,76.44644763873042
1547424080,c02202,39.030303955078125,-97.22333161727244,278.9999185387444
1547424080,ab3214,25.04808328919492,-78.17031572449883,266.19482121304964
1547424080,a5ca4b,39.31452941894531,-81.54482634171194,210.5389960410865
1547424080,4ca979,42.12799072265625,-4.253706498579561,226.3191121795134
1547424080,e490c3,-15.870025634765623,-48.02779348273026,78.91309373969621
1547424080,aab853,38.52058410644531,-121.10378762950069,130.6809276554456
1547424080,adc17b,36.71910172801907,-108.01600030127992,260.5393499014931
1547424080,ab68f9,40.23454051906779,-74.18312072753906,218.7258355025432
1547424080,a3e8dc,43.30751037597656,-86.37163738871726,234.25511306846747
1547424080,49d2ee,49.613616943359375,13.850940905119243,187.7163790374773
1547424080,e48c30,-21.38392639160156,-44.818326083096565,238.6737420798072
1547424080,a37e5a,40.50942993164063,-103.82861328125,233.90462451318945
1547424080,a8cf70,38.078101206634,-108.76345427139944,200.4913079819705
1547424080,a7cfe7,41.0277099609375,-92.573974609375,257.71590649511666
1547424080,ad03ee,30.376219668630824,-100.67349243164062,254.45900050726345
1547424080,706056,25.23211669921875,55.404307047526046,217.60190668855955
1547424080,aa600a,32.203033447265625,-81.85177001953122,268.5520867787518
1547424080,a036b1,41.71988277112023,-87.50782811364462,252.8239735457128
1547424080,adda24,32.963080971927965,-112.21166493941324,208.887070616902
1547424080,75847f,15.62632932501324,120.9981209891183,218.2922349370774
1547424080,42441c,55.77865859209481,42.89620399475098,245.8773244609048
1547424080,a98ca3,36.97174072265625,-79.02372319647606,259.1041522982359
1547424080,39644e,34.38720703125,-81.88474694076848,284.5303215921487
1547424080,c036b1,49.17918059785488,-122.97336779142682,87.71081618793879
1547424080,4243bf,54.92549572960805,37.38214666193181,170.50539965229723
1547424080,a9a7d0,35.31449890136719,-89.90713119506836,281.77352261356685
1547424080,76cccb,45.98695399397511,24.903053283691406,262.27009014774944
1547424080,a797ea,41.25494384765625,-77.4276123046875,235.1211696914452
1547424080,a1600b,44.60965948589777,-122.70763862423776,225.3769711174424
1547424080,a04075,45.77828979492188,-122.84255609279728,47.02873612685708
1547424080,ab7617,41.10348459017479,-79.47853088378906,243.2411788223829
1547424080,a2ba3f,42.93727111816406,-70.86526560228924,49.51774034570883
1547424080,738443,34.55882263183594,32.25569121691645,241.9320250917105
1547424080,e072d5,-33.825714111328125,-62.36041633450253,262.8748434922441
1547424080,aca3a3,37.730804443359375,-77.645406520113,259.1271330958966
1547424080,e8096a,-36.42878723144531,-71.9230842590332,214.2423022691201
1547424080,adb014,40.203676385394594,-85.78792918812144,231.6860681118706
1547424080,040106,48.46781585176112,9.312720047800164,282.8043301958588
1547424080,a780f9,37.40109201204979,-122.14784705120584,49.67781966525101
1547424080,7808e2,54.65794372558594,88.38404038373162,242.7309035977949
1547424080,a622bc,35.227203369140625,-119.02638338050062,248.9127605294671
1547424080,485789,40.22439213122352,-75.12451171875,275.1597404304333
1547424080,84c43e,33.43949657375529,135.21552261041134,172.92972122180578
1547424080,e48b01,-12.795318603515623,-48.209144329202616,225.6932140698448
1547424080,7c6714,-34.045623779296875,150.6573112643495,44.67080504854866
1547424080,a5df46,45.76289807335805,-122.7758560180664,47.02592230951368
1547424080,a4dd8f,36.610867775092686,-121.50691904920212,182.9931615240801
1547424080,ad933e,39.0069580078125,-121.419189453125,64.25815372215321
1547424080,aa0701,41.7586669921875,-93.76200589266692,222.5825064425756
1547424080,7502b3,0.3847076933262712,104.73920098666488,223.8534954186036
1547424080,a0fbb7,35.874644134004235,-106.72224328873004,243.24444287727772
1547424080,ac9ae8,34.33634948730469,-110.81662547831633,192.56567315791645
1547424080,a9589d,34.006828696040785,-88.52371215820312,199.42917817249835
1547424080,abb624,26.790573120117188,-82.67274100825472,271.82901621197686
1547424080,7c4812,-33.99221129336598,150.76040267944336,69.98140397392496
1547424080,42423f,33.900146484375,-118.49982436822384,152.95260199726906
1547424080,4249b5,50.91041564941406,42.23189070418074,221.7396868042159
1547424080,a69f9d,38.49362182617188,-77.63805223547894,211.3137829176592
1547424080,a36105,40.895209878177965,-75.16096635298294,142.76075902408974
1547424080,abbbc7,44.31069946289063,-122.7215358189174,224.88323837404656
1547424080,acd57e,27.72811889648437,-98.53865713443396,229.589619648353
1547424080,71c305,35.15716552734375,129.35246681680485,263.7256912820574
1547424080,896484,42.64268778138241,29.20370412427326,251.3794692572585
1547424080,47c9fb,45.360443115234375,-67.69984654017856,237.24124849132787
1547424080,ada521,34.24350027310646,-101.58805847167967,193.94607028527204
1547424080,a2c35b,43.004165908037606,-73.7231009347098,196.08483691029332
1547424080,aa71e4,40.516135005627646,-73.40346596457744,176.59896693538303
1547424080,a2f721,41.85516357421875,-85.82685603651885,208.00402992197635
1547424080,471f58,40.5029296875,7.567138671875,224.09041281458323
1547424080,c02f75,28.149253715903072,-80.56430592256436,243.4412932154783
1547424080,a19343,36.96620100635593,-104.9695885699728,207.94294845314027
1547424080,3c6508,43.88442217293432,-63.091997419084805,266.4452434661426
1547424080,acd203,33.188300698490465,-111.89636853276464,61.406601110383306
1547424080,758229,13.63026247186176,121.35411312705592,159.95320649831834
1547424080,040159,42.61615300582627,22.64991227970567,223.16436039567893
1547424080,ada336,35.15108270160222,-101.49650573730467,268.4954157166777
1547424080,abdd09,36.93110061904131,-92.72329579228938,266.23806568442143
1547424080,a80dac,44.92817687988281,-122.0630100795201,183.62119962555084
1547424080,abaafe,30.11287365929555,-97.16193237304684,204.7629298078633
1547424080,acd64b,34.56955214678231,-102.67204284667967,272.51016932986323
1547424080,71c306,36.03562177237818,126.79975793716756,224.680729919536
1547424080,a97dcb,45.190864175052965,-93.58810796970272,245.7836632621936
1547424080,a9f67d,46.80661010742188,-91.68492759146342,236.2216831499173
1547424080,4ca34b,55.492767333984375,-2.89215087890625,196.94338112331863
1547424080,a313fc,35.29595947265625,-78.66434097290039,243.4315088379071
1547424080,a29e5c,42.203887939453125,-92.35950123180044,221.8470783609201
1547424080,a26f6f,47.12366653701006,-121.68344350961542,153.86090366371567
1547424080,a8102a,40.485922603283896,-80.1310938054865,224.7390286698328
1547424080,a443bb,47.58960788532839,-122.46974064753609,46.03914537380363
1547424080,a3ad59,34.57597635560116,-119.1767692565918,185.56887170344308
1547424080,ac9850,35.19621276855469,-120.7551605847417,105.0133820209024
1547424080,4851b0,53.624908447265625,57.24732317243304,268.72941457851465
1547424080,a0345f,38.6458740234375,-77.06771850585938,81.36188427377262
1547424080,7c39f3,-32.89478883904928,151.23874586455676,157.6088843413787
1547424080,7811a2,56.14767818127648,65.55662155151367,256.462072548797
1547424080,ac4ace,39.67959129204184,-106.8350830078125,241.3531995561262
1547424080,7c6b36,-34.058455127780746,148.27314376831055,234.7922641435572
1547424080,ad7639,40.80978652178231,-75.78787370161575,191.1524659575749
1547424080,a0613d,33.33829200873941,-111.99659075055804,97.1100774070492
1547424080,344502,42.21440719345868,-76.61909946175507,265.57470825502946
1547424080,863188,33.09105307368909,131.41273965640943,175.15363947710094
1547424080,a69c03,34.9867533021054,-109.27305221557616,201.90665425939287
1547424080,4d010c,45.40301513671875,23.461369105747767,263.5490134998483
1547424080,c02cfc,38.68016129833157,-84.96502685546875,249.85089193899685
1547424080,780f86,38.16650390625,113.96542093028194,287.7066877259505
1547424080,ad35e0,37.85311424126059,-74.65114427649456,204.5353262838576
1547424080,4bb84b,45.49922619835805,5.180321670160061,88.39159981215971
1547424080,71c024,36.29054260253906,140.55118560791016,171.98825455798308
1547424080,4401dc,48.60421390856727,-2.9016916375411483,213.19654263369827
1547424080,adb9d2,47.613372802734375,-122.00489044189452,56.45070688154911
1547424080,a33327,32.27494812011719,-96.310107421875,142.81265652723445
1547424080,a495b4,38.18386789095604,-93.78061045771057,195.6199945232869
1547424080,a4077d,44.537384033203125,-92.17189243861606,212.30150884446303
1547424080,a9bbec,44.11322642180879,-122.74959019252232,225.5612556172296
1547424080,a05cc7,34.023834228515625,-118.6029052734375,130.38187116042127
1547424080,abcf2f,40.48312946901483,-95.82156788219106,229.0200456408089
1547424080,a8264f,23.023014391882946,-79.34443155924475,243.7579859721744
1547424080,851936,35.237437102754235,139.77712428316158,94.6702766748394
1547424080,ab400f,40.910430908203125,-85.19427490234375,212.18866259006867
1547424080,a90b3c,35.248702744306144,-89.27268170295878,293.7110331485193
1547424080,ab0d76,39.18031311035156,-90.96470708432406,215.72876530712463
1547424080,a05ab3,40.74917550814354,-74.57613164728338,119.32439586068224
1547424080,896376,7.0575714111328125,79.7620456501589,102.94280244807652
1547424080,a6417a,37.95057678222656,-108.49226931308178,244.17617185604868
1547424080,a0a8df,40.505148677502646,-74.2834958163175,81.21863567688636
1547424080,abb721,36.945811126191735,-121.49798185929006,49.04785824932869
1547424080,a6b4f7,30.788406372070312,-81.06886919806985,227.46803339617
1547424080,a3f8bb,34.32105630131091,-99.95784759521484,293.808332014366
1547424080,c01791,43.53853904594809,-79.80076381138394,92.03372966199773
1547424080,a97de4,35.32933044433594,-80.70276260375977,148.8771071639655
1547424080,abb76d,40.06764221191406,-78.6046142578125,210.1961778223132
1547424080,7c6de4,-36.08116149902344,148.1755256652832,206.3452775953844
1547424080,a28a2c,47.27216817564883,-122.45819091796878,117.78408559440074
1547424080,a0a522,41.70794677734375,-76.30029851740056,236.5105586370598
1547424080,8a00a6,-1.828571901483088,104.57852593783674,244.3609
1547424080,aa4c42,36.9415283203125,-108.00852024808842,263.70913276835444
1547424080,47c90a,42.78611755371094,-70.92592412775213,242.6174845606592
1547424080,ab34ea,44.56773376464844,-91.17409842354914,231.18863806378985
1547424080,c03bf2,37.78491521285752,-81.12167358398438,235.17237896131584
1547424080,4692cf,44.09926075046345,14.282618931361606,279.0625175326704
1547424080,ace9b8,41.19905090332031,-87.259033203125,223.0872629914689
1547424080,a445cd,29.55955376059321,-96.46098417394302,230.85871535510128
1547424080,c0669e,43.16954040527344,-79.13120003633719,183.1890226707756
1547424080,a50fb9,36.87583923339844,-121.88296703582114,137.62699105649122
1547424080,ace690,38.7950987735037,-121.199951171875,127.73345132045247
1547424080,a014c9,41.60010386321504,-81.3135191451671,223.98586919726264
1547424080,a5196c,41.178573349774894,-85.77756708318537,233.20433683584028
1547424080,a54eb1,32.73504638671875,-97.0962341308594,156.12676181213183
1547424080,c01732,43.58634819418697,-79.79141235351562,76.40489312525663
1547424080,461f0c,43.07698059082031,-71.88105383584661,257.25749418707005
1547424080,accb22,38.33651267876059,-105.03932787024456,202.8880002133077
1547424080,a2d359,42.44623733779131,-87.14476829351378,182.80143385065952
1547424080,a769a3,35.32928466796875,-80.80257334607711,125.54647200719243
1547424080,a120a4,27.113571166992188,-83.382965663694,274.3877631915068
1547424080,a346f7,29.89100569385593,-83.75841926125918,212.1362715589076
1547424080,a7a616,34.68169648768538,-86.55481338500977,250.6947422639999
1547424080,acbe7a,34.87705993652344,-83.57484778579402,181.0996329805193
1547424080,a7d9db,41.37556457519531,-97.49566650390624,228.02929780373933
1547424080,aa7757,28.244796752929688,-82.36434349646936,138.7206616540479
1547424080,c0809e,49.232940673828125,-106.24511718750004,212.7491854226108
1547424080,02001b,37.34508966995498,-5.150139850118876,216.77879068888137
1547424080,a788db,36.02362060546875,-105.00503540039062,279.0283743678663
1547424080,780e67,53.7396240234375,87.23638916015625,237.1904858894484
1547424090,0d0a60,25.50741577148437,-109.14845784505206,219.2575778164241
1547424090,ab0d76,39.18937683105469,-90.98351520040762,215.56185809602653
1547424090,a6c88e,32.65909485897775,-97.16045146085776,120.53808252816368
1547424090,a83ef2,42.867279052734375,-85.84014182867003,245.51486200359545
1547424090,a9650f,29.242160603151483,-92.42749382467832,187.3148462161061
1547424090,800d15,20.52021789550781,70.30921391078404,254.8030278070564
1547424090,750485,5.16525009931144,102.47994784651132,195.55639828487327
1547424090,471f64,48.626953125,17.567279522235577,256.5471932020147
1547424090,78100a,-7.03656005859375,-38.19853184586867,255.3264919322743
1547424090,adb723,42.62192548331568,-72.10735942042152,199.4351498112113
1547424090,a01ac4,38.77880549026748,-90.87457275390624,87.41310375690016
1547424090,780b12,59.27449035644531,30.839080810546875,264.2184584328653
1547424090,aa7757,28.23500293796345,-82.37371108111216,137.60295182711425
1547424090,06a2b5,35.77752685546875,-91.19722366333008,227.44069016680305
1547424090,a3cc79,43.443145751953125,-89.55786416696947,73.8527320677023
1547424090,a12177,47.86016949152542,-123.01511324368994,56.70330494224533
1547424090,aab9ae,37.39806611659163,-78.51027115531588,204.8785743900891
1547424090,e48414,-21.53785834878181,-43.06655883789063,240.35327988390708
1547424090,4baa64,39.87282963122352,30.2752685546875,234.3770956527404
1547424090,75839f,7.085540771484375,113.34138514631886,234.48377835901687
1547424090,a92fa3,33.548149496822035,-99.82080459594728,196.6825110379161
1547424090,a0149f,39.59097290039063,-104.41639112389606,154.77242461429222
1547424090,a1139f,38.08049011230469,-101.74531977227394,199.84941049057488
1547424090,4d010c,45.39253234863281,23.493412562779017,263.7653271374022
1547424090,ab52a2,41.41370870299258,-82.47953902843388,230.3537543470217
1547424090,a728a7,38.27659606933594,-105.66738047498336,202.6576380314104
1547424090,c034ba,35.36471092094809,-94.82147866107044,254.18375577196616
1547424090,780e33,37.31208801269531,112.76495750914228,203.2704890628692
1547424090,a3d7a7,38.28556823730469,-78.46733580244347,212.1630923934873
1547424090,a44520,29.46873034461069,-92.71583108340992,195.7329283650467
1547424090,abb205,32.36586231296345,-96.5834450235172,205.9383010006735
1547424090,0d075f,27.90033890029132,-96.61160395695612,201.4815180867513
1547424090,a25b3f,42.84150695800781,-122.5871738167696,233.5303791389832
1547424090,47c9fb,45.332427978515625,-67.76543753487726,236.5469229723945
1547424090,ac3077,39.88092041015625,-80.70293924082881,217.24891546242
1547424090,a095f0,35.92464123742055,-79.80480437583111,284.60658273572983
1547424090,a0275c,38.98576354980469,-90.2464758831522,256.42492013594665
1547424090,aaa621,42.00562040684586,-83.51563919422239,96.44418750559235
1547424090,a55e76,32.87886797371557,-111.8271995077328,42.698852
1547424090,75043c,3.227874755859375,101.24548443293168,205.69076925527463
1547424090,a05910,35.85337829589844,-112.74799346923828,204.64592665779185
1547424090,45ac43,45.71592686539989,-66.14593505859375,255.82095446477132
1547424090,a94c53,34.32762016684322,-102.10063934326172,188.34342157745257
1547424090,71be33,43.25093932070974,-75.4510934012277,258.08481881146844
1547424090,a9d413,33.938722772113344,-110.63501358032228,241.61348665755165
1547424090,e48fb7,-19.413253784179688,-48.67796761648992,216.6322401249205
1547424090,a55351,32.957867121292374,-111.76268285634566,41.55548586062254
1547424090,abdd09,36.91452802237818,-92.69857655400811,266.56838075390283
1547424090,e48fb4,-23.61418125993117,-46.66510240086967,71.06220385369438
1547424090,750146,0.1578586384401483,104.3756577064251,224.80496458468872
1547424090,c0160b,40.14143371582031,-74.71380615234375,224.3618802845369
1547424090,06a1c4,25.778594970703125,56.535186767578125,244.70073824961668
1547424090,a2094d,32.384765625,-109.52276000976562,221.1109995865893
1547424090,abc40d,34.4264505677304,-105.17904281616212,201.4972798666056
1547424090,7c6d37,-32.82114319882152,151.9420390226403,234.3539464332088
1547424090,a32acf,41.8304443359375,-83.4779535337936,146.44947615195295
1547424090,a14fe0,42.63615417480469,-73.50621310147375,252.9108418709642
1547424090,a169b7,38.42426364704714,-93.01849365234376,114.04540086688598
1547424090,78023d,54.28472900390625,22.618022245519303,261.94142727820105
1547424090,a5e679,42.21045025324417,-77.81692859738371,153.13590308974517
1547424090,a9113a,42.769134521484375,-82.71419178355825,45.88655922387313
1547424090,ac5d61,34.10263320146981,-115.22523880004884,214.5669391227329
1547424090,abe3e6,29.730819443524894,-83.40874167049634,204.2310284025181
1547424090,06a10b,25.71997173761917,52.41685975272701,223.9256015552518
1547424090,a7d751,30.674712617518537,-82.28534545898435,217.3031186007021
1547424090,44ce4f,38.344573974609375,-82.1046285426363,232.12600314097125
1547424090,7c6ca6,-23.75885009765625,151.02732340494794,178.39045767769733
1547424090,7c4a1f,-37.93482971191406,144.59860294423206,59.22142046008583
1547424090,abd5bb,33.627960205078125,-111.88117825255102,119.43634858391952
1547424090,a7d0c3,35.703277587890625,-84.38873291015625,202.73271394824468
1547424090,a902b5,35.81208801269531,-84.16866302490234,222.0885194963403
1547424090,c0196c,43.20671469478284,-81.03227887834822,167.07395593826504
1547424090,a79bf6,43.92585754394531,-78.44710948855374,255.168891291992
1547424090,aa9470,42.68463134765625,-72.69819392714385,247.47376610130163
1547424090,86d6ac,35.520102290783896,139.8845331719581,99.0408251495145
1547424090,c019eb,36.910675048828125,-76.01592368267953,207.05524227033723
1547424090,c02f75,28.12667588056144,-80.5608592313879,243.4412932154783
1547424090,a0d72b,32.78832387115995,-81.03235361527425,227.616909060333
1547424090,a3b05d,35.249542236328125,-89.32479858398438,275.67143088062875
1547424090,a89d22,41.40812243445445,-79.97733892396434,227.3615508083748
1547424090,896484,42.62809753417969,29.225817593661223,251.0365485392385
1547424090,c08106,34.913177490234375,-74.6290058992347,205.2276962704544
1547424090,4baa89,40.29249572753906,30.9569091796875,242.26980845698063
1547424090,ab19fb,40.5960651979608,-99.43163785067476,221.66089992821423
1547424090,aaeae5,45.61335754394531,-93.68055390148623,179.75014945214525
1547424090,80064c,28.606201171875,76.91633958082933,142.99414945960726
1547424090,a3a155,34.22734664658368,-85.72820663452148,254.96552561584292
1547424090,0d0644,29.46044404627913,-111.48672664866729,224.988541313138
1547424090,abbd8d,36.07369995117188,-115.01689910888672,89.00029881995049
1547424090,06a074,25.766281127929688,56.54220581054688,271.6342264942266
1547424090,a52911,40.7783432006836,-73.87315368652344,60.80240600832162
1547424090,ac97e1,29.89892578125,-94.78681711050176,210.7086259835021
1547424090,7c6c2e,-33.84664244570973,151.26394271850586,150.6794093462949
1547424090,ac77d3,33.40956348483845,-77.23198092713648,203.25811994580783
1547424090,aaf83c,33.856325311175844,-118.62573623657228,131.28405262057535
1547424090,adcca0,29.686935424804688,-95.14836237980768,239.81037573727457
1547424090,4401dc,48.61798095703125,-2.885812612680297,212.7883667252981
1547424090,7812df,37.81993103027344,112.4584506420379,165.46953511907608
1547424090,7809ef,56.35967707229872,73.58007431030273,215.1101926534317
1547424090,5083de,41.616943359375,29.375256625088777,225.84150192634692
1547424090,471ee0,50.93843078613281,26.7650707347973,243.5717140256995
1547424090,a54fc8,46.683929443359375,-122.438339605564,139.18729021722305
1547424090,ab975c,38.53092956542969,-91.777635657269,267.7289351710483
1547424090,acc120,38.84002168299788,-104.5032958984375,71.83451094629746
1547424090,a11f5d,30.18832397460937,-95.57561537798716,152.6174232853489
1547424090,4baac7,55.320831298828125,37.39132151884191,133.29759268243657
1547424090,e072d4,-23.328369140625,-44.00613680752838,156.15133902783893
1547424090,a16ec2,35.75102233886719,-114.74727630615234,207.29029287245967
1547424090,0d03f1,27.87094116210937,-84.12034520563088,253.85087880156067
1547424090,a81005,47.43452453613281,-121.7193832397461,189.20702019374852
1547424090,e48950,-23.67032325873941,-46.47662468676293,154.59534380684178
1547424090,aae73b,37.65238099179025,-105.63032067340352,206.5644809377468
1547424090,a34741,30.399961309917902,-97.64071655273438,97.09781285044924
1547424090,780f3d,60.12272721630031,-146.48728506905692,251.42368302311624
1547424090,e48007,-20.37405240333686,-44.84274569424713,210.07527190584665
1547424090,a41596,47.45906066894531,-122.3078384399414,80.25491284203623
1547424090,406590,47.08296203613281,21.55139923095703,268.73975508830665
1547424090,3965af,47.55069021451271,-69.92487980769232,242.9292594942147
1547424090,e491f1,-16.83709716796875,-47.59354440789474,261.2752644472281
1547424090,a733e6,32.3513380147643,-98.40330785634563,233.3433149099892
1547424090,aa73e9,38.90116882324219,-121.34936788807744,124.45398796416448
1547424090,a83174,41.89283752441406,-94.24097234552556,223.49853653580192
1547424090,a9e8f7,38.085845947265625,-76.92802266871672,270.20408972664825
1547424090,3991e7,44.213313733117054,14.733134944264483,259.1245797745803
1547424090,7c7a4a,-36.11927614373678,148.10721539436503,220.4667153151684
1547424090,c818c9,-41.15729897709218,174.58492625843394,128.84229182436798
1547424090,a44f0d,42.353924250198624,-71.01632761400799,65.89101897054015
1547424090,a3c5ea,32.27275085449219,-96.1132873535156,165.69010585476943
1547424090,a3475e,35.48909850039725,-98.94024138754986,208.88326968700912
1547424090,a2e806,32.940032958984375,-97.16846923828126,141.60672673642867
1547424090,7c0b0b,-33.90119934082031,150.6708199637277,58.68270622864655
1547424090,4ba9da,40.32578290519068,28.113264604048293,207.35220477288468
1547424090,a8ebca,35.75367736816406,-107.02474594116212,185.43190890592373
1547424090,a11f9d,30.579803466796875,-90.96841251148896,290.1254361422052
1547424090,a46d4f,37.676820916644594,-97.45022317637569,279.5519180001623
1547424090,0d0776,35.931884765625,-78.73661041259766,249.9763806358863
1547424090,acc76b,33.20971472788665,-81.02512281768173,235.1031593852813
1547424090,4cc4e9,39.40307099940413,-112.47821044921876,225.7025948438408
1547424090,4cc502,44.19992065429688,-79.49262346540178,208.57389547140696
1547424090,ac7a9f,34.85984802246094,-102.18327736367984,145.9833996082308
1547424090,a178ae,38.48387145996094,-91.1062754755435,186.3679453334415
1547424090,ac2aca,29.491424560546875,-95.08809603177582,104.9528802714316
1547424090,a89f62,39.718505859375,-75.67036504330844,93.35280619681096
1547424090,7c39fb,-27.41898876125532,153.1154515193059,80.07168409274739
1547424090,ace7bf,42.72491455078125,-86.96995821866125,221.17143589017869
1547424090,e491f0,-21.744177866790267,-42.6513671875,236.57768842879167
1547424090,a12115,26.96715274099576,-80.5637476994441,199.6997130174342
1547424090,ab0463,41.77504717293432,-75.5740569358648,213.0195760761404
1547424090,c055c6,52.79095458984375,-110.76690673828124,138.24767237937323
1547424090,addadb,42.47383117675781,-97.072323885831,238.8305923712953
1547424090,a11cc1,41.203059826867054,-101.55081315474077,244.80184096847768
1547424090,e0648b,-34.977264404296875,-57.76224564532845,189.3328655142632
1547424090,a1460a,43.55222540386652,-122.2784859793527,232.96646382566755
1547424090,a2af91,42.80369567871094,-84.08810702237218,230.48009831692173
1547424090,a74923,33.81431579589844,-118.14714081433354,69.48041888237128
1547424090,40750c,51.84750831733315,-0.0677490234375,82.06631529594178
1547424090,a3c60d,32.40477998377913,-96.48692228356184,139.36116097803347
1547424090,ad574f,34.02670650158898,-114.83797073364258,215.90964014265688
1547424090,06a10e,40.4219970703125,32.14215087890625,265.5393291549772
1547424090,7c6d33,-33.66858013605668,148.58362197875977,225.86962460354584
1547424090,a25c75,28.370086669921875,-82.95021057128906,233.76371588422631
1547424090,a8950a,28.87877383474576,-96.75971536075366,139.2329166691986
1547424090,a18858,36.21065818657309,-115.19428009682512,29.837752
1547424090,a2ce12,39.34483414989407,-101.177001953125,223.03980518888085
1547424090,adeddd,41.33275436142743,-87.14536493474787,180.03188102396658
1547424090,7810c6,55.82643127441406,33.14491965553977,253.66315010626928
1547424090,345299,38.23232877052436,-11.23125159222144,257.1792976034069
1547424090,a02443,35.35748291015625,-80.98834991455078,136.71536831216162
1547424090,a939c8,37.881683349609375,-121.88828488613694,78.69816279329952
1547424090,73806c,32.34571838378906,34.64659423828125,151.95703962671817
1547424090,a6aa81,35.51051252979343,-97.64554936835106,40.12992958245205
1547424090,3965b3,39.22869873046875,-72.05502717391306,288.51136817894
1547424090,3c4b23,41.55234126721398,-72.75082610374272,260.28731268166183
1547424090,ad60b7,44.03674109507415,-80.98493303571428,237.194391090676
1547424090,a21432,41.40230340472722,-94.775539664335,231.1187979136172
1547424090,888142,26.747039794921875,122.9680014556309,204.2867423218057
1547424090,a776b2,41.03878784179688,-71.8935546875,198.3493531360018
1547424090,a39473,35.41571044921875,-80.24385452270508,228.735594544844
1547424090,ab29a1,34.688323974609375,-118.63384636080994,52.57657949434824
1547424090,a14d65,33.75178527832031,-117.89372658242984,65.05835455782791
1547424090,a356db,39.23580880892479,-84.55792236328125,260.6688306405703
1547424090,aa56b3,25.724813170352224,-80.47075955372935,229.53428240216823
1547424090,aca9c4,32.79377746582031,-97.16116333007812,128.1471639869131
1547424090,40750d,51.40349307302701,3.04168701171875,151.99883295050174
1547424090,aaef60,25.783172607421875,-80.3826904296875,84.98297239148737
1547424090,7c7b60,-34.560882568359375,138.37005615234375,52.62940638594907
1547424090,aa95ac,38.75795008772511,-86.0430908203125,225.28712181972293
1547424090,8960f9,24.481356346001057,58.622995052697526,276.7885614235502
1547424090,ab618b,41.97798156738281,-82.56531455300069,254.0046086076388
1547424090,e03613,-30.847457885742188,-52.61627197265625,206.75913325494977
1547424090,aa02ac,33.4947509765625,-111.68635253906248,46.86243182518944
1547424090,a08446,38.65474377648305,-98.01385498046876,190.5423074490864
1547424090,ac8d3c,39.44701631190413,-105.9786376953125,228.93278218358907
1547424090,a2c336,32.422760009765625,-93.09611206054689,268.47126528186203
1547424090,424348,53.33289712162341,83.30092486213235,128.05522853009828
1547424090,a8fd3c,40.02351379394531,-83.3433837890625,220.17361803549744
1547424090,aa28f2,32.61231994628906,-95.16785888671876,282.8225780061851
1547424090,71bd59,36.19962530621027,126.53427448678524,226.68541579949832
1547424090,8963e2,42.587663036281775,29.202362770257995,250.09598631325983
1547424090,a3571c,40.74275129932468,-90.84925564852632,238.81341591485307
1547424090,71c282,36.7818603515625,126.9631576538086,169.1339785002122
1547424090,40068f,41.57263804290254,-103.92363792242004,252.11167897669367
1547424090,471f8a,42.751480361162606,23.42234057049419,127.96529519819372
1547424090,e47fa8,-23.549333992650983,-46.71003233711673,79.34621222538796
1547424090,a01880,36.08830261230469,-111.35215759277344,271.01825903897696
1547424090,a8f3c5,42.2735595703125,-68.81074385209519,276.0916034704721
1547424090,0a0086,34.71107482910156,22.50252237125319,271.1002736520435
1547424090,ab5ade,39.16355895996094,-85.76674088187838,226.2366559976853
1547424090,7c39fc,-37.99896240234375,145.30172794423206,158.52389645406697
1547424090,a62825,35.058490300582626,-100.73850631713869,257.91299903298386
1547424090,a08de0,41.89915543895657,-71.23119975245277,114.1010814369752
1547424090,a76f48,39.98121643066406,-95.38848876953124,259.7534687642833
1547424090,4243af,59.73468017578125,42.56048583984375,243.24063480897533
1547424090,440002,43.07916156316208,29.914332798549108,254.54791010483223
1547424090,a19b72,28.289469056210272,-81.35182100183823,110.78118846760307
1547424090,c045f1,42.3885498046875,-83.84553389115769,233.5734393731693
1547424090,a63bd3,39.62008666992188,-101.992651897928,169.80860565614378
1547424090,a71da1,33.39115905761719,-114.72160034179686,165.09485038028143
1547424090,44003f,43.549713134765625,-65.93598121820492,256.2943279738262
1547424090,a27abd,39.78456658832097,-100.4447021484375,229.33818893497025
1547424090,a21c82,33.5640238099179,-113.25754165649414,180.44375386799328
1547424090,508404,43.95560054455773,29.950626918247767,235.91057920536213
1547424090,4ba9a9,41.24555969238281,29.20269775390625,195.44877881971885
1547424090,7812d5,36.75201416015625,115.75440751745346,181.75605748337853
1547424090,3965a3,39.65299987792969,-120.53405098293138,247.98121885747912
1547424090,c05d9d,50.10626220703125,-102.90040668688324,214.68100079161343
1547424090,a1127e,32.735580185712394,-115.6542532784598,81.71242977951485
1547424090,4baa56,35.25973562466896,31.58843994140625,243.28795942464583
1547424090,a742c2,33.03790283203125,-108.0002197265625,261.5167358240517
1547424090,a44988,47.42602332163665,-122.3181856595553,75.62501778928029
1547424090,8686ee,41.50566101074219,141.642109264027,241.95499617780112
1547424090,48412d,44.20870506157309,74.39512671493902,243.927299303504
1547424090,abe00f,33.82662498344809,-107.5261688232422,210.56099281682827
1547424090,a9acb8,46.15869140625,-95.87862340415391,223.9905953853562
1547424090,a15795,38.23749606892214,-76.72582875127375,211.666669397438
1547424090,4691c1,53.36413367319915,35.40530036477482,244.1154681862897
1547424090,a0bcb2,34.16542053222656,-92.3663766043527,283.5823263270118
1547424090,a2b2e1,30.457077026367188,-82.52676571116729,242.2616154085188
1547424090,e483b1,-20.54941468319652,-46.92500443892044,218.6973992591503
1547424090,4242ca,52.48983609474311,104.60428292410715,149.52985445239676
1547424090,4243ef,54.804290771484375,31.60395005170037,240.6465437156355
1547424090,406909,51.30815408997616,0.118255615234375,141.90170995380063
1547424090,868043,33.990581965042374,136.67020797729492,206.74313257907667
1547424090,e493c5,-22.214820991128192,-46.49729410807288,192.5182522446927
1547424090,ace6b3,32.85777980998411,-96.95726044323982,72.02950882507908
1547424090,a2cb32,34.87446930448888,31.14355087280273,233.9702397178665
1547424090,a3fc58,40.61517333984375,-104.26470947265624,235.82081536698087
1547424090,a1c57e,35.41319274902344,-80.74024200439453,114.96068171842246
1547424090,ac79c7,28.20735090869968,-99.15252685546876,224.5829424972852
1547424090,aa1c45,31.984451293945312,-91.03518676757812,197.2334284650336
1547424090,aab04c,28.68882751464844,-96.1102999173678,201.57410089406343
1547424090,aae65d,36.48811340332031,-114.69320297241212,92.2161497753943
1547424090,a4fd62,45.57000732421875,-122.48255287728657,108.55865500007856
1547424090,a07f60,44.82664489746094,-93.2386125837054,92.48552845540496
1547424090,8a02af,3.389375331038136,99.42546449858568,159.0971613694767
1547424090,a6c4d7,31.08480834960937,-81.85864616842832,221.84051703499915
1547424090,adde1e,38.118255615234375,-86.24881176238364,220.58792440418165
1547424090,a300a9,36.219635009765625,-91.45963668823242,182.64790680563576
1547424090,4951f8,41.12741088867188,-72.10064697265625,179.6470563632745
1547424090,396444,45.128448486328125,-74.09905569893976,245.3229119521291
1547424090,a44777,30.34461069915254,-97.562548828125,76.04902303454666
1547424090,aa74ad,39.846954345703125,-77.78965162194294,185.89375391382825
1547424090,a14c29,39.98171531547934,-105.75982527299362,230.0922319321344
1547424090,75044c,44.27597304521981,27.400907190834605,263.44807332430213
1547424090,86351c,33.68491997153072,133.68358612060547,193.5253269201525
1547424090,e80324,-34.85627746582031,-63.6964883609694,262.70313434471325
1547424090,a1efe7,42.744140625,-81.94777055220169,219.50126444304647
1547424090,ab0a2f,32.804718017578125,-115.84890747070312,57.112552509069324
1547424090,a836fb,37.12196479409428,-98.679258927055,193.7180533687252
1547424090,a7a90e,41.715911865234375,-104.497333873402,241.69562434845463
1547424090,7c7a38,-36.92244190280724,145.81705508024797,248.42265855385568
1547424090,a2ab73,32.796295166015625,-86.03371582031247,254.38722624442985
1547424090,a4460e,38.56396691273834,-80.3192138671875,206.2118469900697
1547424090,a023a5,37.87811279296875,-101.17198538272936,282.358999373528
1547424090,896513,24.502770375397244,56.0212563568691,215.5907079152088
1547424090,a2e5ec,39.85905016882945,-74.95477294921875,194.90571665854608
1547424090,aca3a3,37.74865101959745,-77.62921540633494,258.40916937135097
1547424090,a52e54,35.080742270259535,-118.73004913330078,192.0117004567873
1547424090,a106fd,33.43840026855469,-112.08532104492188,80.49034949140972
1547424090,a61d00,32.36997985839844,-93.03217163085937,266.06504562689736
1547424090,7c4807,-28.119646492650983,153.51271685431985,79.08729504161983
1547424090,a81006,34.635749428959215,-84.58688735961914,225.6603782899097
1547424090,76bd42,-35.63502502441406,143.73802185058594,248.93402431079056
1547424090,aa2cb0,19.415634931144066,-99.10631769353694,79.76370856742707
1547424090,3c64c3,32.71783447265625,-116.73028564453124,211.4089450581509
1547424090,a25fca,34.9022609904661,-119.63424682617188,175.5950432390357
1547424090,a41c56,31.44687458620233,-82.53446044921873,263.0439252757256
1547424090,a88072,39.63308560646186,-106.230712890625,244.8191377847904
1547424090,a73b7e,33.339548919160485,-113.47240214445154,210.86431399333813
1547424090,ab3282,27.06005859375,-97.55170138377063,180.090672705053
1547424090,780a8a,47.962738037109375,-114.6108169555664,241.1903088955397
1547424090,a56890,33.50193786621094,-118.0753967285156,197.91925019135144
1547424090,7c8055,-35.83121089612024,150.13249823387633,54.0729345115884
1547424090,ad8426,42.59715270996094,-95.65839594060724,131.16304417398098
1547424090,a923cd,37.084808349609375,-98.21508529338428,191.40912038633712
1547424090,71c067,37.451934814453125,129.2708051965592,279.6778011514672
1547424090,a98ca3,36.98899841308594,-79.00093240940822,259.1041522982359
1547424090,a9b088,35.372066174523304,-80.50629311419544,191.6951161494043
1547424090,a04075,45.77828979492188,-122.84255609279728,47.02873612685708
1547424090,aaf5a9,32.8179931640625,-97.01026611328126,70.48633773129463
1547424090,c01cb7,38.03285243147511,-73.2482379415761,206.6099589123172
1547424090,a74d03,34.70217947232521,-95.1093292236328,179.09228370557804
1547424090,7c7a3d,-34.92400088552705,147.39715576171875,231.7905640621944
1547424090,a77ad8,33.23867021980932,-85.00424754862883,267.2243197130543
1547424090,a35ae4,25.78564453125,-80.32475789388019,79.79853952072867
1547424090,abb579,37.314458297470864,-88.63411281419837,277.0604538379608
1547424090,4241b7,40.12065124511719,-72.83038330078125,222.87243584005083
1547424090,a5251f,40.09075927734375,-80.75537109375,213.59898255205144
1547424090,780a0a,20.32699584960937,72.83719744001117,212.88038332061527
1547424090,a50707,34.08433817200741,-91.93490982055664,238.03808077284103
1547424090,3c5429,42.69962116823358,-2.7060220407884685,147.5477050744177
1547424090,76cda2,40.67711264400159,65.24617975408381,195.7728115737104
1547424090,a2c5db,41.8033447265625,-80.88415666060013,227.49479167238388
1547424090,aaadb2,38.27975463867188,-91.50267256067156,267.1549843780303
1547424090,a895eb,41.9656785867982,-87.96497433684594,71.50956649404185
1547424090,a8557a,34.32785292803231,-118.87075424194336,171.98209931521507
1547424090,a7475d,40.489105224609375,-111.81024169921876,68.01953588900436
1547424090,4249db,41.12229169425318,29.112458662553266,167.90273184443723
1547424090,ad7701,38.09071686308263,-106.3612697435462,268.5520867787518
1547424090,71bf23,35.25847871424788,128.20185884516292,171.7996502085009
1547424090,c03003,38.06748962402344,-121.81839313912896,189.2881300968905
1547424090,76aa75,8.493967864472987,115.24284099710398,243.13180766087785
1547424090,4401fa,52.3924953654661,-2.595049176897305,195.4569031108112
1547424090,7c7a47,-29.824493408203125,152.92408869816708,223.23313252246464
1547424090,c07a29,45.80072021484375,-121.67673250524008,238.6986898302742
1547424090,abdc76,31.843127234507413,-96.24819385762116,217.01733403239012
1547424090,c01a5a,42.99041748046875,-93.74435779660246,244.50598428958432
1547424090,7c6dda,-30.961893372616544,152.51209716796876,222.8795605003456
1547424090,a8eea1,30.501480102539062,-84.25851260914521,230.4645961947111
1547424090,abdd00,32.53294372558594,-108.91812744140626,257.90530293258973
1547424090,04c147,18.88005143505032,73.04569868607955,160.6457961632945
1547424090,7c7747,-36.01392842955511,147.3479315575133,240.04036422569123
1547424090,a5b8c2,40.55758666992188,-101.263427734375,265.21471766572046
1547424090,a18b71,35.29829406738281,-81.1373519897461,138.5918246679921
1547424090,7c6c25,-28.07537841796875,152.8166022667518,206.90947912598168
1547424090,a246f0,40.19915771484375,-122.99896240234376,219.9782034074556
1547424090,acf1d8,33.70257568359375,-114.69866694236288,209.1782696178385
1547424090,ab8c37,42.40544128417969,-91.34595003995032,226.6223626481834
1547424090,a2ab41,26.272613525390625,-81.28385147958431,213.5983630429841
1547424090,a6fbb5,48.00140898106461,-121.98908879206732,45.79707508021446
1547424090,a51d23,41.965576171875,-88.02083795720881,68.93741554043893
1547424090,c07995,25.708648681640625,-78.50026448567706,240.38410866399505
1547424090,42438e,55.25070966300318,58.128079501065336,210.2263934364761
1547424090,a0e250,41.41366215075477,-93.07732160701306,226.9304559560672
1547424090,ab7270,37.88179041975636,-92.7175637950068,272.98901907063583
1547424090,4075c2,42.25248692399365,-71.18131415788514,242.7576147935007
1547424090,ac57ca,47.51216125488281,-122.64724731445312,60.38967817014825
1547424090,750405,2.094268798828125,101.97174589512711,221.82083189275588
1547424090,424548,41.82952880859375,44.40037120472301,230.6385046903909
1547424090,7c752d,-31.849594116210938,149.0684326171875,252.64229087216
1547424090,7c7afc,-31.08916719081037,150.86019287109374,61.50349606519005
1547424090,abece7,43.43002577959481,-88.795166015625,242.73035844074568
1547424090,7583eb,14.991622924804688,121.8863236276727,180.9680623547545
1547424090,896197,25.27753926939884,55.64461186247052,160.5139476938905
1547424090,a92367,40.68730758408368,-101.24862670898438,219.63324888977303
1547424090,8681ba,36.12657165527344,138.81351470947266,197.9513397845675
1547424090,4005a4,37.402348922470864,-10.793171758237063,232.1151717019993
1547424090,706056,25.237106323242188,55.38279215494792,217.60190668855955
1547424090,a837d7,38.2935791015625,-106.72510674659242,231.55695338934137
1547424090,a98169,36.57719421386719,-114.02904510498048,243.48912229048025
1547424090,a24e1e,34.75515591896186,-118.67385864257812,216.11179531470853
1547424090,a1aa19,27.943306615797137,-81.65674546185664,64.45143650003975
1547424090,ad0e61,32.706024169921875,-109.716943359375,256.1626360949729
1547424090,a12216,39.34329792604608,-104.13348388671876,51.81602959109005
1547424090,4072a4,52.0992628194518,-1.046369280133888,166.48364843666823
1547424090,aa9801,34.26654363082627,-116.8461799621582,188.2056655262837
1547424090,a86e35,39.75076966366525,-87.06195068359375,262.31852172217214
1547424090,c0584f,44.83099365234375,-75.50059727260043,209.4772760322572
1547424090,acc5ee,34.485571909759,-82.85419464111328,267.6340214229672
1547424090,400a90,42.949234267412606,1.878792898995536,263.8711608051333
1547424090,a5408e,33.27712236824682,-111.79827631736288,34.879910208287406
1547424090,ab034d,36.90568309719279,-92.67457381538723,220.24572730097952
1547424090,79803a,37.65806036480402,128.47095655358356,281.79747218551165
1547424090,49d2ee,49.62583923339844,13.869299637643913,187.7163790374773
1547424090,ab68f9,40.21531444484904,-74.18955022638494,218.7258355025432
1547424090,a4b1fe,41.944427490234375,-88.27633250843394,88.1862659781066
1547424090,e49311,-21.55091857910156,-45.97643488103694,210.2188399400929
1547424090,a86671,26.06795883178711,-80.14583371720227,52.987732
1547424090,7c6db4,-29.72751423463984,152.18676398782168,244.2699076986667
1547424090,ad35ed,39.27286439022775,-76.59521484375,67.90855662355665
1547424090,ace466,35.22021277476165,-120.61752319335938,59.32188474434534
1547424090,a1e2dc,30.52500915527344,-96.4776252297794,95.9200117384951
1547424090,7c6d8d,-35.72648620605469,148.80266189575195,173.80899950985315
1547424090,06a10a,24.156654487221928,56.84761479215802,258.9130774118807
1547424090,ad385f,32.122859631554554,-104.67067173549106,201.0021650726722
1547424090,800c79,17.490327479475635,73.27596391950335,223.34691571764847
1547424090,ad7ab8,42.67643815380032,-90.93019707258355,233.4759759127268
1547424090,7503a9,-27.77078402244439,153.54143582857571,124.58151321797595
1547424090,a7f3ab,27.29120286844544,-82.66551677997296,232.92442760019827
1547424090,ab236a,34.649871826171875,-91.02985615632969,296.9549730651353
1547424090,a5b18a,40.79942321777344,-103.57147216796876,239.5238226079636
1547424090,aaa4dc,39.82799982620498,-76.9195556640625,172.2212224220052
1547424090,a1ee27,35.58824157714844,-111.00625991821288,267.51137465723497
1547424100,424591,56.27265930175781,56.51392156427556,244.6439510264828
1547424100,acdcec,33.117919921875,-93.4837646484375,268.7747129132346
1547424100,7c7a3d,-34.907501220703125,147.41309341119262,231.7905640621944
1547424100,4075c2,42.22409005892479,-71.19479157203847,242.7576147935007
1547424100,780a0a,20.33033985202596,72.8192305131392,212.88038332061527
1547424100,a8eecd,40.946685791015625,-96.67120361328124,231.3288271355914
1547424100,a866c7,33.31068420410156,-87.83909912109374,189.93018879152007
1547424100,a3059c,32.60998224807998,-111.26353361168684,47.91238780446727
1547424100,a75710,40.932037353515625,-76.701904296875,192.07440355643016
1547424100,a923cd,37.08942477985964,-98.2371189283288,191.40912038633712
1547424100,a7b574,40.91331481933594,-74.82952880859375,116.9146853147425
1547424100,a8cf70,38.05329895019531,-108.79638022564824,199.7639774440621
1547424100,aab6df,32.43754577636719,-111.538916015625,130.01700670847973
1547424100,aa7aa6,28.34907531738281,-82.57540776179388,184.03582495348212
1547424100,a4a08e,37.05587768554688,-76.32184617062833,223.80679134786112
1547424100,a52cc8,33.80964660644531,-77.74273307955997,212.1106950465252
1547424100,abc649,34.372833251953125,-110.74678382095024,189.67641671377328
1547424100,394a09,45.67365743346133,-51.25650787353516,289.4729349864499
1547424100,aa3aa4,40.52137756347656,-104.11639404296876,57.93151120136274
1547424100,861fa4,33.479644775390625,136.83477172851562,281.55647485255497
1547424100,a904ca,40.791412353515625,-74.1690673828125,173.2943385859715
1547424100,7c6c5b,-28.6088174076404,149.04957490808823,230.0347146249833
1547424100,c077bf,42.02037048339844,-85.76202392578125,216.1699564553649
1547424100,a0339f,40.61915588378906,-74.2113037109375,74.78041223237327
1547424100,a3bda6,32.953125,-112.57937622070312,208.0415606769509
1547424100,ac685d,43.11430850271451,-89.3426513671875,66.41310651656477
1547424100,896513,24.51827227059057,56.03504108932784,214.81471486239303
1547424100,76bd42,-35.650774422338486,143.75008441032247,248.93402431079056
1547424100,71c308,35.83213806152344,126.42007827758788,246.7798109671889
1547424100,abca00,31.273746813757946,-98.26199340820312,256.61062841046856
1547424100,a28812,43.16560906878972,-86.28936767578125,207.37262526261424
1547424100,a3c8cb,35.28016662597656,-100.6483268737793,278.09731129456753
1547424100,a5320f,42.515533447265625,-80.99083640358663,223.97464410084385
1547424100,3c5429,42.703216552734375,-2.723236083984375,143.16801833494122
1547424100,800cee,27.77938842773437,49.27984849461969,210.01668307971576
1547424100,a875da,42.05744934082031,-70.86318969726562,266.7261913532733
1547424100,abdcb5,34.72846984863281,-85.3669645348374,195.05841491137224
1547424100,a59d63,40.297393798828125,-91.39825439453124,220.7564263656489
1547424100,896170,1.875962079581568,102.6312466325431,231.2882096589873
1547424100,acad4d,31.5164794921875,-91.98346306295956,202.40870930068536
1547424100,800b73,11.338668823242188,77.24188969053071,193.8471138497424
1547424100,aaa247,39.06310000662076,-76.800537109375,131.31932574644816
1547424100,a6c991,48.68498204118114,-123.02829943205182,58.92798271528949
1547424100,738046,50.667388916015625,5.232094212582236,120.71140979613274
1547424100,3c4584,47.89755093849311,-50.35252497746399,289.4729349864499
1547424100,44ccc7,14.483146020921607,-16.550662392064112,218.6387
1547424100,89644d,44.96406555175781,25.313023158482142,262.32911493716733
1547424100,ad7683,33.31901550292969,-111.77111206054688,55.026273087907526
1547424100,740737,33.306264069120765,33.532179229113524,260.0141663086747
1547424100,4baa92,46.710282665188025,14.241165161132812,268.95632195905506
1547424100,a24e1e,34.73620915817002,-118.6655616760254,214.4855175004891
1547424100,7c6d75,-31.96302795410156,149.3835205078125,240.16161232805803
1547424100,ace466,35.19538879394531,-120.60376225685587,59.32188474434534
1547424100,70c0ab,26.690073821504235,50.99753159743089,207.49701918579493
1547424100,a18b71,35.29829406738281,-81.1373519897461,137.2254660072751
1547424100,896197,25.295654296875,55.64463297526042,166.17257902190713
1547424100,a272b8,32.373357223252114,-97.62624935227996,154.1487473415719
1547424100,48520b,43.14289157673464,-92.28607177734376,238.938055701632
1547424100,a37e5a,40.5333251953125,-103.78350830078124,234.32684200197968
1547424100,75041d,2.244964599609375,101.88781221034162,215.55940261397768
1547424100,ad3da8,33.74913024902344,-111.91391302614797,46.83983663013184
1547424100,7c7afc,-31.08544921875,150.85537181181067,58.702997231656376
1547424100,a3f88e,30.70096807964777,-91.34906616210937,285.6253130544689
1547424100,89901c,-25.41351835606463,150.9716854455336,259.48842973806524
1547424100,4245a4,56.1861768819518,42.26534843444824,205.63157470326908
1547424100,ad3fd9,35.09710693359375,-110.7102935168208,261.5319152511619
1547424100,4d0105,61.34559631347656,-148.799318586077,232.92442760019827
1547424100,abd57e,40.04608154296875,-101.73602294921876,250.4956681414452
1547424100,7502ad,1.953643798828125,102.48614812301376,141.774830383429
1547424100,a3c65a,35.805450439453125,-114.89095687866212,211.3469693189751
1547424100,a508c5,29.24203491210937,-92.31394254244287,176.97546551739856
1547424100,79803a,37.65806036480402,128.47095655358356,281.79747218551165
1547424100,acd619,35.00118449582892,-115.73541641235352,189.93645908051647
1547424100,ace063,42.485853292174255,-86.18142061455302,246.46216899263263
1547424100,e491a1,-21.572067260742188,-45.81658380681819,226.8791361255252
1547424100,42431b,57.45327758789063,34.07126426696777,245.398415839938
1547424100,4d0041,36.42060877913136,-6.016475596326463,231.95720328538613
1547424100,ac6565,40.20912299721928,-74.90228826349431,191.29570914135263
1547424100,4d0104,50.27688236559852,6.696463919974662,196.3862596806613
1547424100,abf9f8,37.09904479980469,-107.631069751496,205.7936757470657
1547424100,a987bf,28.964476504568324,-83.21583467371323,250.4206442853539
1547424100,7c6c56,-36.69540663896981,144.16253921833444,219.11812036569412
1547424100,a39bfa,43.08366394042969,-86.4882074400436,232.16020436748065
1547424100,c82009,-38.2818603515625,174.3143363620924,133.803907672464
1547424100,42423f,33.91526044425318,-118.46792221069336,164.0527958150279
1547424100,a6af13,34.21421891551907,-119.12944793701172,49.67781966525101
1547424100,a9618a,39.21656799316406,-76.89456442128056,143.8981805174401
1547424100,c07bbe,34.43412780761719,-110.8092265226403,229.99329325721592
1547424100,a67a8b,45.54587154065148,-123.14300537109372,64.13241387475273
1547424100,ab44b9,29.12269592285156,-98.78156221829926,114.41609283755604
1547424100,7c39f9,-38.82335598185915,145.7974853515625,177.8816132698941
1547424100,39968b,53.07765197753906,20.161285400390625,247.5758743507265
1547424100,a481c9,32.80391887082892,-116.84004803093111,74.88297474148291
1547424100,76cd6c,47.542327880859375,20.2587890625,267.23372812214075
1547424100,a03472,34.159423828125,-118.47263881138392,54.5262105387292
1547424100,a35e8a,38.219146728515625,-120.95894671500996,150.33212102687696
1547424100,ab415e,35.32777404785156,-110.52864074707033,198.330005201496
1547424100,a9ec06,39.405670166015625,-82.93746284816575,230.1273104303104
1547424100,c01970,28.99408372782044,-82.73108987247241,248.77237398937189
1547424100,400a90,42.92633056640625,1.8838997774345927,263.27975369846865
1547424100,780a8d,-29.52621459960937,147.78121948242188,241.61348665755165
1547424100,3450d7,13.194673182600637,-67.98026637027135,230.27848932835903
1547424100,7c2e45,-36.57838439941406,143.91019821166992,190.71168335875845
1547424100,abb8ea,35.16192626953125,-106.5003437898597,274.23146635169053
1547424100,c820f4,-40.63163110765362,173.46819097345525,234.817624274604
1547424100,495290,32.66047668457031,-16.803863525390625,67.58823145723296
1547424100,a85e2b,40.0964200294624,-105.59290799227628,225.8778263915133
1547424100,76cccb,45.95892954680879,24.9572982788086,262.5761686292078
1547424100,7380c2,55.16500854492188,-2.083847943474268,299.8083238403767
1547424100,4000fa,55.4464152707892,41.8040943145752,250.48985723719147
1547424100,a4b989,40.56431579589844,-94.16375732421876,253.3849519417169
1547424100,8518d0,34.656829833984375,139.6805681501116,194.4196794471928
1547424100,a33716,34.94902038574219,-77.72675806162306,244.26123999736225
1547424100,a05559,44.943718344478285,-94.24306729944738,195.8464727485572
1547424100,acddbe,37.20864506091102,-97.42168260657267,282.86982968426906
1547424100,a29551,36.84077453613281,-92.55626678466795,186.66946299593687
1547424100,a797ea,41.29825915320445,-77.42683410644531,234.60677012113737
1547424100,ac10af,39.80506896972656,-73.75808715820312,147.6382578746786
1547424100,781349,36.638946533203125,114.88454818725586,229.9449588976725
1547424100,869232,61.26595707262977,-155.2076212565104,253.27578145376785
1547424100,c88092,-27.447509765625,153.6231735517394,155.89350942527963
1547424100,a83e86,41.71760171146716,-71.45258703897161,165.4687354151654
1547424100,a06646,31.36983063261388,-102.33176879882814,206.6227678024184
1547424100,a4b5d2,40.376059322033896,-102.95032154430044,230.70160735249425
1547424100,a99565,33.96395408501059,-117.41947174072266,45.05131532867808
1547424100,4401fa,52.408695544226696,-2.58453369140625,194.02451708856364
1547424100,5100fc,53.56468071371822,57.38773121553309,209.98517695387207
1547424100,a15ffb,34.52509475966631,-111.84391021728516,206.9113977287681
1547424100,a2ba3f,42.945556640625,-70.8606392996652,48.31667250141152
1547424100,a8de7d,43.54000854492188,-88.70514625726742,235.8292321782538
1547424100,780aa2,53.408451403601696,60.21016737994026,222.2421896724234
1547424100,a25fca,34.9022609904661,-119.63424682617188,175.5950432390357
1547424100,3c64c3,32.73591613769531,-116.72160644531247,212.66395671996884
1547424100,e8096a,-36.38997740664723,-71.91159512134305,214.2423022691201
1547424100,a53436,33.98121643066406,-84.50890988719704,222.9418915656869
1547424100,a631f7,34.90022277832031,-115.34007792570154,195.64907952848543
1547424100,aab853,38.53912353515625,-121.12038653829822,117.64019416330336
1547424100,ad59db,23.1573486328125,-109.72135786576705,48.63060655553554
1547424100,a82903,41.24871826171875,-95.9232177734375,114.22510501813863
1547424100,a7d833,33.667694091796875,-117.72568060427297,65.53661204432332
1547424100,abae62,33.52524579581568,-112.08868532764669,122.95642089534812
1547424100,aa74ad,39.85411563162076,-77.77117919921875,180.8327372353916
1547424100,aafd78,44.866790771484375,-93.1293378557478,108.4305909297132
1547424100,aa9300,38.65595413466631,-84.2911376953125,226.5820695042624
1547424100,aa84cb,35.93714904785156,-115.04533767700195,234.69530683302244
1547424100,aa1be0,38.87284101065943,-76.5489501953125,132.1009654013534
1547424100,ab48bf,44.40119856494968,-88.08764201838795,195.77348749027448
1547424100,a728a7,38.26716613769531,-105.68713249044214,202.3917108787112
1547424100,49d307,42.011260986328125,-79.38939181241125,192.06958096782128
1547424100,a92082,47.98699951171875,-122.62445068359376,48.6442099031835
1547424100,3c65a7,53.73078918457031,55.769034249441965,226.98409609994505
1547424100,a0a8d8,33.53613901946504,-117.1302888831314,61.42599232891523
1547424100,4692cf,44.064056396484375,14.333325763081396,278.6919356355988
1547424100,adcd6d,44.43132019042969,-95.47949654715404,233.92498982217572
1547424100,a402dd,33.644466076867054,-117.91351318359376,214.00932232122216
1547424100,e486c1,-23.241204730534943,-46.2520853678385,128.99010094248
1547424100,c0405a,44.25237106064618,-77.48395966320498,244.2606982558181
1547424100,461f0c,43.108908443127646,-71.82652064732144,256.9358099257486
1547424100,a1fc42,31.4066162109375,-84.32820039636948,237.95412446733943
1547424100,7c39f3,-32.92327880859375,151.23700823102678,158.1486538561036
1547424100,abaafe,30.12195134567002,-97.20159301757808,200.52100624281857
1547424100,4005bf,44.36572265625,-77.35624040876115,239.46801807587684
1547424100,867904,35.484100341796875,139.84439849853516,79.76370856742707
1547424100,abb205,32.37926935745498,-96.59857925103636,206.29460978953009
1547424100,a72741,42.28144241591631,-80.6079669331395,222.84868532731383
1547424100,e48501,-20.773269653320312,-44.35641697474887,238.6737420798072
1547424100,780276,59.05672752251059,74.16945884967673,215.42000814335017
1547424100,800389,42.61967468261719,31.7293271151456,259.59090959889784
1547424100,846748,37.30943298339844,138.51696907205786,272.78390068151646
1547424100,a1babb,35.413404561705505,-119.21095178482378,239.36853220075523
1547424100,7583a7,34.3482428081965,126.62017822265624,225.1478727074929
1547424100,e48104,-20.457000732421875,-48.993971688406816,251.71246031594083
1547424100,71bd67,36.66244765459481,126.82734063331118,206.89860670746367
1547424100,a3f621,33.077178955078125,-109.6327880859375,265.6808172878689
1547424100,abd69d,44.31463623046875,-94.423828125,216.9587901379637
1547424100,a6c88e,32.64889991889566,-97.1575927734375,118.08142853992815
1547424100,a885f4,27.123056185447563,-82.99383897047773,205.52086089430128
1547424100,ade543,29.394699096679688,-90.22469153771031,265.5134147107454
1547424100,a0acb6,32.7476372153072,-92.86591821787306,273.07334928662965
1547424100,424564,47.00961355435646,12.693504920372597,237.9046264094605
1547424100,c02c87,33.424553305415785,-80.67417689732144,232.6106203972573
1547424100,a1073f,31.03477478027344,-93.00427605124082,191.2050701249216
1547424100,155c0d,52.218841552734375,39.022064208984375,222.2421896724234
1547424100,a92478,37.33247401350636,-99.46961776069976,188.2794759453368
1547424100,aa6c32,39.03497314453125,-103.80181354025136,208.36061669309703
1547424100,ac22c5,29.51328083620233,-92.79591279871325,281.48361830465615
1547424100,a6b4f7,30.788406372070312,-81.06886919806985,227.46803339617
1547424100,a130cb,42.925689697265625,-83.47897551780522,227.99157492322524
1547424100,7c7a3e,-28.269515991210938,152.63252845177286,224.8126166079251
1547424100,4b17ff,51.47628021240234,-0.4546521161053631,62.76427634163689
1547424100,a06f5a,37.67559814453125,-112.40877841381314,199.60029430057253
1547424100,471f84,48.57116181971663,17.741329795435853,259.2971276971668
1547424100,7380c5,53.12434387207031,-2.380658830915138,294.6309311999568
1547424100,4005bd,42.7172179141287,-86.89272148664605,243.3733380298312
1547424100,42435e,49.368988037109375,40.4510263296274,217.41757069719176
1547424100,a214e5,30.68495178222656,-81.7382273954504,227.41974419320505
1547424100,7cf8f1,-31.274817515227767,151.09359741210938,126.59295124414054
1547424100,a362a2,35.804955433991,-115.12351178108378,210.9226673697987
1547424100,a4077d,44.51426696777344,-92.1270969935826,213.0195760761404
1547424100,7503be,1.156219482421875,103.27167058395126,228.78013564168268
1547424100,8963ee,25.23207092285156,55.52007039388021,131.19935842691677
1547424100,7c7b64,-34.69184875488281,138.48036785514986,43.03224890782019
1547424100,4ba892,40.136077880859375,23.12786865234375,241.08549614806967
1547424100,485785,46.23248291015625,-85.74809004620806,243.83126097804632
1547424100,758073,14.65411376953125,120.92329354121767,167.79393701205126
1547424100,a64996,36.27937316894531,-115.11880874633788,238.13478841926323
1547424100,5083de,41.63548278808594,29.367516257546164,225.3505485721332
1547424100,a7db08,31.90997314453125,-84.54495849609373,253.0834433610676
1547424100,abb5e2,40.86322849079714,-96.28642689098012,219.7254101603517
1547424100,7c7a43,-29.95916748046875,152.08040125229778,238.9203331203601
1547424100,e4827d,-24.006151102357023,-47.23561412883254,192.53199863901543
1547424100,a0a91e,37.10953534659693,-104.20800913935122,285.9017612346198
1547424100,a98bca,36.47941589355469,-118.30352783203124,258.5033750242975
1547424100,71c305,35.159271240234375,129.3739910514987,264.2980770733537
1547424100,47c9fb,45.323638916015625,-67.78950282505582,236.2782544072193
1547424100,3c0d01,50.34347534179688,6.442469546669408,184.22698625787405
1547424100,0d0939,31.553246449616,-114.2806640625,225.96509840481093
1547424100,a1e5f8,29.8494873046875,-81.45791860727161,213.6553503578204
1547424100,e483a4,-23.66352663201804,-45.86916365713444,186.81968518485485
1547424100,a68a5d,26.103050102621825,-82.11456298828125,167.94528455064864
1547424100,867512,33.802093505859375,137.88026770766902,263.01575252678293
1547424100,7c6b36,-34.023284912109375,148.3047796755421,234.07202
1547424100,abb995,38.87223815917969,-85.40944638459581,220.70187219976364
1547424100,a34c58,39.60669048761917,-105.6282958984375,227.75987758371176
1547424100,a8ef77,33.91311904131356,-116.3188934326172,87.19787861569385
1547424100,a6a2e8,38.99029230667373,-121.7745361328125,72.37406189968691
1547424100,ab9091,34.413462493379235,-119.0338897705078,168.4652901658298
1547424100,a52911,40.7783432006836,-73.87315368652344,60.80240600832162
1547424100,a4105b,39.61262512207031,-75.17239777938181,203.33492649848048
1547424100,a73348,31.581710815429688,-85.54601332720591,259.4858799718804
1547424100,8960f8,46.39498901367188,22.195665312976374,267.8401194171235
1547424100,a39ac6,33.83556301310911,-109.37610626220705,250.2255827531241
1547424100,abc40d,34.43050061242055,-105.2021026611328,201.4972798666056
1547424100,4951e4,37.405059814453125,-5.680516019780555,213.2734927668584
1547424100,8681b6,33.0421142578125,134.20074462890625,162.0857854399996
1547424100,a9113a,42.769134521484375,-82.71419178355825,45.88655922387313
1547424100,a82a44,36.613128662109375,-122.19554901123048,202.94538689489627
1547424100,a8e78d,34.97328186035156,-118.9057019292092,266.7862142651836
1547424100,424584,54.2994146831965,85.08120450106533,218.26798603702463
1547424100,a7a257,41.95371466167902,-71.95917173873545,179.0449896383994
1547424100,4bab2e,27.399078369140625,50.17176214254128,212.893436507432
1547424100,8a00a6,-1.7866058349609375,104.56642797437765,244.3609
1547424100,a6f3c0,33.68060302734375,-119.68791728117029,217.64325437117924
1547424100,a822d6,47.00299072265625,-122.04141998291016,182.2504546488532
1547424100,48c231,52.727325439453125,17.077255249023438,242.6654760074158
1547424100,ab5f1b,31.923797607421875,-104.8743896484375,267.5944640920256
1547424100,155be5,59.09005892478813,19.95799097521552,239.36466247034053
1547424100,485209,35.19395731263241,-86.82867050170898,208.66713638855643
1547424100,a23e44,33.577606201171875,-111.87153718909435,57.14034901582972
1547424100,aacb4a,33.58576370497881,-113.51921081542967,208.9713068116905
1547424100,ae4d69,37.97895812988281,-76.69286849650928,224.21320403194505
1547424100,8a0591,-6.541846323821517,107.87764450599408,226.93745321559012
1547424100,a44cca,32.088134765625,-115.34144897460936,244.18538448680732
1547424100,47c1c2,43.27221369339248,-67.91048322405135,265.50593892024943
1547424100,a9b9f5,38.59622761354608,-122.0736083984375,231.38773840618552
1547424100,abe56d,45.01201047735699,-58.97085794588415,281.7960634435066
1547424100,a3ef1b,38.04276805813029,-98.53082408075744,272.7644961608054
1547424100,781147,53.41319274902344,58.71478271484376,219.21834551202923
1547424100,06a107,27.59605407714844,50.06049965912441,245.8186558165942
1547424100,48412d,44.20069807666843,74.42152069836129,243.927299303504
1547424100,e80412,-33.691251075873936,-65.53333282470703,200.15772530334087
1547424100,a446aa,27.78116517147776,-82.54910395695612,95.20550349259682
1547424100,a620f5,32.134171825344275,-92.78256786112884,276.8210687677144
1547424100,a4f414,38.89421081542969,-94.56440137780233,178.2932581340122
1547424100,49d3d5,54.1790771484375,28.169180733816965,242.5694836189782
1547424100,c05f09,33.37568664550781,-117.7358642578125,204.38452885542824
1547424100,47c5ca,47.345123291015625,-67.52616119384766,252.1783288872137
1547424100,4242fd,44.329833984375,68.22777884347099,209.87549876743424
1547424100,a8ebca,35.74671936035156,-107.0442008972168,185.43190890592373
1547424100,780c5b,37.80418395996094,-125.53656395445478,221.189982334704
1547424100,800738,44.19874288268008,27.038023413681405,266.0585800538374
1547424100,a85bbe,36.06083679199219,-115.7878303527832,150.7329698882285
1547424100,ac81d2,32.25453186035156,-103.40650634765626,204.46220665676017
1547424100,738063,34.91799564684852,34.012813568115234,235.1571861656328
1547424100,a3e5e3,39.01631500761388,-93.1640625,151.27977872771515
1547424100,4d20d0,40.46195983886719,-70.82806396484375,278.6012317563434
1547424100,7c16a8,-34.50494384765625,138.34729875837053,60.21412640870247
1547424100,4ba956,35.2723388671875,-119.79881286621094,211.85163702938087
1547424100,a31f69,40.893310546875,-76.0145263671875,193.339252725428
1547424100,abf29f,38.480987548828125,-104.19332089631452,216.07872831950195
1547424100,a40ca4,39.55846236923993,-104.180908203125,242.66056822698545
1547424100,acea6a,33.512630139367054,-92.15746821189413,276.14192371488195
1547424100,a87065,34.4512939453125,-82.0909087511958,224.5947263702369
1547424100,780508,34.54975891113281,135.23093710140307,134.08151661287428
1547424100,a3c60d,32.410971431408896,-96.49987045599488,140.70772255162174
1547424100,a66be6,47.99601745605469,-122.09044647216795,51.002653771914105
1547424100,7c6c32,-34.16459655761719,151.27781459263394,112.17356752939224
1547424100,e48aff,-22.761978149414062,-46.47516424005681,181.00535040854524
1547424100,780cb5,-27.152755737304688,153.01944372788915,124.50182524162254
1547424100,47c9b5,48.10693359375,-64.03141021728516,245.68511899472355
1547424100,acd4c7,29.48749089645127,-98.50514131433825,71.86950231389746
1547424100,a20c44,36.05012512207031,-94.26103591918944,107.70078960899843
1547424100,a3bd54,41.7703857421875,-79.89276539195669,128.00561795365533
1547424100,aa3417,-33.11879820742848,-63.88039725167408,284.4391534054707
1547424100,8960ca,25.381668090820312,55.13865152994792,100.40228405664008
1547424100,a7e62d,39.61925959182998,-82.4276123046875,237.52665562383012
1547424100,478f47,45.27917377019333,-66.49146847608608,254.1259633656279
1547424100,a8fc06,37.73300946769068,-103.74753869098164,279.5481311626611
1547424100,ad389c,34.798123634467686,-119.88018035888672,152.67203740664146
1547424100,ab37d6,27.57368184752384,-80.93971252441406,186.6552848504664
1547424100,ab2760,39.44636458057468,-106.882080078125,234.2166979955512
1547424100,c01551,40.33155538268008,-73.25115550648081,206.6099589123172
1547424100,ac1e2d,40.95554157838983,-75.02682078968394,230.6069468841236
1547424100,e4851b,-23.780776977539062,-46.51402791341144,163.36331020787452
1547424100,e48c2f,-15.927520751953123,-48.17485608552632,101.88069549582944
1547424100,a81356,33.35307312011719,-117.68620605468747,47.42939328787583
1547424100,ac1de6,46.19261169433594,-119.01442364948552,72.39782676322874
1547424100,a220cb,32.727759409759,-96.3918008609694,215.94457137513865
1547424100,71c032,35.36412048339844,126.89094543457033,200.9271011192374
1547424100,4243df,29.40337100271451,77.96345430261948,277.531452678528
1547424100,a88e51,36.87098693847656,-118.69868501703787,231.6460845192485
1547424100,3c4b23,41.56411898338188,-72.7238074014353,261.43525784173784
1547424100,ab398a,41.79999917240466,-77.6063360169876,266.18587320390054
1547424100,842250,35.7084526449947,139.73458148063497,184.9746338227157
1547424100,ab9387,34.90542654263771,-82.92034149169922,197.95468215137265
1547424100,4bcdd4,43.223419189453125,22.49124926190044,244.41937716301604
1547424100,a3fb6f,35.00225830078125,-105.99009611168684,278.72042290809065
1547424100,aaa5d4,41.190032958984375,-86.9468994140625,199.4517367584166
1547424100,3c4587,52.04139838784428,19.6204833984375,234.1822320535056
1547424100,7c7a4a,-36.130727994239976,148.086703686004,219.75130473603028
1547424100,4242e1,51.41825866699219,22.95140446843328,236.33369229969543
1547424100,7810c6,55.82092802403336,33.18514823913574,253.66315010626928
1547424100,a6d3f2,34.82493772345074,-116.52236938476562,257.30892634792906
1547424100,a98d7e,27.828927767478813,-83.29675527719348,207.8684811455947
1547424100,ad2fd0,24.376876831054688,-79.69319661458331,247.7831688808413
1547424100,a24b39,30.67808532714844,-98.36775835822613,236.97169190823467
1547424100,ac01d3,44.9178818524894,-93.3039372141768,80.2862344068796
1547424100,4951d7,36.38941877979343,-12.48683848279586,226.6340404811852
1547424100,0ca2fc,9.403738248146189,-60.48025723161368,148.6805461601208
1547424100,a2bab6,33.03896111957097,-88.4597280074139,182.4543658247204
1547424100,a2adf4,39.64267536745233,-99.12750244140624,217.65602192103407
1547424100,ac5249,34.25404357910156,-119.46953598333864,114.95953065551066
1547424100,a7b779,35.01119322695975,-118.77359390258788,255.7547364307008
1547424100,c0850c,44.00545799126059,-68.22542463030135,180.6350537580606
1547424100,ac0b61,35.270023669226696,-115.8434669007646,202.0638851086821
1547424100,a17907,37.19943237304688,-118.45692736037232,277.6401412355516
1547424100,c0228f,35.60403597556938,-115.06752825797872,249.2400216135996
1547424100,c05819,48.41651528568591,-123.39251066509048,21.186100608999663
1547424100,800af1,12.27337646484375,82.69456534550108,232.6572634524572
1547424100,a41596,47.4651272014036,-122.30776273287262,77.6827474382766
1547424100,a680ea,38.40582275390625,-114.78334467461768,235.6355694557441
1547424100,3c650c,44.8320860781912,-67.33125267959218,225.5647755111511
1547424100,4248f8,42.240802312301376,-76.97474989780159,238.00750409055408
1547424100,a5a683,35.39562160685911,-120.51750670088096,240.85320921847065
1547424100,a178ae,38.473663330078125,-91.125023883322,186.3679453334415
1547424100,888055,20.819412231445312,119.6854019165039,224.08509821437949
1547424100,a5e738,30.005126953125,-92.96787037568936,160.3564116339351
1547424100,a2cb32,34.89499884136652,31.12478256225586,234.3810477300112
1547424100,a3a187,42.06134033203125,-75.34723455255681,186.95280010432003
1547424100,c055c6,52.7958984375,-110.8002471923828,138.1260584915614
1547424100,c08096,41.05977203886388,-89.89550503817475,247.0300950872343
1547424100,841b28,34.203460693359375,133.0451062260842,142.32630426839086
1547424100,a79563,39.83161926269531,-86.30226466966712,261.894441770022
1547424100,a485b9,61.21381856627383,-149.7870890299479,24.90674131023133
1547424100,acf2cf,26.94383006984905,-81.50091317983774,147.85410536029045
1547424100,abf025,24.947902873411017,-76.65850369435435,207.4644925930802
1547424100,a0aa2b,39.552364026085804,-77.50103759765625,212.4597666040236
1547424100,06a2c5,27.385025024414062,50.014222343012975,231.92240156052333
1547424100,a0bf4c,38.10914611816406,-77.20799872215758,251.7040489071201
1547424100,a01037,30.98712468551377,-86.63593139648438,182.3687654130028
1547424100,ad4d5e,36.23387145996094,-115.19102096557616,59.76856354370354
1547424100,8a0261,-0.7806344759666217,104.26465790847251,238.60442908658743
1547424100,44003f,43.56001281738281,-65.9075572878815,256.3005235716557
1547424100,abc573,34.32014465332031,-100.86788878148916,205.8418954554044
1547424100,aa2ba1,34.632568359375,-101.08010428292408,267.6473707026018
1547424100,a17a5f,38.67791748046875,-122.12438168733016,49.26053142778693
1547424100,896303,22.813201904296875,46.52315451882102,220.9170131210827
1547424100,ab6cb0,40.8440489688162,-100.4432539506392,225.3505485721332
1547424100,a0a034,40.7862310894465,-97.53868103027344,249.5313260240952
1547424100,a3361e,39.22412109375,-107.90299788765284,223.8121125566873
1547424100,ab4625,38.62257385253906,-122.82159556513248,39.53528079674174
1547424100,a080b8,39.92930603027344,-111.16192626953124,269.3889333944188
1547424100,4ac8d8,40.42912887314618,-9.361350319602252,226.69242062261603
1547424100,c05737,49.22804260253906,-123.49407489483175,55.07434777214975
1547424100,7c6d2a,-34.18711853027344,151.1110017737564,149.30313559833948
1547424100,867f82,46.337677001953125,-91.83036245950836,247.11578723236155
1547424100,a60c09,30.177566528320312,-92.92187859030332,280.94954465136976
1547424100,7c8101,-31.77646442995234,116.17761728714925,125.43364302345364
1547424100,a26093,36.67520296775688,-96.3313390853557,169.52159268766235
1547424100,ab43c6,30.408294160487287,-83.5141662597656,217.8334741177246
1547424100,c07a63,45.307891845703125,-75.68337576729911,63.80142701179039
1547424100,44a839,36.88650357521186,-81.1175537109375,208.36061669309703
1547424100,a02b1d,36.07150268554688,-113.77567291259766,164.63494059765253
1547424100,e07583,-34.37133271815412,-56.48231506347656,258.0689238739242
1547424100,800b1f,13.285354614257812,77.8325942466999,149.65369604735463
1547424100,a3c5ea,32.27302551269531,-96.1308654785156,165.67972324332848
1547424100,a70538,41.39620971679688,-97.71177812056106,249.6771157722623
1547424100,ac5312,30.504180908203125,-94.52916762408093,118.92561184899144
1547424100,aca9c4,32.781760005627646,-97.16112409319196,126.03982988134165
1547424100,a50f4b,38.91762426344015,-120.47735595703124,126.33659569009696
1547424100,aaa038,39.016687425516416,-76.38592529296875,222.89262178607032
1547424100,800b95,18.290771484375,74.38882010323661,221.9168550040424
1547424100,424315,51.49415588378906,40.285157899598815,222.49033915373292
1547424100,80052d,18.833267211914062,72.75264195033482,163.9987441676769
1547424100,a192a6,34.66833599543168,-118.1015968322754,214.6612755406908
1547424110,a1d10c,35.1075439453125,-83.930109763632,246.9609841445597
1547424110,a81ee1,33.56039273536811,-83.99505615234375,233.09990698257053
1547424110,e80412,-33.6859130859375,-65.5542988679847,200.00759698519903
1547424110,acb2c2,36.550323486328125,-86.76738739013672,249.6643956940124
1547424110,a3cc82,41.203399658203125,-82.6065673828125,203.35184607595767
1547424110,868043,33.958099365234375,136.6475568498884,206.5561529001302
1547424110,7c7ca4,-38.15728656316208,145.11757228685462,45.437376243462126
1547424110,800b9c,25.098080392611227,51.68440332952535,147.59612635398227
1547424110,a2685b,35.72621154785156,-83.79375457763672,210.4000490089049
1547424110,a14f95,28.14939337261652,-84.00970458984375,203.25811994580783
1547424110,a841bd,36.62301790916313,-119.72415355925864,240.6982267267876
1547424110,a3361e,39.22444152832031,-107.92891129203466,223.8044263255499
1547424110,abfefd,39.82955932617188,-104.8407380477242,131.72278094082776
1547424110,a446aa,27.788985947431144,-82.54820603590741,90.78879960898658
1547424110,4ba994,51.96844482421875,38.92448425292969,147.56743418033787
1547424110,c07a63,45.307891845703125,-75.68337576729911,63.80142701179039
1547424110,71bf79,36.19551086425781,126.81713104248048,215.8783810909412
1547424110,868732,41.21064784163136,141.2677001953125,216.0156420525424
1547424110,a4b64b,37.223821090439614,-80.69374416185462,216.90389088604823
1547424110,a821ac,34.03327036712129,-118.67477416992188,147.361044804477
1547424110,4ca745,52.03486633300781,0.479736328125,131.86736138021752
1547424110,43c172,24.78648376464844,56.300811767578125,189.8751407022013
1547424110,c0054d,45.60932224079714,-68.97587585449219,220.6868824301807
1547424110,424903,57.18626403808594,62.86823272705078,210.0601537731898
1547424110,508404,43.99717169292902,29.96122087751116,236.00423379692825
1547424110,c07fb0,30.007232666015625,-95.19184785730698,87.97142820936187
1547424110,e48b64,-7.846938311043459,-36.59853705044452,229.4818149846017
1547424110,ad3968,37.827091540320446,-87.90155161981994,241.9287433299343
1547424110,c06362,42.39940578654661,-77.63654841933135,177.35265707852702
1547424110,a32080,38.15776062011719,-120.88490587599732,197.78816365241903
1547424110,8a0261,-0.7584228515625,104.25955562268273,237.6018523428952
1547424110,abe4b9,28.151275634765625,-82.79698298527643,155.5434003669899
1547424110,e48986,-22.60776843054822,-42.961934407552064,192.02617222014004
1547424110,7c6796,-24.078958802304044,151.15083514519458,116.6325217835506
1547424110,a0f355,40.34207618842691,-105.32986034046522,163.48800453538232
1547424110,abfcda,37.85511598748676,-120.7813030740489,208.9713068116905
1547424110,4cc502,44.23416913565943,-79.47603551352893,210.36985833705137
1547424110,a658de,43.05619812011719,-83.90590933866275,230.82948072402223
1547424110,4b8670,25.40496826171875,54.71043904622396,198.4980690731466
1547424110,aa3417,-33.12767028808594,-63.85248413085935,284.4391534054707
1547424110,a8950a,28.87877383474576,-96.75971536075366,138.75309062910077
1547424110,7c6b17,-39.00509591829979,174.8070068359375,226.3576983697399
1547424110,a680ea,38.40554964744438,-114.7563768469769,236.14996941276644
1547424110,86dd08,22.226119995117188,121.50409490411931,271.2369095649981
1547424110,8681ae,34.199229094941735,131.0519027709961,184.36484418254207
1547424110,acf69b,44.270759194584215,-85.03860101467222,235.1774430084377
1547424110,a82a89,33.278891353283896,-117.52994459502553,91.01443452528176
1547424110,851bba,34.48338317871094,133.5245809749681,178.30364840027644
1547424110,a34840,35.64097595214844,-113.65516662597656,205.34758996758924
1547424110,4d023b,14.524670617055085,120.5940808747944,206.74569277043287
1547424110,c03517,45.06120300292969,-82.67911638532365,214.48366664985284
1547424110,76b4ef,2.0514678955078125,102.30068400754766,229.65704388910936
1547424110,a9905b,33.6375297934322,-111.89363479614258,60.02263106885909
1547424110,acf84e,34.56093998278602,-86.78386688232422,69.99463887017086
1547424110,424315,51.47547912597656,40.293323413745775,222.53137317725225
1547424110,894065,24.4486083984375,54.62931315104167,68.22155917293078
1547424110,4005e3,39.8753900043035,-108.657470703125,243.38475582705323
1547424110,7c431a,-31.9474507994571,115.96293546715562,73.61583991789995
1547424110,4b1900,40.522000587592686,-8.39960965243256,253.0740317696983
1547424110,344211,39.18855828753972,-9.81396484375,247.3213272426339
1547424110,750323,5.369155883789063,115.44456869868908,179.3514403502408
1547424110,a4d9d8,33.96749205508475,-118.6585807800293,152.1998028107952
1547424110,47c5ca,47.32672119140625,-67.54188537597656,252.1783288872137
1547424110,7c7bad,-31.096429339909943,152.94100341796874,67.09304411765964
1547424110,a86485,31.171052577131885,-98.44573974609376,59.72205189765228
1547424110,7c6d33,-33.63650564420021,148.6134910583496,226.185178748854
1547424110,a376ec,44.90478515625,-93.24842180524551,67.14036216817338
1547424110,7c2fd5,-37.463653564453125,145.46389315990692,79.86318527442792
1547424110,c080aa,35.78691101074219,-80.6828498840332,231.5363797944174
1547424110,a08446,38.65763854980469,-98.05709838867188,191.0548330217105
1547424110,4407cc,46.73844676906779,9.70085906982422,284.66051120850886
1547424110,a71da1,33.39115905761719,-114.72160034179686,165.09485038028143
1547424110,a0a457,38.64925061242055,-122.13787841796876,213.82312690403444
1547424110,a47597,29.51380920410156,-82.8111384465144,249.9721457578512
1547424110,adafb5,42.08238504700741,-77.6716791197311,224.5947263702369
1547424110,acd964,42.08834373344809,-79.50939799464027,223.06768787133493
1547424110,3949f5,-20.560261354608087,-40.65300958806819,247.69343378244136
1547424110,0d08a5,19.442184448242188,-99.207523890904,100.728608130044
1547424110,a7136d,40.79032768637447,-74.59385958584875,178.4297676392662
1547424110,06a1a3,27.725418090820312,49.96965516288326,253.00291065244247
1547424110,a651ec,42.47742733712924,-78.48939407703489,65.5769820198434
1547424110,40068f,41.54209899902344,-103.96487149325289,252.4709601665221
1547424110,ad3cdf,41.795928955078125,-71.28241799094462,135.73914704479444
1547424110,ac5bf6,43.160430908203125,-75.31619759493094,218.953192497485
1547424110,ac5312,30.504180908203125,-94.52916762408093,118.92561184899144
1547424110,a57d52,47.33560180664063,-122.0995101928711,185.2055559562366
1547424110,7c6ddb,-36.40260314941406,146.99426651000977,237.19885409906527
1547424110,a348a1,42.142204672603285,-73.114013671875,115.6721356733278
1547424110,758524,14.46624755859375,120.94322993837554,67.25654419602982
1547424110,06a0db,-34.75950622558594,-58.89422981106503,127.3131975540412
1547424110,a3571c,40.760650634765625,-90.79632568359376,238.60442908658743
1547424110,7c6c58,-28.62322998046875,152.68687908466046,246.18228353147825
1547424110,acc3bd,37.51409912109375,-90.35664659865358,284.8784455246736
1547424110,800719,13.347643836069915,77.70123933490954,150.24319184873852
1547424110,abef16,39.43551635742188,-111.7849930472996,240.9581230068855
1547424110,4951f0,42.31416320800781,-70.63441189852631,168.53832408436628
1547424110,4242c2,48.485687255859375,20.144348144531246,234.45217372907612
1547424110,a745db,34.51322393902277,-78.63138198852539,63.82423730575488
1547424110,0d0683,19.489140914658368,-98.97907603870738,119.54708957550216
1547424110,ad389c,34.786102294921875,-119.88970698142538,151.67812317797345
1547424110,4cafb6,39.93288201800847,18.101973100142047,254.9027192566561
1547424110,40750d,51.41406043101165,3.0011749267578125,150.5739887412563
1547424110,ab3da7,42.12283894167108,-79.33412773664605,252.31524705525072
1547424110,a76e2d,28.237472534179688,-80.68760798527643,225.49554084539665
1547424110,a81abe,26.51280212402344,-80.7962554355837,214.04827295735024
1547424110,ab30e6,32.26396179199219,-115.248779296875,260.0385933037511
1547424110,a26093,36.68516514664989,-96.3447213680186,170.0780184637768
1547424110,424348,53.32887268066406,83.26349748883929,130.67788984751934
1547424110,a2c087,45.41636321504237,-95.31972745569738,215.00128247998765
1547424110,a300b6,36.79130424887447,-76.7542867457613,214.288620856914
1547424110,ace6b3,32.86756896972656,-96.96884765624998,73.48450343365562
1547424110,0d07bc,29.459652658236227,-95.77029957490812,181.6366191072794
1547424110,a1ea29,34.53387451171875,-119.39599484813456,70.42435849909205
1547424110,a3fc58,40.63444519042969,-104.21453857421876,235.5889543771408
1547424110,a29337,33.91456216068591,-95.08014678955078,181.8106525456812
1547424110,ab04ec,37.69884012513241,-121.66092582370923,66.07752322451053
1547424110,e48eba,-19.22621154785156,-45.04007066999162,121.52317210482096
1547424110,3c542c,59.67118835449219,18.0369873046875,66.37922583523601
1547424110,aa1219,40.576904296875,-105.70355224609376,227.42963558779687
1547424110,0a0090,41.071549755031775,28.6295596036044,140.8346239054783
1547424110,3c5426,51.30839538574219,11.901756492820946,162.6163912502953
1547424110,ab28d7,42.002687615863344,-87.9657408248546,63.79313033724143
1547424110,7c7aa6,-28.47619008209745,154.3421307732077,192.21214068675684
1547424110,76bd48,-27.002105712890625,150.21803370061912,233.79824352286863
1547424110,ab5dab,42.3324171163268,-83.46089917559954,134.2738260417495
1547424110,aa1f5a,32.920989990234375,-109.79197998046874,253.37450704031667
1547424110,abdc91,30.798980712890625,-94.17636646943936,184.58792684819423
1547424110,a9b9f5,38.594329833984375,-122.10169253141984,232.3237305927063
1547424110,aa7e7c,32.397285073490465,-109.54495799784758,208.52821123967763
1547424110,06a107,27.59605407714844,50.06049965912441,245.8186558165942
1547424110,a3a187,42.06770324707031,-75.32619823109019,189.2461810389557
1547424110,a01880,36.10816955566406,-111.29779815673828,270.9538015704376
1547424110,acdf9a,41.04661560058594,-111.75274658203124,216.31376156352457
1547424110,a94b08,40.97630387645657,-97.57819435813212,224.0077269813059
1547424110,a2ce12,39.34913635253906,-101.22778851052988,223.60745049619032
1547424110,ada227,40.89775085449219,-105.98602294921876,235.29894744320532
1547424110,aa1aa8,33.21308898925781,-117.37359008789062,48.68771507445336
1547424110,406f72,43.52549743652344,-72.34861152116639,231.9754578400704
1547424110,3991e8,34.02809143066406,31.24024060307717,209.32814228721944
1547424110,a44f0d,42.353924250198624,-71.01632761400799,65.89101897054015
1547424110,4249c4,52.12393550549523,40.58294677734375,221.9281841831693
1547424110,4b191f,43.23536682128906,29.325575717659888,256.5652454676034
1547424110,780c4d,55.490570068359375,14.345564408735797,247.0370586834833
1547424110,ab35cb,30.50284175549524,-90.26581420898437,204.721566170336
1547424110,345299,38.21530151367188,-11.286757448886306,257.65890634473635
1547424110,861fa4,33.486053466796875,136.8599853515625,282.1977392233985
1547424110,a65560,37.15882873535156,-121.8831423495678,150.27841761897244
1547424110,ad0e61,32.69554138183594,-109.66552734375,256.1626360949729
1547424110,a7a90e,41.73328981561176,-104.55068898755448,242.5782117694084
1547424110,a93d7c,36.12263488769531,-93.65306854248048,172.51141453927968
1547424110,4951f8,41.10809326171875,-72.1357421875,177.92698544593358
1547424110,a00ac4,45.78868103027344,-122.93995927019816,83.53182966492857
1547424110,c021fc,41.29454040527344,-80.0618896484375,242.3053084657369
1547424110,7cf925,-26.97642517089844,154.24239824403008,222.58488444810385
1547424110,7c4807,-28.124487925384017,153.49860696231616,73.91183647174053
1547424110,a98445,39.55714416503906,-74.77599434230638,202.62629376828573
1547424110,ac03e2,35.98678847490731,-114.33056770487032,209.59095077588384
1547424110,020121,-19.66108703613281,-39.86850193568637,246.41062089966
1547424110,abc80c,30.47735595703125,-98.16876579733456,207.91176453620344
1547424110,a403b3,34.473175048828125,-111.48056964485014,237.9035139752389
1547424110,abd815,35.690716242386124,-119.73426331865024,143.72519494490942
1547424110,acc61e,37.85980224609375,-92.92183734000996,214.9231038863416
1547424110,a86e1d,47.01980849443856,-122.43685208834135,148.42043740254945
1547424110,70602a,14.484682244769596,77.11448267886513,234.7922641435572
1547424110,a1b7ab,33.31687797934322,-112.11261982820471,139.2329166691986
1547424110,a7cfe7,41.03082275390625,-92.5054931640625,255.6305313841533
1547424110,4cacc0,33.42668151855469,-13.012646484375011,212.3756679106691
1547424110,e80450,37.63215637207031,-8.338798360621638,249.17895842465705
1547424110,0101a8,41.90455627441406,23.79788485440341,242.85680208454613
1547424110,7c595e,-39.28692626953125,145.62921275263247,117.43754855043268
1547424110,a272b8,32.38425044690148,-97.61890644929844,150.68643476431907
1547424110,c07ee8,49.80317687988281,-120.90179443359378,227.05870478543315
1547424110,ab415e,35.3299363992982,-110.54829049617686,198.330005201496
1547424110,a283f4,37.68951416015625,-109.41249116938164,201.5970758549584
1547424110,a05ab7,39.21383615267479,-91.06512451171876,211.46714814625443
1547424110,a1a257,30.30727580442267,-93.28787841796871,163.80740342081583
1547424110,c06e79,40.623856883938025,-78.42914928089488,232.1944005562979
1547424110,aab09a,38.338714599609375,-104.25259853931183,205.9858444495642
1547424110,a54eb0,32.70208740234375,-110.82139892578124,121.61895736184348
1547424110,71bc23,34.04219055175781,-119.5740742586097,217.57575630442776
1547424110,7c752d,-31.810317993164062,149.0394287109375,252.64229087216
1547424110,76cd6c,47.53057964777542,20.28942401592548,267.23372812214075
1547424110,a3f1d6,27.65785217285156,-80.17371411593456,206.1919533045669
1547424110,a0d5d6,37.87415585275424,-102.1922567616338,218.3116321178433
1547424110,8964da,50.033134848384535,43.01704200538429,217.2105387727817
1547424110,c050b9,36.57981743246822,-91.53107338763294,273.6493937857153
1547424110,a4fd62,45.5654296875,-122.45508705697408,115.05617979657904
1547424110,a12216,39.347442626953125,-104.1448974609375,52.965251522499166
1547424110,ab4515,40.95314025878906,-95.80718994140624,247.74898791391016
1547424110,851cec,41.82966613769531,141.4404851740057,221.7277511982861
1547424110,e484fa,-3.138519287109375,-41.5675638489804,221.3723725696437
1547424110,ab2855,42.10592651367188,-77.90661204944956,263.4134133009868
1547424110,e491a8,-24.08798217773437,-47.92424519856769,218.4061687043243
1547424110,a90375,31.5820157325874,-93.80654296874997,195.89443898365263
1547424110,e4823e,-23.413634219412074,-46.688995361328125,123.17147382905344
1547424110,aacc5b,41.75907897949219,-73.41401533647019,226.9980870963637
1547424110,ab9b13,42.47635663565943,-94.38999619594836,224.5481764691485
1547424110,abaa0e,37.874295509467686,-100.86410522460938,203.3830785210474
1547424110,abd57e,40.04749362751589,-101.70624472878194,250.52788980072927
1547424110,adc928,28.26031494140625,-82.92718153733472,96.97917550487853
1547424110,750473,3.2934722900390625,102.88975602489408,224.6477461492633
1547424110,c03abc,35.35954362255032,-97.19844087641286,232.05074269899728
1547424110,a28036,43.10369459249205,-80.5157906668527,236.82534445666423
1547424110,7c6b13,-32.48817443847656,137.31580810546876,228.7008811833376
1547424110,a508c5,29.2422071553893,-92.34094956341914,176.97546551739856
1547424110,add2b6,33.74725341796875,-117.04496383666992,247.5122621157577
1547424110,a4e569,32.99171059818591,-111.3168397241709,47.84605774801515
1547424110,471ea5,51.10822677612305,16.880214794262034,61.66464931730373
1547424110,a7e9e4,34.61913028005826,-113.1778335571289,200.21986001829703
1547424110,a74992,37.92054748535156,-78.28793140167886,213.9549032133285
1547424110,aae220,40.68591101694915,-95.5025274103338,205.9556492064024
1547424110,461f52,55.46717756885593,41.75911903381348,265.339922130879
1547424110,7c530c,-34.045513605667395,150.7221794128418,144.4882624878721
1547424110,780f3c,60.84251791743909,-148.8105991908482,257.44619987543666
1547424110,ad014f,36.398217152741,-121.62139892578124,219.21834551202923
1547424110,a4460e,38.566480733580505,-80.36895751953125,206.2118469900697
1547424110,7c6288,-26.373275756835938,152.74545921469635,130.25596109691037
1547424110,4ca842,45.238037109375,-66.30719866071428,259.9332354916595
1547424110,79803a,37.68017267776748,128.711401897928,281.79747218551165
1547424110,8678c0,33.77490544723252,133.34306716918945,295.5327427831748
1547424110,aca3a3,37.78587341308594,-77.59544210231047,257.8755425166586
1547424110,a61d00,32.36997985839844,-93.03217163085937,266.7822462251102
1547424110,a8b939,34.20872575145657,-118.44863891601562,26.482625761249583
1547424110,e4917f,-22.44716321007684,-45.63573201497394,210.7488145449935
1547424110,71bf30,35.204524670617054,129.74533081054688,212.62475249170123
1547424110,7c8055,-35.82427461268537,150.1235572327959,59.58896143681069
1547424110,75045d,4.551177978515625,102.67468468617584,244.11601025012783
1547424110,a6f009,34.7450540833554,-119.32416915893556,187.3741776067633
1547424110,a152a6,48.206634521484375,-122.74475097656251,36.23453729722095
1547424110,7c7ab9,-34.157564842094814,151.62277221679688,182.819529956691
1547424110,a895eb,41.9656785867982,-87.96497433684594,71.50956649404185
1547424110,ab0af6,39.70674133300781,-119.7689487623132,102.89008610196193
1547424110,a920d9,40.08805847167969,-86.32806396484375,76.44644763873042
1547424110,7c16f1,-18.96645238844019,146.67177512428978,72.50740981297457
1547424110,a6c7ed,41.35063042074947,-92.6304765181108,215.5821147557769
1547424110,a915f3,44.86588300284693,-92.76185570693592,166.68303154999697
1547424110,a27676,39.70692443847656,-77.73991460385531,226.8097192498536
1547424110,a99b83,40.95530881720074,-78.31010991876775,226.74436630649544
1547424110,394a09,45.68247985839844,-51.22120927019813,289.4729349864499
1547424110,76cee8,-37.20332336425781,144.29700486203458,210.9320776928625
1547424110,4006ac,40.3983112917108,-72.97112898393112,214.02168837052812
1547424110,4075c2,42.20411682128906,-71.20426524769175,242.7576147935007
1547424110,7c7a49,-37.376312255859375,143.81056765292553,215.43413591850103
1547424110,a57dd4,41.54438781738281,-87.57907520640981,229.9616469081252
1547424110,a3bda6,32.95381164550781,-112.59805297851562,208.0415606769509
1547424110,71bf36,35.7418212890625,126.93248748779295,198.3193296710112
1547424110,4cc29e,15.672866821289062,-19.9656275699013,238.67762301225952
1547424110,841794,35.04803466796875,135.02107581313777,155.86974051211462
1547424110,86d215,35.47796630859375,139.82728958129883,67.76615984964673
1547424110,a2c5db,41.79301633673199,-80.83273954169692,227.99157492322524
1547424110,a8b426,29.36485290527344,-90.9484687218299,225.08909196537232
1547424110,aa600a,32.30982971191406,-81.73586425781251,269.7870099126566
1547424110,a61219,31.69276428222656,-93.7792430204504,190.3060404561976
1547424110,a04bbe,42.03433227539063,-71.68135903098369,200.7584341718212
1547424110,aaff9a,35.18334340240995,-82.2590446472168,131.3203334108275
1547424110,8a05ab,-33.57550048828125,148.60791264748087,230.7859085202288
1547424110,abb222,35.59500484143273,-83.43742208277922,186.9103269193484
1547424110,e492a5,-26.310021351959744,-47.6541489821214,242.6916491602136
1547424110,a2bc71,32.40203340174788,-97.95656788105867,52.27115593900774
1547424110,a53ba4,39.89121776516154,-75.72259521484375,173.36228502746044
1547424110,4cc27b,38.413091109970864,-80.26080322265625,227.1327063695116
1547424110,89630f,3.260658393471928,101.56344183560076,201.2127212808009
1547424110,a86e35,39.74501037597656,-87.00162804645038,261.7448403537445
1547424110,a1c67d,40.96056922007415,-74.62638161399147,116.77425536578
1547424110,a92367,40.678619384765625,-101.2982177734375,220.1345489875392
1547424110,acf1d8,33.706695556640625,-114.74289251833544,208.0415606769509
1547424110,aa7e36,37.60743713378906,-118.98993958818151,212.33828002212564
1547424110,a03765,38.27824401855469,-120.61556552318814,223.1999348309955
1547424110,a6c4d7,31.123443603515625,-81.866455078125,221.9281841831693
1547424110,a62bdc,40.94669665320445,-82.88878700949931,250.55324163579465
1547424110,a96f94,29.37831115722656,-86.55235290527344,155.71005527272916
1547424110,a27a94,40.48695373535156,-106.6712646484375,210.77016160147213
1547424110,a813dd,42.892207776085804,-85.51548549107144,36.32207808266151
1547424110,a4f022,39.1076504982124,-94.7930908203125,108.05406072699402
1547424110,a3f473,36.56849670410156,-77.56433486938477,179.17132559144838
1547424110,a332eb,38.83502197265625,-79.47760540506113,202.75621026116488
1547424110,a4e4fd,36.52313232421875,-121.2993621826172,212.02645789661875
1547424110,acef18,39.98036530058263,-106.02561950683594,237.76553179496173
1547424110,a6d3b3,40.618084406448624,-77.07483465021306,226.11262273397776
1547424110,4baa88,33.55815822795286,30.93069076538086,230.6178491599697
1547424110,a07f60,44.81109101893538,-93.25309195169586,96.73872863997178
1547424110,ad263e,32.9129442117982,-112.19378412986288,59.22142046008583
1547424110,ab2372,37.080413818359375,-106.2825564120678,200.01752083562795
1547424110,ab3ee2,34.88905334472656,-100.8072397660236,192.82250533083104
1547424110,a3e63c,34.748291015625,-116.89576440927934,229.5394708357161
1547424110,a57f42,36.32533264160156,-111.2563133239746,260.3843962206763
1547424110,ac90a7,40.01500016551907,-80.41349237615412,220.7060691528096
1547424110,71c067,37.451934814453125,129.2708051965592,279.6778011514672
1547424110,abc591,39.05145263671875,-103.39006506878394,228.08674066492972
1547424110,8964a0,25.14183949615996,55.379592607606135,137.9103375126703
1547424110,406891,12.981822967529297,80.15929254992255,51.78281991554682
1547424110,a75e7e,38.516510009765625,-77.07034567128056,107.19462603986662
1547424110,7800eb,41.04627188989672,140.6180087002841,245.79496909374527
1547424110,a120a4,27.07186889648437,-83.31445657982016,274.3877631915068
1547424110,c819de,-37.26292419433594,174.7816694543717,139.6049745346967
1547424110,7c7708,-32.73454284667969,115.5955078125,70.147603904379
1547424110,abdcdc,30.092559814453125,-95.24317124310664,128.096556
1547424110,ad3a5f,41.15171270855402,-89.61435491388494,231.47121801334868
1547424110,750222,2.5896078853283897,101.80102118130388,94.88389293209067
1547424110,c034ba,35.40400100966631,-94.79301939619349,253.74138727493013
1547424110,a8955e,34.8959764383607,-85.67413330078125,259.8451500573409
1547424110,a11f5d,30.160079956054688,-95.54852653952209,150.83740210635025
1547424110,a8321a,35.311967235500525,-119.48952532829122,216.66888705877767
1547424110,ab19bf,35.35051248841366,-112.97948309715755,275.28522860834346
1547424110,ad9ac9,34.12092590332031,-114.35797866509884,260.0589473803182
1547424110,aa8e94,33.98625260692532,-117.6500129699707,35.95591875240236
1547424110,3c0d01,50.35185241699219,6.464731316817434,184.22698625787405
1547424110,abd69d,44.30662536621094,-94.44377354213168,218.10787568211944
1547424110,42426a,51.3885498046875,17.79480805268159,245.2819143941472
1547424110,a9da27,40.09185791015625,-105.1440290971236,51.81347575636655
1547424110,a7668a,38.025238037109375,-98.11270206532578,271.6342264942266
1547424110,ab8c19,39.21881724212129,-111.52105712890624,225.385777944194
1547424110,851230,33.9396538168697,135.81985473632812,188.2119932678404
1547424110,a44b56,37.62049270888506,-79.49527906334919,209.01626110725053
1547424110,7c7bd6,-33.43098449707031,150.58377685546876,206.651584902326
1547424110,a1fff2,42.827911376953125,-85.11964310047239,232.9585116080289
1547424110,a5196c,41.208692647643005,-85.85060119628906,232.50649300710944
1547424110,4951d1,42.922119140625,-4.972335460574072,218.10302201834293
1547424110,a3b88e,32.48304748535156,-96.65370483398436,125.96736754059422
1547424110,5000bb,26.757481461864405,50.27422978327824,202.4270136972464
1547424110,a0d561,39.54029846191406,-109.87820832625678,240.28500208073515
1547424110,a3e584,41.44834356792902,-84.81796619503996,272.7159788185217
1547424110,71bd67,36.66244765459481,126.82734063331118,206.89860670746367
1547424110,4ba9e8,38.47508239746094,-77.40823496942932,110.39829200205531
1547424110,a04641,42.444561457229874,-84.40489303234011,234.2760127413784
1547424110,c0613e,44.3559963420286,-75.70631818073548,198.0709613828353
1547424110,a2e813,43.80555725097656,-68.27504712481829,254.12179763939056
1547424110,a0205c,42.16680908203125,-87.71565524014562,183.99843186721364
1547424110,a445cd,29.556060791015625,-96.39177175668569,227.23405523866447
1547424110,a43fba,38.964502366922666,-77.14453125,134.7028169942756
1547424110,aa2bc1,37.77243921312235,-89.73202912703806,273.4486421216936
1547424110,a69c03,34.982574462890625,-109.32814617546236,202.5583645590611
1547424110,7c7a68,-32.09725590075476,115.9119835678412,39.30365627097347
1547424110,a2ce2d,35.94337463378906,-77.2269058227539,262.4017426053286
1547424110,c03bf7,49.706245034427965,-107.96190416490708,226.4190719380888
1547424110,a26f08,36.26316911083157,-80.44697862990358,231.58495340108183
1547424110,851c64,35.588394423662606,139.64043799867022,178.53875186156512
1547424110,7c7c76,-27.88260249768274,149.36964181753305,232.2656264459735
1547424110,71be33,43.2160251423464,-75.41401454380582,257.36291905475287
1547424110,7c5322,-26.14247131347656,153.03929166973762,237.53334074060265
1547424110,a9fc34,29.91614390227754,-91.29567260742186,201.9381102229605
1547424110,acb636,38.1434326171875,-88.42258534532908,202.38844178773184
1547424110,a3696e,45.02951411877648,-91.78186184022483,208.49774952411616
1547424110,a9bf4b,41.068634033203125,-82.49481201171875,263.58666784177154
1547424110,a7b11b,43.0609130859375,-93.69057588799052,242.2861937227464
1547424110,acdf34,37.43046647411282,-122.2512618355129,45.880791319982094
1547424110,8960f4,25.07615428859905,55.9432637916421,137.73655675594995
1547424110,a14c70,40.31016540527344,-85.87005615234375,230.8013890610152
1547424110,06a07c,26.37831115722656,55.09410354326357,277.4575392169727
1547424110,406d1a,56.367451296014295,28.06131362915039,265.2107261131697
1547424110,a6a728,35.295301534361755,-101.12622849484706,198.0636124183343
1547424110,8a03c9,-1.9296833620232967,103.13567062904094,239.5044858759674
1547424110,4ca34b,55.462921142578125,-2.967307350852309,195.8052529368761
1547424110,acf975,26.94493103027344,-81.54032005454008,210.98978515963347
1547424110,abadf9,35.95912170410156,-104.4854736328125,268.20349346051233
1547424110,0a001a,16.762115478515625,-15.92742919921875,208.17699675734448
1547424110,3c5824,28.11294297040519,50.03496955422794,229.2718252459762
1547424110,ab0a9d,35.28073068392479,-83.34544080369017,208.28947523642304
1547424110,a75b65,41.21609445345604,-80.64951116388494,229.97948447676907
1547424110,abc780,31.74183654785156,-93.91743379480698,206.1733413448688
1547424110,a49a82,37.36864510229079,-108.00909954568613,206.5644809377468
1547424110,ab34f3,38.05577087402344,-87.82418109000997,216.9276822677157
1547424110,800b09,27.61605834960937,76.3840009581368,209.17067827198804
1547424110,a8e279,33.826171875,-87.63838787468114,191.9124361100954
1547424110,76aa69,2.413454217425848,101.8951626481681,115.7144550974803
1547424110,abb459,42.14206501588983,-88.00879190134447,138.6071004922535
1547424110,accb22,38.341094970703125,-105.10912306765292,202.8880002133077
1547424110,abc1bc,39.446044921875,-106.17390508237092,226.8791361255252
1547424110,7c7a46,-39.07813637943593,148.1800537109375,228.73038787647133
1547424110,7c530b,-35.205409163135585,149.1565704345703,105.14057408541538
1547424110,a6a4d5,32.95024108886719,-116.23244018554686,222.1552420865633
1547424110,aa8a26,37.917914956302965,-105.82371587338652,274.8214546855118
1547424110,7c7534,-31.984832246424787,116.12644117705676,86.941036
1547424110,a3524e,33.133601819054554,-86.34911984813454,196.9050790823437
1547424110,392f2d,28.08013916015625,49.493408203125,218.78390655777824
1547424110,780d9d,59.2547607421875,29.943328857421875,259.48842973806524
1547424110,a50fb9,36.898773193359375,-121.91884791597406,137.15505415035526
1547424110,a7fed0,39.60777282714844,-85.23109767747962,222.1266491448989
1547424110,4ba9c5,35.814917612884,-83.03811580576792,228.2769531282288
1547424110,a94c53,34.32682877880032,-102.06344604492188,188.3567701237617
1547424110,e48414,-21.53411865234375,-43.067654696377815,240.716368131005
1547424110,c004e9,34.56944274902344,-107.76024020448024,224.01245270824649
1547424110,a346f7,29.9461669921875,-83.77672980813418,211.64228660942976
1547424110,0d0939,31.567108154296875,-114.29761101217832,225.96509840481093
1547424110,a72213,37.403885146318856,-79.12711765455163,198.07697396916905
1547424110,ac9850,35.213470458984375,-120.7866621990593,105.7266905602234
1547424110,ac828f,42.00278072033898,-88.01658452943315,72.02216
1547424110,a33327,32.295847747285485,-96.34920081313776,149.58294197636013
1547424110,76cda6,-26.865389549126064,149.86365685096155,270.2163326313474
1547424110,0d05d1,19.610875016551905,-99.19575639204548,126.62012586101342
1547424110,a12177,47.849212646484375,-123.01515197753906,57.1056012682976
1547424110,04012a,23.098114013671875,57.90988436612216,228.4560023109714
1547424110,a6b4f7,30.7060546875,-81.0714542164522,227.9822883337792
1547424110,a05ab3,40.71677515062235,-74.58112543279475,119.1346123002654
1547424110,a15c54,32.728912353515625,-117.17061767578124,67.55689890344523
1547424110,abd5bb,33.616627838652015,-111.9023323059082,118.01417121804484
1547424110,aaed17,39.470199326337394,-75.59161376953125,249.3021314220088
1547424110,44ce4f,38.38669599112818,-82.10291986880094,232.12600314097125
1547424120,e0658d,-30.644500215174787,-61.65642700195309,206.35553791449945
1547424120,0d0005,24.59101867675781,-98.12311808268224,215.8121705059725
1547424120,800d17,12.986618041992188,79.89603502997036,135.4170619709106
1547424120,a2cb13,39.228267346398304,-89.29156494140625,288.6727685354816
1547424120,a1512f,33.48865573689089,-114.21212955397002,200.89680421360617
1547424120,3965b1,46.48594743114407,-71.2295150756836,246.35476496046468
1547424120,ab8fd0,36.1995849609375,-79.70449447631836,282.2103996024666
1547424120,885172,45.042967715505824,25.038779654153966,260.7338006550968
1547424120,0d0acb,19.45248413085937,-99.07289232526507,108.96137662341688
1547424120,c058dd,45.88728332519531,-74.37663752858231,174.49285279586246
1547424120,a637f3,27.015380859375,-82.9138711782602,268.72941457851465
1547424120,a69c49,38.90384480104608,-94.89825439453124,152.82017735062732
1547424120,abedc8,33.18809509277344,-111.90355224609374,149.27743089044372
1547424120,a24ef7,35.521636962890625,-113.76188278198242,242.33370472839923
1547424120,47c9fb,45.309356689453125,-67.83312116350447,236.17014110234047
1547424120,a24aa7,42.704132080078125,-73.25621171431106,85.65917430605785
1547424120,71be30,54.45497131347656,30.41500315946691,262.4778791999674
1547424120,aacb4a,33.59385681152344,-113.5624227718431,208.29963978924843
1547424120,a7debf,30.003662109375,-89.86654842601102,275.35059442011453
1547424120,706025,25.25785931086136,55.36631314259655,68.82022559551703
1547424120,02001b,37.41462707519531,-5.098883446226694,217.665749075402
1547424120,7c009c,-38.06767272949219,145.56148447888964,90.6035057298582
1547424120,7813bc,-19.846568996623432,147.68381569602275,254.09003173107376
1547424120,adfe4d,33.462586483712926,-95.02602090640944,170.82329726514286
1547424120,abfbdd,38.843170166015625,-87.98197870669156,157.69617717866288
1547424120,8a064e,-2.724151611328125,103.720387604277,244.9666515945432
1547424120,a93997,37.32545471191406,-85.54031047415225,210.8624313574936
1547424120,abdcdc,30.0926513671875,-95.225830078125,125.52855268327376
1547424120,a02b92,19.477363198490465,-154.9955166903409,57.530390055820206
1547424120,781163,38.1170654296875,113.77797877534908,208.57833646024068
1547424120,a15c54,32.728912353515625,-117.17061767578124,67.55689890344523
1547424120,a92fa3,33.56465148925781,-99.88046451490754,196.6825110379161
1547424120,7c7bd7,-29.81759281481726,150.28758329503677,237.95634885737888
1547424120,a418b2,32.6168254270392,-87.54444355867344,277.88548743916454
1547424120,abc12a,35.436309814453125,-106.34353637695312,269.6810444760968
1547424120,abec6c,36.60495564088983,-93.45525863322804,187.9833564584493
1547424120,aaafcf,26.066041073556672,-80.18815260667066,69.96627531267183
1547424120,a445f8,35.643977795617054,-115.8167023354388,260.90477715072706
1547424120,a359bc,33.77952575683594,-84.62493896484375,164.86947028877205
1547424120,acd57e,27.81239318847656,-98.53518504016802,230.6568636090238
1547424120,8a00a6,-1.7449951171875,104.55460370597191,244.56929633751528
1547424120,896376,7.066909014168432,79.79564272124192,91.85382853673372
1547424120,a90824,26.076690673828125,-80.14493978248453,74.08708071101628
1547424120,a9f42f,39.39555358886719,-113.13649053158966,234.37032050808867
1547424120,a97dcb,45.16586562334481,-93.46879912585746,245.7836632621936
1547424120,424430,55.39645385742188,33.09405158547794,243.16282836055936
1547424120,800c2b,13.223954540188029,80.06127608449836,173.1629508114768
1547424120,7c81d2,-34.66612243652344,150.1088356485172,136.80922204937866
1547424120,ac82f8,26.11070251464844,-81.36360600309553,202.0560264720284
1547424120,4ca646,43.80706787109375,-1.4978453170421062,210.31701423304685
1547424120,abd559,40.988525390625,-105.41436767578124,231.7865678158816
1547424120,abdcda,30.51066253144862,-94.52384033203124,148.6111096163379
1547424120,ac3ea9,42.83299332958157,-124.56488473074776,66.29145425168527
1547424120,a390ed,33.32656084480932,-77.91997169961735,221.09424204299145
1547424120,a4077d,44.49169611526748,-92.08331596560596,214.0389996392884
1547424120,800b09,27.61605834960937,76.3840009581368,209.17067827198804
1547424120,a7de53,42.16241455078125,-71.28547668457031,196.3343697341774
1547424120,44d2ab,35.03819352489407,-80.93238830566406,231.298507722346
1547424120,a2d359,42.422868114406775,-87.22991233648253,185.39194236337025
1547424120,45ce55,51.01794743942002,5.6484222412109375,189.55010137560825
1547424120,a0f230,41.70281982421875,-80.66617792302912,246.08551207157373
1547424120,a03c48,43.68890277409957,-96.11212594168528,234.6327142740595
1547424120,a83ef2,42.84789004568326,-85.75672694614957,245.51486200359545
1547424120,acb132,36.7012939453125,-97.09390640258788,199.61023840051945
1547424120,76cda6,-26.87265014648437,149.88839203456664,270.05615158890106
1547424120,ab79e3,33.54313659667969,-113.41713418765944,208.1642835030176
1547424120,a335f6,31.498443603515625,-84.63177849264707,223.4020086192065
1547424120,aa8aa9,34.116878186242054,-80.06847381591797,179.9892450468576
1547424120,a75b65,41.21893413996292,-80.6775387850675,229.91100368910853
1547424120,ab0a9d,35.26432800292969,-83.3547592163086,211.5222072891494
1547424120,8963ee,25.23256980766684,55.49422354068396,131.7468886990678
1547424120,3c6481,34.075927734375,31.73529800103635,251.6824933888794
1547424120,a445cd,29.55485198457362,-96.3683543485754,227.26375237660395
1547424120,ac267c,31.85957336425781,-93.02107543945311,254.85807061643533
1547424120,adde95,37.50416564941406,-100.24720536901594,282.9091220983424
1547424120,4d0113,46.16855427370233,-95.5356674194336,251.8370214075153
1547424120,c060b8,41.51700811871027,-87.0963518009629,127.598705888605
1547424120,abbd8d,36.07365417480469,-115.04528045654295,85.40390189557009
1547424120,a44291,40.45980679786811,-94.99902898615056,215.14156331932344
1547424120,7cf8f1,-31.25945527674787,151.07470092773437,125.96631705530656
1547424120,abd627,28.94241074384269,-81.0808787626379,181.8346691801316
1547424120,ac22c5,29.505157470703125,-92.7585190993089,280.98439624713694
1547424120,a00c27,33.60410528667902,-95.41351318359376,63.73502337497386
1547424120,a28a2c,47.23851090770657,-122.42861234224762,109.76118158770429
1547424120,a571ef,44.13546752929688,-74.66270269349559,213.78351627465133
1547424120,abdd09,36.86830165022511,-92.63003141983694,266.56838075390283
1547424120,a9db1d,33.95445742849576,-118.44200134277344,52.87773658943658
1547424120,e48005,-23.535415649414062,-44.24199329723007,218.98219980409195
1547424120,c01442,28.07968139648437,-82.68305264986475,132.7484838468963
1547424120,ab09d2,39.72065036579714,-75.69677734375,217.5629840442346
1547424120,a7178c,34.71204854674259,-80.4429817199707,133.5306765607803
1547424120,155be5,59.07572083554025,20.036031788793103,237.0805559900112
1547424120,aa6c32,39.05923461914063,-103.83632494055706,207.2519875933689
1547424120,aadf08,40.1553955078125,-83.529541015625,231.66493478699
1547424120,a2ce05,35.2998636536679,-117.95675724110704,242.0758319337947
1547424120,7583a7,34.31560968948623,126.6167449951172,224.5911912732705
1547424120,a35e66,43.55795132911811,-92.68524169921876,240.65644132166025
1547424120,c05ccc,30.07889052568856,-65.56322021484374,234.58251538343464
1547424120,4005bf,44.39109672934322,-77.30543183117373,240.9004535424168
1547424120,a14c70,40.32550359176377,-85.85316051136363,229.5602233972372
1547424120,7c4ccf,-31.47499213784431,150.5511474609375,46.48251353214781
1547424120,a3ad59,34.52383784924523,-119.1317367553711,182.94904578652708
1547424120,a8ce92,28.59663391113281,-81.43050560584436,136.13339177163112
1547424120,780aaa,58.688323974609375,64.0777587890625,232.68569975106524
1547424120,a59530,45.181915283203125,-93.07774135044644,171.32916187266636
1547424120,7c7a3a,-37.379910743842686,144.80953714121944,191.6951161494043
1547424120,e48618,-22.022140502929688,-42.713345614346565,225.0726306066112
1547424120,a06010,40.81059265136719,-100.38397216796876,228.04496547359503
1547424120,48403d,25.918991088867188,-97.4568665702388,229.84768397381848
1547424120,abd994,35.65919494628906,-115.2964210510254,204.03396423902765
1547424120,ac219d,40.10943603515625,-85.4150390625,217.2221134090996
1547424120,ab3c61,39.07209777832031,-107.87403935971466,222.991743873476
1547424120,ade8fa,27.19990539550781,-83.477385898806,270.23983745357293
1547424120,888152,58.83234573622881,62.941314697265625,226.5890775222496
1547424120,a19b72,28.293472548662606,-81.31132238051471,110.78118846760307
1547424120,ad4b03,35.04899597167969,-120.13779620735014,247.13506387018148
1547424120,c0173e,46.42826920848782,-69.15948486328125,249.0806949267783
1547424120,a8f77c,33.37958384368379,-92.25914779974488,223.2153486589087
1547424120,e4851b,-23.76719846563828,-46.5431127008402,160.58647774841126
1547424120,0d05ce,19.38723806607521,-99.15790349786931,90.94171023518308
1547424120,7c4927,42.614616781978285,31.77309967750727,263.2284827661217
1547424120,a5dcc4,47.55883685613082,-122.31198824368994,57.530390055820206
1547424120,a7e62d,39.66190144167108,-82.42181396484375,237.47149622966785
1547424120,7c6d34,-33.01931607521186,149.48446468431123,218.8322873321337
1547424120,c040e8,40.22557067871094,-73.0699462890625,204.75905232180853
1547424120,e48bac,-23.21351623535156,-46.010342684659065,206.9318617183077
1547424120,a18d51,33.85528564453125,-118.27606201171876,0.514444
1547424120,c045f1,42.40434265136719,-83.76307400790131,230.3451374618769
1547424120,a981cc,35.82730050814354,-83.93168997257311,245.61886210563665
1547424120,e47fa8,-23.56702384302173,-46.6978540960348,74.65289722673788
1547424120,a70538,41.39781188964844,-97.65278902920812,249.6771157722623
1547424120,ac3535,29.4708251953125,-112.08817115196814,72.78428180187885
1547424120,7c7533,-31.4150390625,116.63495232077206,104.8784657217602
1547424120,c05d9d,50.10823059082031,-102.9900319952714,214.1298608393287
1547424120,0101b7,37.48507690429688,24.66553383685173,254.4626406912407
1547424120,a27abd,39.79000854492188,-100.52478292713994,229.8050772580368
1547424120,71c074,33.114701610500525,130.23647386200574,191.92898373307432
1547424120,a85bbe,36.03900146484375,-115.76763153076172,150.01314062672094
1547424120,88516d,42.60204767776748,32.65481638353925,269.5357649208992
1547424120,781147,53.42170715332031,58.64941406250001,221.09424204299145
1547424120,ab9628,32.87150573730469,-97.00993652343747,65.33641333868641
1547424120,acb9ed,38.17021179199219,-104.614329236619,199.9857627808348
1547424120,3949e2,55.49217612056409,15.969400405883787,253.97334906673103
1547424120,780c4d,55.49986267089844,14.373113458806817,247.47964782438623
1547424120,a64c98,33.564861750198624,-99.4852066040039,106.69970384294628
1547424120,76bd48,-26.994572009070453,150.1938277024489,233.79824352286863
1547424120,c07f08,50.49559020996094,-105.02503244500414,214.1397481672575
1547424120,ab4151,42.56437683105469,-96.41676469282667,238.40969046351617
1547424120,acbe37,33.85125732421875,-84.48402249083227,214.51512893884927
1547424120,a56323,33.54798889160156,-82.10991061463648,227.25210690269
1547424120,a25c75,28.313769324351163,-82.91758817784927,229.385497404612
1547424120,86754e,34.03303527832031,130.61180270448023,128.28649088201828
1547424120,abf29f,38.45317258673199,-104.22845458984376,216.07872831950195
1547424120,ac297b,40.183868408203125,-96.18328857421876,256.61681637173587
1547424120,a07637,36.36392211914063,-90.26653289794922,224.55053365809755
1547424120,896114,41.27618408203125,44.44268798828125,253.86338911198652
1547424120,a65f8f,33.972381591796875,-117.645301040338,130.32603896647134
1547424120,48436e,45.882816637976696,-55.18446350097656,284.16780167224186
1547424120,42428d,54.42549133300781,30.331151625689337,243.7753568540986
1547424120,51007f,42.0736083984375,44.59737604314631,167.34935275584624
1547424120,a5dee3,44.119171142578125,-92.09717506586117,230.6832519947906
1547424120,a44cca,32.12746830309852,-115.3630034777583,244.6515234178117
1547424120,a97c4f,29.70763642909163,-95.3679522346048,131.60921423552733
1547424120,ab28c5,40.83467102050781,-73.21710205078125,158.38526891899753
1547424120,abd60b,41.07206182964777,-96.2208834561435,220.08645448463287
1547424120,a2195d,31.904296875,-93.647021484375,259.99788037032687
1547424120,a4e46b,34.646875413797666,-114.72009658813477,201.67254658386324
1547424120,ac82c7,41.61181640625,-73.43673706054688,214.90278510847105
1547424120,a76e2d,28.216781616210938,-80.67942105806787,225.1796079281665
1547424120,42454c,58.85517883300781,62.759857177734375,221.72596080198105
1547424120,4b8c6a,23.7081298828125,56.82347615559896,219.54285714526583
1547424120,ad7760,38.31114170914989,-104.13468734077784,207.3470993362174
1547424120,a12115,27.01505499371028,-80.59047405536359,209.36037934027613
1547424120,4bb854,26.859100341796875,50.32080308446344,198.70195552707403
1547424120,7808a0,62.41282653808594,-156.1719767252604,262.29632502729373
1547424120,a0bf4c,38.08460998535156,-77.1601965072307,252.36925945398585
1547424120,abec4d,38.386962890625,-108.63409813414228,216.58642273779768
1547424120,4cc4e9,39.34638977050781,-112.51068778659987,225.7025948438408
1547424120,a5a683,35.39562160685911,-120.51750670088096,240.85320921847065
1547424120,a47dfe,32.24931335449219,-110.8033264160156,68.4229859726674
1547424120,4ac8d8,40.46749877929688,-9.34124755859375,226.69242062261603
1547424120,a97d85,32.80038090075477,-114.444580078125,165.3735430382588
1547424120,a15d0c,40.85610599841102,-94.53847711736506,225.6932140698448
1547424120,010154,26.068588256835938,52.21926131338444,221.55401539211712
1547424120,a3c5ea,32.2736423298464,-96.1659645547672,166.22990407291272
1547424120,a001bc,31.757080078125,-114.4688684800092,217.0667181616888
1547424120,abfefd,39.8411865234375,-104.84043950619905,129.66540354458834
1547424120,acdf9a,41.04661560058594,-111.75274658203124,216.31376156352457
1547424120,7c5351,-31.67795989472989,115.882470703125,163.351159569307
1547424120,ab6cb0,40.83040916313559,-100.49431540749288,225.1796079281665
1547424120,a3e53a,38.60055541992188,-118.97596276324728,242.5438428606432
1547424120,a02b1d,36.07132733878443,-113.7321634495512,163.60047170595533
1547424120,a3aca6,39.22635870464777,-77.5548095703125,191.68407109999367
1547424120,c03bf5,45.46142578125,-75.99458966936385,180.74051185269172
1547424120,ad60b7,44.02400207519531,-80.89776327443673,237.29646140641967
1547424120,780b13,60.09342956542969,-146.11589102909485,245.1869463616076
1547424120,4951d7,36.38941877979343,-12.48683848279586,226.6340404811852
1547424120,a6d241,32.70662469378972,-81.029719138632,237.7182210859412
1547424120,a34741,30.38836669921875,-97.6131484087776,98.69953711070292
1547424120,a16ec2,35.71380615234375,-114.79824634308508,207.29029287245967
1547424120,800c40,27.81605529785156,76.83558050191628,224.44856261802136
1547424120,7c7aa5,-34.07743835449219,148.1774279536033,231.38773840618552
1547424120,a95222,32.4049072265625,-108.77464599609374,243.83126097804632
1547424120,e48007,-20.423118461996864,-44.81223366477269,210.51888269192457
1547424120,abb1c2,28.03575936010328,-82.52881218405332,107.518796
1547424120,acf906,38.148953712592686,-120.0572801672894,239.7331119039958
1547424120,a736ff,38.73417663574219,-90.33060488493544,69.09080598550021
1547424120,abc14d,33.240625413797666,-80.91268111248405,224.03371724589417
1547424120,4bb1c1,34.68677068160752,34.927425384521484,185.3748112073588
1547424120,899111,31.94861460540254,-95.29249541613518,194.54215283478715
1547424120,7c5e42,-39.00750732421875,146.51152237601903,149.17279364218248
1547424120,4ca74e,44.92877197265625,-67.08748953683039,260.34119597506964
1547424120,ac8b2e,40.82193665585275,-110.6715878573331,208.47680451277927
1547424120,a7cb78,35.06575012207031,-89.7363841776945,296.32376306649417
1547424120,a553ce,40.63604736328125,-89.62225341796875,235.8022973246576
1547424120,00d170,-26.08680725097656,152.8314842368072,43.80332819816321
1547424120,75021d,1.6646614721265889,102.56689137425916,230.1457101273469
1547424120,ad237f,32.12498474121094,-110.94993896484374,89.88648460637975
1547424120,4ca8c0,28.208267211914062,77.30260408841647,265.07797276674
1547424120,800af1,12.24486787440413,82.77769389905428,234.60112970823656
1547424120,a1a55f,34.36784130031779,-105.25920867919922,271.62691916244194
1547424120,adcde9,35.09428897146451,-83.79804611206055,79.12409617076972
1547424120,0a0086,34.696127681408896,22.589893341064453,270.5965659678143
1547424120,a03ce6,26.46981811523437,-84.70091046027414,245.40920021330464
1547424120,39bd28,34.011566162109375,-118.29343834701848,184.0653026078064
1547424120,ab649a,27.23184876522776,-82.03443673940802,253.7168755574542
1547424120,4951f0,42.30909444518008,-70.6058732853379,172.76512427740505
1547424120,780219,44.67073602191472,25.236131621570124,255.75318423990308
1547424120,ac3477,38.29042053222656,-85.48555414727394,229.1840802760802
1547424120,8960f9,24.41683494438559,58.76830478884139,277.9388156119352
1547424120,7c7b60,-34.57182312011719,138.35755640146684,61.112829278043016
1547424120,aa02ab,39.980255126953125,-77.06304931640625,208.66713638855643
1547424120,a41596,47.47983770855402,-122.30790358323318,85.40390189557009
1547424120,e4910e,-18.77833479541846,-39.25400057705963,249.5525370989217
1547424120,0d0776,35.98292463916843,-78.69167896027261,250.39475055492693
1547424120,a08446,38.65910339355469,-98.0788919200068,190.5423074490864
1547424120,44003f,43.58116149902344,-65.85109267123909,255.83543737504863
1547424120,4ca614,47.49797058105469,-69.68586730957031,242.5252925371243
1547424120,a94b08,41.00400245795816,-97.5946114280007,224.0077269813059
1547424120,76b445,4.657562255859375,102.74297681905456,246.194646032856
1547424120,ab1979,48.52037332825741,-51.92268773129115,272.26143730259173
1547424120,a82dbd,40.92059326171875,-96.77587890625,218.67501067894835
1547424120,4ca8db,51.896575927734375,0.2521514892578125,75.34277830248938
1547424120,a74923,33.81431579589844,-118.14714081433354,69.48041888237128
1547424120,06a0db,-34.76618879932471,-58.9057731628418,126.34811668356409
1547424120,c00b9e,38.72229107355667,-84.5340576171875,222.13796762439017
1547424120,a4200d,33.4500732421875,-112.66193847656248,202.24193229975745
1547424120,abba43,42.592620849609375,-95.36039179021662,236.7873463642777
1547424120,76cd8f,2.164818715240996,102.4096732304014,249.5101131460964
1547424120,406b9d,28.056610107421875,-83.94526554987982,249.88690358138723
1547424120,a81163,36.00764465332031,-115.3579330444336,153.0771323102526
1547424120,a7b779,35.06486795716366,-118.78429412841795,253.4684956580757
1547424120,7503d7,1.344268798828125,103.79170563261388,243.91373686156507
1547424120,ac7b8a,29.933807373046875,-95.0738525390625,155.51617444366795
1547424120,781102,-21.55787581104346,147.6659647623698,263.5239076161524
1547424120,aa6c50,40.32047595007945,-74.56589438698506,91.52477816095856
1547424120,a4e4fd,36.50663731461864,-121.28321870844414,212.42986866078328
1547424120,a44728,41.65689759335275,-75.20620656567951,212.30150884446303
1547424120,a7858e,37.97731561175847,-88.42053620711619,272.492687779951
1547424120,e0268f,-34.30320739746094,-59.36064428212688,172.44236547241215
1547424120,a9e5e9,28.68153200311176,-82.59015251608457,208.91050815645588
1547424120,a858b7,36.05982893604343,-87.52480364860372,181.907427497509
1547424120,341119,40.3773193359375,-3.4403076171875,94.27247710236544
1547424120,7c6714,-34.045623779296875,150.6573112643495,44.67080504854866
1547424120,ac10af,39.8338623046875,-73.7720589015795,144.8687457338014
1547424120,7380c2,55.141845703125,-2.000077191521143,300.032014836664
1547424120,a57f42,36.32533264160156,-111.2563133239746,260.3843962206763
1547424120,abb8ea,35.182877880031775,-106.44390106201172,274.4432175179213
1547424120,a206c9,27.719809322033896,-80.80787658691406,130.7305351924923
1547424120,a3778e,45.70805953720868,-122.6598129272461,131.51466809658208
1547424120,318539,33.9290771484375,-118.49214514907524,124.5942585644714
1547424120,896219,26.23968092061705,52.25800147423378,217.9039287190049
1547424120,7c7a38,-36.8831052618512,145.88512254797894,247.5881672677369
1547424120,a61836,19.93087509931144,-155.16575483842328,158.60401129661506
1547424120,ac75ee,25.202171196371825,-80.98633964106722,186.95280010432003
1547424120,a300a9,36.24575857388771,-91.50950979679186,183.0799155562248
1547424120,4cc268,38.80701614638506,-77.4617919921875,76.15335227195956
1547424120,894059,15.205032348632812,76.59557141755757,234.30707637756268
1547424120,a3b4f6,41.43782043457031,-72.27561950683594,182.9606181566595
1547424120,aa7aa6,28.38443562135858,-82.5805125517004,189.7175731515033
1547424120,aa2568,41.928157483117054,-87.62452591297239,40.86188244830412
1547424120,a8b426,29.36485290527344,-90.9484687218299,225.5876534829252
1547424120,a6c781,40.99832308494438,-73.23373967950994,246.72135692806503
1547424120,a61219,31.69276428222656,-93.7792430204504,190.3060404561976
1547424120,ab0c3a,37.6102294921875,-122.03420436128656,55.44789980398637
1547424120,a54ab2,42.0926513671875,-87.85223527388138,147.130984
1547424120,06a10c,3.941619873046875,100.22640939486227,234.27940170184257
1547424120,461f52,55.46369934082031,41.79948286576704,265.339922130879
1547424120,c07939,47.52131652832031,-93.20574188232422,218.2904163630112
1547424120,a152a6,48.20456294690148,-122.7487262926604,37.04354035550814
1547424120,a9d70d,33.542889093948624,-117.0819854736328,57.65446228999244
1547424120,7c6d22,-30.083175659179688,151.84182559742646,221.21630365076763
1547424120,abd77e,42.40443342823093,-83.28511792559954,250.40531974789755
1547424120,a92ebb,32.99543477721134,-110.4209495077328,173.37983989037642
1547424120,39bd26,40.48759460449219,5.48089599609375,276.4211542479012
1547424120,a74992,37.9083251953125,-78.30546277634642,213.9549032133285
1547424120,a403b3,34.494232177734375,-111.48578254544005,237.9035139752389
1547424120,40081b,61.17639056706832,24.651896158854168,244.81751626017447
1547424120,a7302f,38.45109558105469,-84.45208342179006,212.56437628899863
1547424120,a8fc2e,31.69234453621557,-101.38167114257811,206.70728657059496
1547424120,a0be47,31.934183411679022,-81.96641571667732,242.8682441653175
1547424120,c04418,39.13586115432998,-112.91387939453124,230.8529833662895
1547424120,8964da,50.05063848980402,43.00175022434544,217.2105387727817
1547424120,a4c7b8,45.61234813625529,-122.9626235961914,39.37429493309928
1547424120,a14c29,39.95475769042969,-105.8326416015625,231.7060573208178
1547424120,c080a9,43.259765625,-77.89402451626086,213.0829283631855
1547424120,c03454,28.200714111328125,-84.22874450683594,206.80520828459777
1547424120,06a046,2.6798858642578125,101.7404743776483,72.62593819483835
1547424120,a44611,38.541621838585804,-98.60260009765624,269.81055213577247
1547424120,aa6b7e,35.570892333984375,-84.84683990478516,300.608782670246
1547424120,7c49f8,-32.10667419433594,115.84671020507812,68.4500558525977
1547424120,a82e19,36.93415832519531,-100.95664166389628,95.26108334700118
1547424120,aa84cb,35.904297909494176,-115.07956646858378,234.69530683302244
1547424120,abde0b,34.35098939022775,-86.20325088500977,273.1678263509434
1547424120,5100fc,53.56756695246292,57.32439826516544,209.98517695387207
1547424120,750307,-1.8028106689453125,103.78039343882416,231.4020349963625
1547424120,a875da,42.06972283832097,-70.82298101380809,266.9210925293718
1547424120,a6b55a,27.51772605766684,-83.19370563213641,201.48480189256853
1547424120,a21efd,34.80180126125529,-109.86757278442384,274.77137420413845
1547424120,acc6d1,41.32828534659693,-72.602275501598,220.37546451960304
1547424120,adcca6,39.03973078323623,-103.49212646484376,203.03339175330865
1547424120,ad1560,41.08721923828125,-105.4774169921875,240.57559895617567
1547424120,40645a,51.762725830078125,12.306617530616554,183.7717534100816
1547424120,a836fb,37.14565988314354,-98.73777306598164,193.7180533687252
1547424120,a9cdcb,34.65162374205509,-112.42664337158205,40.419063319880735
1547424120,48506d,25.86619231660487,-80.4335491473858,105.73294831774489
1547424120,c01945,36.132869397179554,-115.1145707800033,99.80346187779077
1547424120,a44197,43.303070068359375,-78.21115892986916,222.37373743639887
1547424120,a2919a,47.39436779992055,-122.31860821063704,81.28866368853438
1547424120,a7c363,42.75535583496094,-73.50209322842687,208.8224453997672
1547424120,aa7bea,39.72800561937235,-118.70477294921876,228.4977023543308
1547424120,ab8862,36.80003356933594,-113.05578231811523,211.3338206135117
1547424120,7cf925,-26.967618263373936,154.26695603590747,222.77563663634407
1547424120,e4808c,-28.212799072265625,-55.50837003267725,249.0976946287122
1547424120,a3e564,29.89179708189884,-98.5996021943934,169.70181243785262
1547424120,a9b088,35.3829345703125,-80.4411506652832,198.45339931484057
1547424120,a49914,32.798858642578125,-108.02620239257811,112.61624501299204
1547424120,48418d,32.685955500198624,33.88065883091518,200.4305778429051
1547424120,71c073,35.679290771484375,126.76145553588869,239.63207947193104
1547424120,7c531e,-27.049782963122368,153.12664912297177,196.36469669272984
1547424120,8964a0,25.142491227489405,55.37244112986439,139.0807702867303
1547424120,ab7d25,47.62359101893538,-122.33086219200725,37.681047693962014
1547424120,ab048d,35.2009867005429,-81.61216735839844,292.5318757432553
1547424120,ab477d,33.024390269134,-84.20375901825571,243.3733380298312
1547424120,4951f8,41.09893798828125,-72.15509033203125,177.4235242930923
1547424120,7c4514,-24.005538940429688,151.18321736653647,227.8621089599482
1547424120,71c067,37.451934814453125,129.2708051965592,279.6778011514672
1547424120,4baa50,27.871078491210938,49.392354713296,205.1193449550359
1547424120,7c7a3d,-34.87486267089844,147.4445950255102,232.1106109449017
1547424120,a7e276,40.68356323242188,-73.95458984375,75.79804697954575
1547424120,a6c4d7,31.14097983150159,-81.87000732421876,221.9281841831693
1547424120,4ca7f2,30.82386598748676,-14.455975341796886,264.29256963780097
1547424120,a88072,39.65620422363281,-106.15020088527513,244.6401647429223
1547424120,c01a5a,43.00680541992188,-93.8245196675145,244.1485318780121
1547424120,a361fe,38.35139465332031,-77.5427311024767,115.29170958206666
1547424120,a251d5,45.60392761230469,-122.7978738924352,125.1125269622425
1547424120,a8eecd,40.97319030761719,-96.71630859375,231.3288271355914
1547424120,a8ae5c,42.22055208885063,-80.2408830509629,233.1708562705147
1547424120,a987bf,28.922286987304688,-83.1975614107572,250.4206442853539
1547424120,a81006,34.70658874511719,-84.59450235172193,225.705526255758
1547424120,a44585,33.2103664592161,-95.47320930325252,202.08483997902223
1547424120,aaa83f,33.446339752714515,-85.44902567960776,259.0694218919056
1547424120,3450d7,13.1656494140625,-68.01062748349949,230.64653689710445
1547424120,a163f2,40.54569567664195,-76.55972567471593,208.4482397420244
1547424120,780831,37.55159539691472,111.80995111880095,167.90273184443723
1547424120,a0cfbd,41.33784484863281,-81.93133544921875,241.3948643525657
1547424120,a0cc06,29.80581509864936,-93.82916618795956,207.2519875933689
1547424120,a033ae,42.98799133300781,-84.21620923419329,237.07162543515545
1547424120,a4460e,38.56838937533104,-80.40692138671875,206.2118469900697
1547424120,8a0534,-2.348785400390625,104.55302092988612,235.6894741924846
1547424120,4006c1,28.59126721398305,-80.96713795381436,162.51952818169863
1547424120,89625c,23.95445251464844,55.86980183919271,223.8848230686283
1547424120,a59172,37.50938415527344,-122.24674306017286,32.04453465175739
1547424120,3c7064,40.615081787109375,-74.998046875,230.1595089348256
1547424120,800c94,19.78770446777344,72.80713217599052,194.41627630731827
1547424120,a8cf70,38.02729797363281,-108.83080015791222,199.3920172908797
1547424120,aaf9ea,41.21744446835275,-78.1593600186435,238.63215669979
1547424120,adc17b,36.71910172801907,-108.01600030127992,260.5393499014931
1547424120,7c8025,-33.70573425292969,149.25100521165498,133.12176643800854
1547424120,a68ff0,61.20660296941208,-149.8512776692708,38.068856
1547424120,394a15,52.60899353027344,11.617355346679688,248.2180305162728
1547424120,0101cc,40.70965265823623,23.441016457297582,246.08766296189089
1547424120,adc531,34.689788818359375,-106.93890007174744,202.1876183452424
1547424120,710053,5.523562673795021,100.3772972370016,243.4385753722668
1547424120,7c6c48,-35.34320378707628,138.54162987242356,84.89728913157253
1547424120,aca3a3,37.80610656738281,-77.57691728307844,257.45904945453304
1547424120,a1c229,32.29170227050781,-107.19656982421876,205.2947422363953
1547424120,c04811,33.82136458057468,-77.52765655517578,219.4892071139569
1547424120,a8fb79,33.67370088221663,-112.06340789794922,41.67313945925399
1547424120,a1c534,39.53234656382415,-99.28631591796876,265.57470825502946
1547424120,a3a44a,40.57702533269333,-79.4279688054865,218.10726898005424
1547424120,a41f61,28.232814982786017,-96.12547032973345,214.01117727416988
1547424120,7c6b2d,-30.45849609375,151.84958065257354,256.6889982310193
1547424120,a86540,38.511566162109375,-76.92686661430025,219.5995069908978
1547424120,acba1b,34.714508056640625,-110.49191221898914,205.69076925527463
1547424120,a5ca4b,39.34986179157839,-81.6322021484375,211.23298668014203
1547424120,8678c0,33.784169342558265,133.37356567382812,295.5327427831748
1547424120,4891b2,58.27748961367849,20.10552978515625,248.55738652902065
1547424120,c02202,39.06207585738877,-97.10205078125,277.20942751138034
1547424120,7c6288,-26.38478424589516,152.74598341721756,130.25596109691037
1547424130,7c531e,-27.03474659030724,153.13245920034555,196.8513092618211
1547424130,a3f88e,30.72345281051377,-91.2584289550781,285.7665804627088
1547424130,ab68f9,40.13864290916313,-74.21314586292613,221.023008308406
1547424130,a3c8cb,35.28357037043168,-100.55762757646278,278.09731129456753
1547424130,a8b426,29.371261596679688,-90.97725501427284,225.71490651805613
1547424130,a6b911,31.24497985839844,-99.59332634420956,277.4918756605961
1547424130,c03068,42.04514325675318,-71.33831645167152,213.5184313015715
1547424130,abe1c2,26.075912475585938,-79.85169032834608,207.10125142288692
1547424130,ad4584,33.30848693847656,-92.43572387695308,212.88908553408743
1547424130,e490d3,-22.85966258938032,-47.00363159179688,152.4039807337456
1547424130,aa25a6,42.57463073730469,-85.315204967152,209.71465986537427
1547424130,4bb1e1,40.21408081054688,31.642333984375,255.01326885957053
1547424130,a61219,31.69276428222656,-93.7792430204504,190.3060404561976
1547424130,7103d7,24.89390227754237,46.44527219376474,177.69256194815702
1547424130,aab5ac,48.0721435546875,-123.11341094970705,59.7309140511211
1547424130,a59d63,40.32177941273834,-91.46792325106536,220.79778262732296
1547424130,a4ea67,42.13728332519531,-88.59193975275213,56.588840000000005
1547424130,706056,25.25596618652344,55.3009033203125,218.1005951459492
1547424130,a8de7d,43.5725687317929,-88.77973284040178,235.8292321782538
1547424130,76aa75,8.398815090373411,115.11370428677264,243.4380317999833
1547424130,4242f1,56.11935424804688,53.53621049360795,247.10668385289475
1547424130,a49578,37.61532541048729,-92.3785400390625,262.7318442716779
1547424130,c07995,25.793850139036017,-78.49109577682782,240.89605911245
1547424130,ad3e84,33.779048596398304,-118.10577392578124,47.3120696781729
1547424130,4008f9,28.591781616210938,-80.61904907226562,217.1032917558695
1547424130,0d097a,25.802508855270126,-80.31327157650355,64.33841599166222
1547424130,a7d725,41.19128211069915,-94.65670498934662,237.7182210859412
1547424130,acc5ee,34.54171390856727,-82.7614974975586,264.64681450412394
1547424130,e48d5c,-22.2320453191208,-47.76006062825519,132.3441560812173
1547424130,a1ee27,35.58837890625,-110.88850021362305,266.99693161033
1547424130,a67a8b,45.56190490722656,-123.13697628858613,62.97475404956307
1547424130,a8d4d2,40.97291564941406,-86.63763427734375,203.43967510648795
1547424130,ac7a5e,34.71977233886719,-105.0465050522162,276.0417534241265
1547424130,06a0ba,26.90313720703125,55.92797621241156,276.8301510198144
1547424130,ab0888,32.82490539550781,-116.97297363281248,2.57222
1547424130,c03c44,34.72848148669227,-80.68828582763672,218.2115969286443
1547424130,a1a257,30.312332153320312,-93.22583366842832,163.2952549868698
1547424130,a4df56,44.06262413930085,-85.94159807477678,233.46067272115343
1547424130,a41f61,28.232814982786017,-96.12547032973345,213.70489219213923
1547424130,3c07ca,32.405385162870765,-110.11641521843111,198.02084939706583
1547424130,aae582,25.80195022841632,-80.2615010963296,86.55052089788067
1547424130,a78605,34.57379150390625,-87.09590989716196,289.94065665564176
1547424130,4845eb,48.61161804199219,0.7519296499399037,207.8468360701837
1547424130,aaf633,32.35222250728284,-92.91210563815372,275.7726953643543
1547424130,7c6db2,-39.36447919425319,146.06890869140625,188.19441568262644
1547424130,a3e94e,41.103424072265625,-74.12213134765625,197.7874946207848
1547424130,adde1e,38.04396057128906,-86.26540813040225,221.51041080374424
1547424130,a4f022,39.12359619140625,-94.77935127590013,107.69956095440968
1547424130,a21ba0,33.48358154296875,-80.02127511160711,253.4413469709568
1547424130,a2b919,42.60795593261719,-77.57246537642044,218.008353976146
1547424130,a61836,19.94134935282045,-155.17699085582385,158.96985532976842
1547424130,a33a93,36.21052551269531,-114.11012649536131,231.07642557058773
1547424130,495290,32.68061828613281,-16.794470214843752,67.58823145723296
1547424130,4242da,53.588143041578384,19.402744068818933,242.96629703971035
1547424130,a48b38,39.74015808105469,-104.84229046365488,53.82274313450269
1547424130,add12a,34.20016013969809,-119.1324234008789,62.079558515492295
1547424130,800b1e,3.932919259798729,100.33174185917296,228.2149195346132
1547424130,ac9ae8,34.271245406845864,-110.90194702148438,189.6485089638501
1547424130,8960cd,19.70146567134534,72.03785289417614,225.75711287521509
1547424130,a9807d,36.6592821024232,-77.47032652509972,235.8668236016605
1547424130,a19e61,40.01957702636719,-121.338134765625,220.1555870287353
1547424130,a8ce4f,33.83125305175781,-110.13339918486926,253.13990556101857
1547424130,a2ab73,32.72538757324219,-85.96450195312497,254.71420725994315
1547424130,7c16f1,-18.978836059570312,146.67675018310547,73.09631953543698
1547424130,ac75ee,25.218338012695312,-80.98271687825519,186.85014004710064
1547424130,a3ccb7,34.31840282375529,-80.5447769165039,233.79597957163853
1547424130,896219,26.250155174126057,52.233599149263824,218.14670110462723
1547424130,4d0041,36.42060877913136,-6.016475596326463,231.95720328538613
1547424130,a365ae,33.30491405422404,-112.50975316884566,124.28907418863623
1547424130,ab44a7,30.8521728515625,-84.3515194163603,253.0729860157184
1547424130,780d64,50.58943176269531,-127.34795018246298,250.1044518037782
1547424130,aae9a3,39.56689453125,-105.34055626910666,248.88936827176417
1547424130,a54c11,46.9200004965572,-121.18328387920675,185.06975430232475
1547424130,a59ef7,41.10502624511719,-81.553955078125,211.6516649372384
1547424130,a9e5d2,33.18364547470868,-117.0377458844866,40.458330553869374
1547424130,a37389,25.62398102323888,-80.08017485996459,144.36915582968732
1547424130,a8fd5a,40.58582370564089,-86.84848438609731,226.1600208317071
1547424130,7580a0,17.0518798828125,119.23298082853618,238.4585287597689
1547424130,e48a70,-20.275634765625,-44.47844369070867,238.1447904171152
1547424130,ab034d,36.84613037109375,-92.73885726928712,218.84619482523257
1547424130,4066ab,45.09535217285156,23.76218523297991,260.18307276621266
1547424130,a6fbb5,47.992703712592686,-121.9702852689303,40.20899042990043
1547424130,7c5744,-36.62791442871094,174.92460250854492,223.2123845438969
1547424130,aa68f2,34.22590352721134,-109.64881896972656,262.2478893536164
1547424130,ad21bc,36.073516845703125,-115.11611938476562,74.62275771941543
1547424130,a075a3,30.06317138671875,-82.12361055261948,264.9361626872593
1547424130,ab1c47,37.90907003111759,-88.42937303626019,239.58568966278943
1547424130,c04d13,45.19752502441406,-71.2176949637277,176.9605106867552
1547424130,a866c7,33.31068420410156,-87.83909912109374,190.17736010820468
1547424130,800d32,15.03055378542108,76.72380719866072,227.8127415800064
1547424130,a38d49,37.74540710449219,-86.108852954621,225.96744081307915
1547424130,a77ad8,33.23867021980932,-85.00424754862883,267.2243197130543
1547424130,4951f8,41.09120178222656,-72.1734619140625,176.51502493606964
1547424130,a05dbc,36.38816186937235,-94.44864475980717,274.07121786959897
1547424130,a44728,41.66725158691406,-75.22551103071731,212.30150884446303
1547424130,88001c,24.86471402443061,120.73606671027416,190.06669495125425
1547424130,89625c,23.94493103027344,55.8898417154948,224.7979009474366
1547424130,a202fd,37.2570128360037,-106.77886962890624,263.01424318721314
1547424130,86351c,33.68491997153072,133.68358612060547,193.5253269201525
1547424130,a0150d,41.16947937011719,-97.30633544921876,229.23257506916465
1547424130,a33716,35.01272945080773,-77.71081924438477,244.15774555169045
1547424130,8a0582,-0.6558744786149364,102.46417867726294,132.81525398011257
1547424130,aa06bf,40.960708876787606,-81.37529546564275,126.7465156964259
1547424130,c00734,29.99430510957362,-80.88980712890623,198.71127866100403
1547424130,a30bce,46.43925476074219,-121.63694056068977,225.07321853301244
1547424130,484007,40.45752573821504,-107.39266829057176,243.8323463681601
1547424130,aba841,41.93816621424788,-82.73765386537059,169.296634432497
1547424130,3c7064,40.60141870530985,-75.01776955344462,230.5059328704774
1547424130,7c7538,-31.22859114307471,117.27410888671876,130.56442777624068
1547424130,a4cc95,41.16125591730667,-77.71378950639206,244.67315753024783
1547424130,a23a02,37.97359143273305,-102.64293504797894,267.9364417768895
1547424130,7c7747,-35.963279594809364,147.43138090093086,240.3483248897099
1547424130,42431b,57.50672421212924,33.997901178175404,245.398415839938
1547424130,c82081,-38.81391906738281,174.39571878184444,243.8323463681601
1547424130,a036b1,41.68505859375,-87.36390547318894,252.65067104442696
1547424130,a33e85,33.96263122558594,-77.45226801658163,207.10125142288692
1547424130,84c3fc,35.56681823730469,138.3951187133789,191.5625335255814
1547424130,750466,5.26043701171875,100.49189680713718,242.4969187092955
1547424130,a8e29c,29.708038330078125,-83.79288306603064,268.3450562409993
1547424130,850e36,36.64191811771716,137.6747618330286,231.44834988268497
1547424130,7c7a44,-34.685302734375,139.4015378368144,224.89206453549065
1547424130,a8d465,38.49576788433527,-122.3212890625,222.76375653625905
1547424130,a8268d,45.85688781738281,-122.61834121331935,229.2002463471813
1547424130,a57dd4,41.544708251953125,-87.633882002397,229.9656748671445
1547424130,aaff9a,35.18998718261719,-82.28468291613518,132.4291173508537
1547424130,a4ab32,25.740875244140625,-94.78347778320312,280.2039093823425
1547424130,aaf9ea,41.2144775390625,-78.13232421875,239.72483215915847
1547424130,ad00e3,30.1773485086732,-82.86113891601559,250.68682456279245
1547424130,adb014,40.28155517578125,-85.87945556640625,230.1951520256812
1547424130,7c4877,-37.83055114746094,143.75218817528258,160.5139476938905
1547424130,a92367,40.66952462923729,-101.34987571022724,220.2505337459379
1547424130,a3f500,38.382087319584215,-84.07627934994906,211.0800782174952
1547424130,abaecb,40.804386462195446,-73.95939913663,129.76435635954556
1547424130,a991d7,33.91722106933594,-117.511615363919,93.47746175513812
1547424130,4ba915,41.619873046875,28.330868807705965,204.46803130224032
1547424130,4006ac,40.40101132150424,-72.92069175026631,217.6286619684516
1547424130,aa1c45,31.984451293945312,-91.03518676757812,197.0427972735793
1547424130,aab04c,28.628082275390625,-96.14056513859674,201.1028647636815
1547424130,ab63d7,41.96809387207031,-84.33348915793681,164.09795965202878
1547424130,a9034c,36.07365495067532,-115.14355598612032,51.44697215569772
1547424130,780a3e,34.49427717823093,-83.79392623901367,159.7139432212271
1547424130,a9bb7b,36.18251037597656,-116.07587814331056,222.37135717289647
1547424130,a76277,37.66241455078125,-121.972727674119,107.20326683562772
1547424130,896311,25.19476318359375,55.76090494791667,132.57292748114816
1547424130,424259,48.03913879394531,40.3843002319336,218.69921444898608
1547424130,485789,40.27964963751324,-74.98056585138494,275.38951815650216
1547424130,aa74ad,39.875808974443856,-77.71533203125,178.07269320473625
1547424130,71040c,25.27553752317267,48.04699591870578,254.85755140019447
1547424130,a6a728,35.295161877648304,-101.16526502244017,198.06160810796408
1547424130,c02cfc,38.78041076660156,-84.87768422002375,249.1359397169284
1547424130,a7bce2,42.71992492675781,-77.20935474742544,261.4671435542361
1547424130,a49a82,37.34522932666843,-108.04623811141305,205.8418954554044
1547424130,a2e189,29.597488403320312,-95.83046546349158,95.20550349259682
1547424130,acd57e,27.8331298828125,-98.53430406102592,230.6367834668444
1547424130,a675e8,29.212554931640625,-107.76209317720853,199.5014893256036
1547424130,aa7b33,42.8398830607786,-87.9132516043527,59.66219793034112
1547424130,7c5301,-34.07414245605469,150.9488413285236,132.98551533676164
1547424130,aa46c6,42.895294189453125,-87.52073066179139,254.683034814479
1547424130,7c2fd6,-33.37101745605469,149.0728271484375,235.2410156564525
1547424130,48520a,40.26205289161811,-105.85633017800072,224.86323112551688
1547424130,aaeae5,45.598480224609375,-93.64391047780106,177.58752926653224
1547424130,abc651,47.58122848252118,-62.04345703125,229.1794611891731
1547424130,a097f4,37.7024711996822,-101.392822265625,207.40325222741123
1547424130,aa76cb,38.52799987792969,-92.74090974227244,251.2388809720376
1547424130,06a2b5,35.729644775390625,-91.22257232666016,226.9683551980813
1547424130,49d307,42.06157619670286,-79.3776898051417,191.2327507166113
1547424130,a0a8df,40.536895751953125,-74.263671875,80.29447489324589
1547424130,4bb847,51.840804795087394,0.7025909423828125,177.99836741463253
1547424130,a46d29,34.0774949930482,-96.27182006835938,252.4893038713232
1547424130,7c81d2,-34.66845703125,150.0944861587213,136.9088107411543
1547424130,ade543,29.350720421742583,-90.12709673713238,265.5134147107454
1547424130,ab678e,36.124955516750525,-90.12213524351728,217.24891546242
1547424130,e082d3,-27.634597778320312,-58.27262446565448,233.0947978004245
1547424130,a773da,45.4703172586732,-73.83971423637577,141.49548188595423
1547424130,ab8923,37.53520900920286,-122.46973452360734,161.95756042533867
1547424130,a2094d,32.42135258044227,-109.60543885522958,220.89065614158204
1547424130,a5047c,42.17710876464844,-123.33239468661222,216.6029181136364
1547424130,7c6b1c,-36.531170343948624,145.73136349941822,242.07091219883603
1547424130,8a00a6,-1.7228851318359375,104.54831915386652,245.06386487339745
1547424130,abb9b2,34.18743896484375,-84.56249626315372,213.39258661389644
1547424130,3c0ca7,44.09330206402277,26.963718959263392,236.75660815198788
1547424130,7c11c5,-37.94329833984375,145.1568603515625,41.10726258258217
1547424130,a14fe0,42.67131740764036,-73.39256818904431,253.46275290907627
1547424130,abfb46,38.22045794988082,-73.27683821968411,212.96801079843016
1547424130,a1534c,25.7816162109375,-80.42124430338538,97.7565434406916
1547424130,a5686a,35.55409240722656,-84.78870391845703,155.2990473028205
1547424130,a4fda0,41.34173583984375,-81.979248046875,215.4881814631957
1547424130,abdd09,36.852287680415785,-92.60626751443613,266.89927860785133
1547424130,45ac43,45.7834276102357,-66.06031036376953,255.436340092436
1547424130,a3f7f3,39.70138549804688,-79.74712869395381,220.1345489875392
1547424130,ac4ace,39.68219821735964,-106.69488525390624,241.8674756033518
1547424130,47c9fb,45.29695672503972,-67.87112352324692,237.06883456777047
1547424130,7811a2,56.14767818127648,65.55662155151367,256.6023775633215
1547424130,a423c4,35.802337646484375,-114.6771240234375,214.9785089741796
1547424130,e48053,-21.7943115234375,-47.19596724076701,239.57685249023595
1547424130,e48fb7,-19.47065734863281,-48.68561880929127,216.82456742656964
1547424130,a93997,37.30718994140625,-85.53423293093414,209.87108522727792
1547424130,a01fee,43.03440856933594,-93.96593670512353,232.528688
1547424130,c06be3,35.46368408203125,-77.03676223754883,216.4024447019628
1547424130,7c7b6d,-31.08746337890625,150.82192813648896,50.28410503096723
1547424130,4bb146,41.66769771252648,30.770277866097388,261.39526867385
1547424130,abe450,38.750408625198624,-98.47711181640624,268.58756170478193
1547424130,a418b2,32.62380826271186,-87.50604746293048,275.2626353437359
1547424130,a095f0,35.983948788400426,-79.7041158473238,283.70921966013856
1547424130,a82dfb,35.30717468261719,-120.2073097229004,192.8307402713789
1547424130,ad24ab,43.28558349609375,-76.13959733829938,216.1056721788096
1547424130,7c6c75,-32.42262268066406,151.36858520507812,136.23735973133785
1547424130,a1512f,33.49269104003906,-114.2323791503906,199.8957542257209
1547424130,a2d359,42.41697692871094,-87.25142045454544,185.39194236337025
1547424130,a72b6b,35.11626162771451,-116.04143142700195,207.00922289195296
1547424130,406c39,57.00590515136719,75.86248397827148,221.94428254817785
1547424130,ace9b8,41.29276598914195,-87.30703874067825,223.45708793771945
1547424130,846748,37.33909606933594,138.59808089885306,273.7195012243633
1547424130,3949e7,23.842333777476163,55.51013298754423,225.2918207100465
1547424130,ab34ea,44.60677324715307,-91.30898080221031,228.5081261761445
1547424130,a44b56,37.59521484375,-79.53020842179006,208.66967297409784
1547424130,a8e279,33.826171875,-87.63838787468114,191.9124361100954
1547424130,c0271f,41.18555618544756,-78.054989901456,228.316947160998
1547424130,ac390f,41.66388042902542,-94.669189453125,231.81111509787257
1547424130,7cf8f1,-31.2518207097458,151.06492309570314,127.10515231731216
1547424130,7c39f3,-32.964198225635585,151.2348782286352,157.987921727275
1547424130,a14502,42.66265869140625,-81.75852930823038,197.55788310410023
1547424130,ad3a5f,41.16700744628906,-89.56414794921875,227.3615508083748
1547424130,aa8859,33.84800720214844,-110.73428407007331,229.043156218394
1547424130,4bb84b,45.5315334514036,5.147630645007623,86.05988511711458
1547424130,a1b70e,39.90271616790254,-105.1044921875,35.823185211263166
1547424130,851c64,35.603011826337394,139.605258373504,178.3051326746027
1547424130,aa9963,32.057098388671875,-93.68333129882814,263.9102734069311
1547424130,ab503a,35.98292463916843,-118.93337168592086,221.67761463576247
1547424130,a0345f,38.665543895656775,-77.041015625,75.46737426866474
1547424130,a41131,42.56429381289724,-75.83498222883355,248.67714257585592
1547424130,4ca798,55.65166408732786,35.71998596191406,208.24817663876587
1547424130,a94c53,34.32613049523305,-102.03317642211914,188.3567701237617
1547424130,5083ce,33.1486381918697,34.05660823899873,235.6355694557441
1547424130,a08588,33.18511962890625,-117.22642822265624,51.56771875464852
1547424130,a2cb13,39.22505524198888,-89.2578125,288.6727685354816
1547424130,e48501,-20.773269653320312,-44.35641697474887,239.0930722514441
1547424130,a9d5e5,40.38616115764036,-74.64385986328125,101.345468
1547424130,71c315,35.07929915088718,126.85993194580078,211.22108384784764
1547424130,abb721,36.97085623013771,-121.48693582286006,31.79996377244251
1547424130,a14057,28.50523867849576,-81.99290556066177,48.969556589796646
1547424130,ada64d,47.43891906738281,-117.25618743896484,230.5834191641333
1547424130,896212,25.263336181640625,55.35392761230469,69.96627531267183
1547424130,4243fc,44.320151118908896,3.101828970560214,231.3236788360978
1547424130,a7f6b0,26.562515258789062,-81.75455345297758,256.1585034897191
1547424130,a31ffc,40.55863719875529,-103.77123746004976,207.03223385980056
1547424130,8963ea,34.43797302246094,23.86527548030931,276.0916034704721
1547424130,a6f3c0,33.67620849609375,-119.75708630620215,218.0204932018348
1547424130,a46368,33.83751820709745,-119.81918334960938,199.5432718955201
1547424130,42442a,48.84022521972656,22.142944335937496,228.1917250757016
1547424130,a66332,40.325592041015625,-74.4749755859375,83.87961698518038
1547424130,abe3e6,29.788558959960938,-83.46155019906848,203.9100534817443
1547424130,42429b,39.78731317035222,32.62091064453125,248.7170484443673
1547424130,02a194,37.48637571173199,12.416282322095787,245.89400748199668
1547424130,a23e44,33.567794541181144,-111.85873031616212,50.19982404982105
1547424130,4951e5,39.94386291503906,-71.0565185546875,280.21760429957453
1547424130,e490ed,-23.3455810546875,-46.18417635830963,170.82329726514286
1547424130,06a092,24.92471985897776,56.73096278928361,235.1464943506164
1547424130,7c146e,-35.94624147576803,148.41576758851397,209.2086322466444
1547424130,a08de0,41.936920166015625,-71.2125049937855,116.3883362812879
1547424130,851bba,34.47358703613281,133.48994040975765,178.30364840027644
1547424130,ad20da,33.17463684082031,-119.52960205078124,223.1999348309955
1547424130,841e00,40.7503858663268,140.26232632723722,222.12188329677903
1547424130,a51727,26.707624015161542,-81.57417297363281,194.27260946529705
1547424130,a7d2e6,41.34580993652344,-80.48284912109375,271.1588403311041
1547424130,c00b7d,41.12223815917969,-77.42987060546875,234.09237074609948
1547424130,acc76b,33.17824541512182,-81.02495465959822,235.62433775005096
1547424130,8960f9,24.41683494438559,58.76830478884139,277.9388156119352
1547424130,ac5314,33.67416640459481,-96.9565200805664,229.21872046091903
1547424130,ab5ade,39.242431640625,-85.783459207286,228.35055991481127
1547424130,ac90f3,36.45431259931144,-95.62897377825794,284.7111760680733
1547424130,acc9d5,31.214126586914062,-91.54007855583644,210.0003004841856
1547424130,a0f1bb,34.23921203613281,-93.76819844148594,186.671589624878
1547424130,71c074,33.13211214744438,130.2297475386639,189.05379542557927
1547424130,4951f0,42.30793762207031,-70.58684609153056,179.09228370557804
1547424130,a44988,47.42602332163665,-122.3181856595553,75.62501778928029
1547424130,a32bbd,33.707404702396715,-112.07496643066406,51.96139069006403
1547424130,a56d30,34.21568298339844,-118.46165248325892,49.92492825435855
1547424130,a21432,41.39411021087129,-94.88412546557048,230.65915837110904
1547424130,ac820f,34.33103942871094,-88.27755675023917,165.60383055418134
1547424130,a01037,30.98712468551377,-86.63593139648438,182.3687654130028
1547424130,a3c39a,42.19629837294756,-103.31709041151883,235.4181408159897
1547424130,aac1d4,39.12585242319915,-120.8653564453125,97.37543014890672
1547424130,a22539,38.791514251191735,-76.64630126953125,260.0971069807281
1547424130,aae377,42.80985686738613,-92.83309936523438,197.1831036293077
1547424130,4b8c6a,23.71524616823358,56.80574237175708,219.54285714526583
1547424130,8004df,44.13184731693591,67.51543317522321,242.05341899804725
1547424130,34444e,37.84446716308594,-13.11153980011636,250.038836755524
1547424130,aa73e9,38.88494459249205,-121.39910888671876,116.04219242615514
1547424130,a776b2,40.98353576660156,-71.963134765625,200.10482949763303
1547424130,c0850c,44.02715133408368,-68.16244942801342,179.94954040109246
1547424130,ab1db2,39.00013732910156,-87.84208214801288,211.9515523243232
1547424130,a3a538,35.455810546875,-89.97344970703125,192.6247611416227
1547424130,3965af,47.49291888738082,-70.01868614783655,242.89439546877733
1547424130,a64a02,25.53497314453125,-77.47791794111144,225.6932140698448
1547424130,a6ec95,35.98846435546875,-112.66070426778587,255.7040266579349
1547424130,e48eff,-19.10517805713721,-44.6187744140625,204.74935828541217
1547424130,a82d60,37.99137438757945,-77.12450110394019,259.6005946571323
1547424130,a9b276,39.783050537109375,-87.21753327742869,198.18450163944144
1547424130,49528d,40.63636779785156,-3.53607177734375,218.3207239530723
1547424130,ad389c,34.786102294921875,-119.88970698142538,149.67491574653806
1547424130,a15795,38.29998779296875,-76.66715581366356,220.3802681350213
1547424130,abef16,39.44471740722656,-111.73388273819631,240.22386597318928
1547424130,a6f63b,42.1126905538268,-70.71433133857192,86.92276979712315
1547424130,ab3c61,39.06321716308594,-107.89822122325069,222.991743873476
1547424130,400152,51.81431657176906,20.430450439453125,245.6053930725857
1547424130,c8221a,-37.92013549804688,174.2852977996177,224.0248572671708
1547424130,8960f6,25.26753053826801,55.05285299049234,184.0487669440716
1547424130,7c6b35,-33.78703308105469,149.39590142697705,240.3340098881804
1547424130,a14f95,28.16450500488281,-84.04678344726562,202.7907971008889
1547424130,8963e5,33.90742492675781,-118.49281778140944,111.44571721404316
1547424130,a396ef,33.80497741699219,-112.2001180843431,15.02493569546998
1547424130,71bd84,35.01110012248411,126.31702423095705,234.1279802953181
1547424130,300189,41.554436117915785,15.84509561228198,208.3237786145351
1547424130,4071ff,50.07623291015625,6.657931679173519,210.0374745338728
1547424130,a5ca0d,34.083984375,-98.7780201191805,77.20945843151861
1547424130,7c757f,-26.314024844412074,152.7348914513221,50.66685802987195
1547424130,4075f3,49.16514587402344,-4.332697941706783,202.00428281589305
1547424130,a60c09,30.177566528320312,-92.92187859030332,280.94954465136976
1547424130,4ca74e,44.94995634434586,-67.03529171827358,259.95868814990456
1547424130,a376ec,44.90478515625,-93.24842180524551,67.14036216817338
1547424130,a44560,43.18846621755826,-75.48549107142856,212.3102347849569
1547424130,0d08a5,19.433807373046875,-99.20600346156527,101.2357301711782
1547424130,0ca2fc,9.403738248146189,-60.48025723161368,148.6805461601208
1547424130,a88711,32.458175400556144,-110.37280024314413,97.76737189116272
1547424130,0a0090,41.06852385957362,28.59441583806818,157.42406691774983
1547424130,abd8c1,35.66539182501324,-87.6762162878158,272.1817172605368
1547424130,c03517,45.067035222457626,-82.69255103134526,214.48366664985284
1547424130,345611,44.9178818524894,-0.5876345750762084,85.12454984165073
1547424130,a00d15,45.74800135725636,-122.83573150634766,67.37645395514525
1547424130,aa73a0,41.19947530455508,-89.6973141756925,186.2443596202016
1547424130,0200cc,40.28723765227754,6.413144198330966,234.07202
1547424130,a21c82,33.56785583496094,-113.18714998206312,164.4628468772126
1547424130,a5aa78,28.485397338867188,-96.04036771334133,216.03279354067504
1547424130,a8ae7f,34.135918051509535,-91.93977355957033,195.9653534448865
1547424130,aa6fe9,40.23044392213983,-104.64677290482956,124.81815161256814
1547424130,abc14d,33.240625413797666,-80.91268111248405,224.03371724589417
1547424130,e47ffe,-27.02301542637713,-47.83410292405347,223.02734584234747
1547424130,7c6d9c,-34.000916561837926,151.20162963867188,77.50538933602571
1547424130,a8926a,33.682638911877646,-77.98639297485352,259.2210778279026
1547424130,a4b64b,37.18547058105469,-80.69913823553856,216.9618396890906
1547424130,a3c5ea,32.27412414550781,-96.1840393066406,165.71566028078652
1547424130,780431,26.730926513671875,119.87861489349942,206.96830818766807
1547424130,4691c1,53.42985534667969,35.50333949497768,244.49948981924035
1547424130,add2f9,37.16376870365466,-80.1200667671535,203.4630897781764
1547424130,7c3a00,-19.98834228515625,148.64928654262,160.28377747216985
1547424130,e07583,-34.40625,-56.41126360212053,252.59409948621635
1547424130,a98d7e,27.84247446868379,-83.35754981407752,204.74935828541217
1547424130,4243df,29.34494794425317,78.0151008157169,277.3086988322716
1547424130,a680ea,38.40489791611493,-114.7021019977072,236.671638148734
1547424130,a3c60d,32.42921447753906,-96.53900756835937,141.40754593372878
1547424130,8991a7,24.74862670898437,121.17009480794272,239.6282139975131
1547424130,4ba956,35.2263576701536,-119.75652694702148,209.17384136624065
1547424130,e49180,-23.467681367518537,-46.59337361653644,91.45535354047976
1547424130,a87065,34.48357016353284,-82.03079223632812,228.02407500789087
1547424130,a08663,34.64794921875,-112.68839310626596,266.81746051858
1547424130,a0563b,43.04695129394531,-65.7711224223292,257.20193590146965
1547424130,a61797,30.263351440429688,-95.64772661994488,165.39594617354635
1547424130,e491f1,-16.741653442382812,-47.60404887952302,260.2522317130649
1547424130,a75e1e,34.397588180283364,-117.32528686523438,204.72544436637585
1547424130,8a0261,-0.7172303280588039,104.25016732051456,235.7534700589821
1547424130,7c7aa5,-34.061920166015625,148.19222586495536,231.38773840618552
1547424130,7c7aa6,-28.468136544954973,154.30868709788604,190.0478963543308
1547424130,a2cb32,34.93894958496094,31.084582270408163,234.3810477300112
1547424130,868043,33.94139099121094,136.6358978894292,206.5561529001302
1547424130,aaf253,43.13680487163996,-89.34366498674665,53.01020294401869
1547424130,a3cc82,41.23612976074219,-82.62103271484375,202.37601876040685
1547424130,800b95,18.268844604492188,74.44693974086216,221.9168550040424
1547424130,7c6d2a,-34.20359802246094,151.15152787189095,138.54694219373476
1547424130,ac3477,38.26890563964844,-85.49618984790555,229.1840802760802
1547424130,a94b0b,35.957061767578125,-106.32471084594728,196.8876055013785
1547424130,7c7b60,-34.575897216796875,138.3530721859056,62.77481698766664
1547424130,a875a3,39.15248107910156,-85.00295224397081,214.48119882415955
1547424130,a6bcc8,28.818721447960804,-81.28547219669116,218.2904163630112
1547424130,a620f5,32.134171825344275,-92.78256786112884,277.3230138789812
1547424130,abbb24,39.530548095703125,-91.34122765582538,209.4741175199189
1547424130,a63bd3,39.61175537109375,-102.07057123598844,169.29897928829322
1547424130,a1589d,33.71040344238281,-117.98643773915816,204.4667369509174
1547424130,a2c087,45.41636321504237,-95.31972745569738,214.87014789875647
1547424130,c00fab,43.36354064941406,-82.33428955078125,227.05870478543315
1547424130,862dd8,34.99992758540784,136.02888107299805,187.92703396545565
1547424130,71c047,36.19963073730469,126.9829559326172,206.14381547930927
1547424130,ac1f82,32.97551041942532,-112.69797811702804,231.8567775443496
1547424130,c8169d,-33.57037353515625,153.85108169244262,234.8040992122365
1547424130,8963b0,26.01003873146186,55.77093271108775,219.1996322477029
1547424130,780ae7,27.034234515691207,120.122557419997,233.6193237803149
1547424130,0ac345,4.698451995849609,-74.13674306061307,68.11867986566892
1547424130,ab3d9a,44.67376191737288,-93.37648717368518,146.26593787162764
1547424130,e8042c,-31.53863525390625,-64.84540153952207,203.76788506815063
1547424130,a3ff4e,41.80730787374205,-79.03181209120635,247.58870172854407
1547424130,ac82c7,41.60042972887977,-73.45855003179503,215.3604155908297
1547424130,4c01e4,39.41990661621094,28.043916121773098,238.56283162418893
1547424130,a4204e,40.61723327636719,-74.49188232421875,116.97352511983358
1547424130,ac8e1a,41.94566112453654,-87.02660139216931,199.0924866075717
1547424130,acf2cf,26.905610682600635,-81.51131850022536,149.35275975598094
1547424130,ad27f3,39.81678073689089,-85.90069580078125,248.25534507320657
1547424130,a0a8da,39.316497802734375,-91.52584573496944,274.8041201670964
1547424130,4b1699,39.724639892578125,26.9485672660496,242.7527088758588
1547424130,71c032,35.418106337725106,126.89682331491024,200.36916888566265
1547424130,4243af,59.72364807128906,42.7305908203125,242.22009970382456
1547424130,7c7743,-31.981613159179688,116.00941772460938,80.46733016846883
1547424130,a178ae,38.44496154785156,-91.177686608356,187.0836983898811
1547424140,06a1a3,27.668289184570312,50.01385958689564,255.28139905544805
1547424140,ab6eb9,29.80586165088718,-96.1174998563879,189.4397683067097
1547424140,a70538,41.39941716598252,-97.5946825604106,250.19120656659123
1547424140,a680ea,38.404618602688025,-114.67505413552988,236.671638148734
1547424140,a101c3,34.543121337890625,-102.48797981106505,202.8305972953568
1547424140,3c6464,35.611205020193324,-80.67862652717753,231.5363797944174
1547424140,a3c5ea,32.27452682236493,-96.20144591039542,164.68717644821777
1547424140,155bd5,57.21185302734375,20.043439865112305,233.48107675368988
1547424140,e8020f,-33.601963883739415,-65.8894157409668,218.0174584587794
1547424140,a821ac,34.07057189941406,-118.67201824577486,145.8382958639967
1547424140,a17907,37.29652404785156,-118.49169792012964,278.27616487551126
1547424140,a2c336,32.422760009765625,-93.09611206054689,267.0995031510961
1547424140,c0228f,35.69206237792969,-115.05512237548828,245.8773244609048
1547424140,a7cc2c,39.705596923828125,-75.16588957413381,150.67150535946098
1547424140,abe00f,33.86661335573358,-107.62710571289062,210.3415506466565
1547424140,40068f,41.4940578654661,-104.03203210165331,252.8391514890212
1547424140,a2bab6,33.03896111957097,-88.4597280074139,181.7851768903797
1547424140,a2e26a,43.13255697993909,-89.56617082868303,223.27817863733705
1547424140,ade2b8,40.64909362792969,-75.1258544921875,178.4497901393812
1547424140,7c1465,-31.93315926244702,116.52183688416773,147.9748781950005
1547424140,a1cac8,33.19812322067002,-117.40315340003188,48.93982318808273
1547424140,4a08e7,35.50799870895127,31.311619535405587,249.74918397848305
1547424140,abdcfd,30.007246631686968,-95.23377685546876,72.02216
1547424140,a575a2,41.24500339314089,-72.71457325328481,64.76684469545819
1547424140,acb9ed,38.14732438426907,-104.64841759723166,199.9857627808348
1547424140,7c3340,-38.289820784229335,143.3660888671875,54.53349056865177
1547424140,aa0178,31.151824951171875,-82.61120964499082,141.65904702572723
1547424140,ab5afe,37.78266906738281,-81.11504088056849,272.29254123155454
1547424140,a736ff,38.73417663574219,-90.33060488493544,69.09080598550021
1547424140,a658de,43.05963134765625,-83.98932878361188,231.31509808231084
1547424140,ab2760,39.41782805879237,-106.98199462890624,233.6187573610956
1547424140,a5dee3,44.13157653808594,-92.148402014444,230.03183838210708
1547424140,ac3477,38.26029968261719,-85.50045581574136,228.99751058206252
1547424140,c07f08,50.505453853283896,-105.0825954127956,214.27379999817748
1547424140,a5f7e5,41.66706848144531,-77.10910450328481,251.7566156015597
1547424140,abeb7c,31.00658352092161,-101.52482299804689,209.1915538101981
1547424140,7c5e4f,-27.959381103515625,153.42401944673978,2.57222
1547424140,c074c7,45.66050720214844,-121.49753477515242,201.7151914619083
1547424140,40073c,40.81324768066406,-72.754150390625,148.39725492881115
1547424140,abb8a0,43.0184326171875,-86.13268475199851,230.4990439393175
1547424140,a2195d,31.904296875,-93.647021484375,259.99788037032687
1547424140,aa56b3,25.629867553710938,-80.5157470703125,228.8587844540585
1547424140,ada227,40.86740112304688,-106.0589599609375,235.7501022885813
1547424140,4007f6,37.26083011950477,-88.72033160665761,219.0377864043548
1547424140,a3c60d,32.43544006347656,-96.55208129882811,141.40754593372878
1547424140,ad60b7,44.015625,-80.8412347837936,237.3996026374068
1547424140,89617e,48.13201904296875,-64.35674285888672,242.27253941156383
1547424140,406590,47.023393016750525,21.69743464543269,268.5614486726936
1547424140,a88711,32.458175400556144,-110.37280024314413,97.76737189116272
1547424140,aae6e6,40.18021405753443,-73.41414018110794,281.4177961782132
1547424140,abd8c1,35.672149658203125,-87.66225814819336,272.1817172605368
1547424140,4d20eb,50.62953186035156,8.637060868112664,263.0036775676923
1547424140,a080b8,39.90504377979343,-111.283203125,269.0202742611244
1547424140,ad237f,32.13547528800318,-110.96348353794642,87.7952608264592
1547424140,75021d,1.641632080078125,102.60145801608844,228.2908648908379
1547424140,ace149,60.737548828125,-151.04714229189116,68.35913598528255
1547424140,7705c4,7.182987019167108,79.88517892771753,67.18764689414827
1547424140,ad526b,34.95761160123146,-82.05333709716797,193.1276494498493
1547424140,ad5c83,31.89372951701536,-95.29187883649551,220.82654763261843
1547424140,c0850c,44.03448486328125,-68.14110334529431,179.48493329964944
1547424140,4075f3,49.182439254502114,-4.327167711759898,200.57907013443963
1547424140,a9932f,38.79286193847656,-114.02835348378058,230.4536866687918
1547424140,a5320b,42.738212973384535,-80.63198355741275,223.91319149766392
1547424140,a49441,37.76683044433594,-77.76175640999003,213.9499553353347
1547424140,85d7c0,33.1656297586732,130.68001883370536,198.45339931484057
1547424140,c0054d,45.61317443847656,-69.06079548161205,221.1331415357244
1547424140,e48c4d,-22.769073486328125,-43.11070112748576,134.62813712734408
1547424140,ac6ab9,32.594899323027015,-105.4208249461894,171.79656923596212
1547424140,aa6dab,37.73761813923464,-121.77861089291778,89.27641670149949
1547424140,3c4b23,41.61160226595604,-72.61515772619913,266.0272446660842
1547424140,a4f414,38.830352783203125,-94.55651988153868,182.43913479100104
1547424140,a958d2,28.31414794921875,-81.18727463942304,113.692124
1547424140,7807bb,56.36164855957031,85.88695179332386,224.60002891136017
1547424140,800c9e,19.082088147179554,73.14971923828125,113.05133686178024
1547424140,a01112,41.1681456485037,-74.63924061168325,209.59852690009205
1547424140,7c6aee,-35.573311498609655,147.2719038293717,131.87137524079068
1547424140,a2a2df,38.85859680175781,-79.1422238557235,220.4036842609493
1547424140,780c4d,55.523529052734375,14.44369229403409,247.0370586834833
1547424140,a8754d,39.96070861816406,-82.096435546875,225.58002775013912
1547424140,abc3c6,34.49674987792969,-103.0988981285874,265.4575903923206
1547424140,a32a88,35.28131103515625,-120.3076171875,241.344975391124
1547424140,aab0ba,34.69226384567002,-117.11597442626952,238.6737420798072
1547424140,acf906,38.15719345868644,-120.00228881835938,240.23873835019089
1547424140,a3c192,42.03681040618379,-89.77401378542874,237.14752443158488
1547424140,4bb84a,51.813338974774894,8.149642944335938,261.67354744241726
1547424140,abdc91,30.7781982421875,-94.20243207146144,182.703683906274
1547424140,40621b,47.8699951171875,-66.51933288574219,246.8151984269293
1547424140,8681b0,41.187286376953125,140.9661865234375,216.19994924315327
1547424140,a826f5,40.04704284667969,-110.5115966796875,232.3448039956789
1547424140,a01880,36.11690197960805,-111.27058313248004,271.0509702227058
1547424140,a1ea29,34.53387451171875,-119.39599484813456,65.4962171859217
1547424140,a94b08,41.02949523925781,-97.60797119140624,226.12257130665543
1547424140,44a839,36.88650357521186,-81.1175537109375,208.7432205464329
1547424140,a5738b,34.787567138671875,-115.63833431321746,228.4502100362773
1547424140,abbcc1,29.68418884277344,-95.9013484074519,147.69112936594777
1547424140,a8b2c3,48.078369140625,-122.34024810791016,60.04908052566667
1547424140,acb664,33.449432373046875,-118.06600341796874,175.67264565355595
1547424140,a48a6a,33.00901794433594,-111.6286193847656,73.86885614063648
1547424140,71c251,61.04800415039063,-146.1421256229795,239.62324401020803
1547424140,44ccca,46.98317188327595,-56.35324331430292,260.95498337904
1547424140,4baa56,35.17598814883475,31.668949127197266,242.79849358555515
1547424140,ab0463,41.82969950013241,-75.6752972270167,212.6023468297288
1547424140,aab0de,27.65460205078125,-83.16075163067512,208.09816206034725
1547424140,a01037,30.98712468551377,-86.63593139648438,182.3687654130028
1547424140,a56d30,34.215987900556144,-118.46660614013672,49.60318027180709
1547424140,a7e62d,39.70175015724311,-82.4163818359375,237.4174387371976
1547424140,a0f73c,38.78895387811176,-76.34600830078125,227.72675871993303
1547424140,e48bac,-23.177521269200213,-45.99751790364581,208.5586685060541
1547424140,47c8ca,37.6927883342161,-113.28361179517664,240.86639461314576
1547424140,c035bf,40.61692060050318,-74.00921214710581,78.08880347349789
1547424140,aba5af,39.448333740234375,-85.73031881581181,205.63157470326908
1547424140,471f51,43.65315065545551,28.808179582868306,238.29810181462472
1547424140,abb1c2,28.058349609375,-82.52897996168866,123.9852731713108
1547424140,ab30e6,32.2313232421875,-115.1760498046875,259.58377300897536
1547424140,a4ed9c,32.990314031051376,-111.32395841637435,50.627667467326205
1547424140,7c6c35,-29.75839233398437,151.59210205078125,247.5977873857545
1547424140,7c7aae,-38.1296345338983,148.480224609375,247.1136452908929
1547424140,c03b57,49.30284118652344,-124.32797945462744,77.09282776307504
1547424140,508404,44.05945858712924,29.97717721121652,235.40465025601748
1547424140,a77dd8,42.1318359375,-105.11456576260652,241.58062376165583
1547424140,a35e9c,25.76788330078125,-80.14923095703125,137.37870391347573
1547424140,a32321,32.90318298339844,-96.9064453125,120.18737517256967
1547424140,a4200d,33.45098876953125,-112.70538940429688,202.75621026116488
1547424140,ac5bf6,43.1656494140625,-75.39980866188222,219.421673827018
1547424140,a3456b,33.77518476065943,-116.341552734375,94.78761578675804
1547424140,4b17fb,47.44516792943922,8.560902522160456,48.11907991962091
1547424140,ab9f6d,31.01659225205244,-92.46225585937498,254.0270089123844
1547424140,8a04f5,-6.2675628662109375,108.457543324616,227.7924107255968
1547424140,a485b9,61.21586686473781,-149.8084513346354,30.352196
1547424140,0ca2fc,9.403738248146189,-60.48025723161368,148.6805461601208
1547424140,aa0e1c,35.179851984573624,-94.3113899230957,281.49302020914143
1547424140,ac2a33,36.39088439941406,-103.46271514892578,260.3945599427701
1547424140,a2c087,45.41636321504237,-95.31972745569738,215.00128247998765
1547424140,42444a,53.33122124106197,7.118736715877757,239.8219631653128
1547424140,a6d3f2,34.82493772345074,-116.52236938476562,257.30892634792906
1547424140,a0b6ea,41.86852406647245,-88.42748597610824,112.83224151184484
1547424140,06a138,41.05329895019531,67.946533203125,213.1686103127081
1547424140,a75ed1,45.50706481933594,-123.06047712053572,55.645626610643895
1547424140,a86485,31.166397353350103,-98.4277770996094,59.72205189765228
1547424140,4840cf,46.93117303363347,-76.18314302884619,249.3674096688263
1547424140,34164a,39.04664611816406,-8.471294900645375,260.508366538803
1547424140,aac136,42.18186717922404,-101.30678398664604,240.9515329095288
1547424140,780b13,60.11634955971928,-146.19153703962053,245.35958817102164
1547424140,a11d3c,37.70023669226695,-77.41432521654212,264.15885393787687
1547424140,a3e53a,38.60055541992188,-118.97596276324728,242.5438428606432
1547424140,a445d9,42.211029052734375,-87.85928899591619,239.2916786946301
1547424140,7c6c90,-37.652252197265625,144.69934991065492,132.89493556991812
1547424140,c02202,39.07790361824682,-97.04156494140624,276.2339141701283
1547424140,84c3fc,35.56388854980469,138.37434768676758,191.5625335255814
1547424140,a3cc37,36.2049322613215,-88.74399388090092,190.07504928644045
1547424140,a9c699,40.80345541743909,-73.09559908780187,32.912356510187
1547424140,aca3a3,37.84291076660156,-77.54325704371672,256.74054427720966
1547424140,0d0806,24.397795079118115,-99.93951761497642,209.1206950329445
1547424140,c0712c,34.46480961169227,-77.11956024169922,220.2258996066901
1547424140,a91e6e,32.88020324707031,-80.45689086914064,195.87619968677487
1547424140,ab349f,32.167456675384,-100.89456986407843,291.7491706632948
1547424140,7c6d2b,-23.64015740863352,150.9459815835053,222.86352969438613
1547424140,a0b550,37.82685877913136,-122.00203937032948,153.35954435918896
1547424140,a17e76,39.02096557617188,-90.2619403341542,263.67500891562764
1547424140,aa6e81,30.092605590820312,-95.0910321403952,120.89434
1547424140,4249b5,51.01506042480469,42.1356861011402,221.99793533374955
1547424140,c07930,31.65147399902344,-90.50143971162686,205.03094465126813
1547424140,a2bc71,32.38802117816472,-97.95998709542408,53.47248830179257
1547424140,a8553c,27.3709716796875,-81.84026754127359,214.6070217523005
1547424140,a8cf70,38.003814697265625,-108.86188912898936,199.03664839104053
1547424140,3c6571,54.29596981759799,-105.42938232421878,249.4162245059867
1547424140,abd77e,42.40201271186441,-83.22654546693309,250.40531974789755
1547424140,a9ec06,39.45506984904661,-83.30902099609375,230.1273104303104
1547424140,a3e9b2,40.29620361328125,-90.58880615234376,208.6804531186672
1547424140,a4ea67,42.13359250860699,-88.59566622002177,56.696303525766616
1547424140,8a0534,-2.2848303843352937,104.54087882206358,235.6894741924846
1547424140,7c7a3d,-34.842498779296875,147.47581637635523,231.7905640621944
1547424140,7c6d27,-35.2535441770392,149.19860190533578,107.1452366960912
1547424140,a06646,31.389816284179688,-102.41352754480698,207.9658561063192
1547424140,adc928,28.234164997682733,-82.92049632352939,96.97917550487853
1547424140,a920d9,40.07794189453125,-86.310546875,75.62501778928029
1547424140,84c43e,33.419386007018005,135.1527996452487,171.30444484559632
1547424140,a4a1f0,42.19967651367188,-83.71188770640981,124.47525124604938
1547424140,aa44cf,43.94599914550781,-60.37523846293601,274.14845774723403
1547424140,ae290c,32.65777587890625,-117.13908691406247,49.78425325199365
1547424140,c036b1,49.1873737917108,-123.0453571520354,88.80680350205608
1547424140,ab7270,37.95817565917969,-92.59522782995344,275.8173167207429
1547424140,a37eff,41.497316522113344,-74.65791214344114,202.8514729631598
1547424140,ad03ee,30.331832885742188,-100.52781048943018,256.40272932181074
1547424140,a65408,33.54808044433594,-112.03061473612884,119.59135725937128
1547424140,acaa77,41.950469970703125,-87.84199801358312,103.60907268677988
1547424140,ab1bd0,43.260772705078125,-84.27363196084661,67.5177127638933
1547424140,342250,40.96595764160156,-12.44281005859375,260.43876751843936
1547424140,06a10c,3.915069580078125,100.25955458818856,234.27940170184257
1547424140,a813dd,42.901885986328125,-85.5143205509629,50.31304401132812
1547424140,abbdfa,37.78547383971134,-109.8558177118716,282.10300280520187
1547424140,a441fb,31.9010009765625,-84.42570190429687,234.29408663073607
1547424140,a8faa6,39.86687094478284,-87.896728515625,250.02825207058663
1547424140,a1a9f4,35.71934509277344,-94.52596664428712,239.82803254704223
1547424140,40645a,51.78831481933594,12.340764226140204,185.2205595020989
1547424140,aaa5dc,37.25310244802701,-113.8412276558254,244.4015106254362
1547424140,a3e8dc,43.30265808105469,-86.19879434275072,234.25511306846747
1547424140,a1ba4a,32.17746540651483,-108.35226876395087,96.10744721131417
1547424140,c080a2,43.47065734863281,-79.72695284111552,112.41866837465837
1547424140,a8bd6a,41.13891084315413,-73.55365406383169,216.80320615179852
1547424140,a2b8c5,33.07955467094809,-81.1153676558514,253.1195178861265
1547424140,abad6c,35.03924560546875,-93.33709716796876,276.77278442461954
1547424140,a37d8d,36.93415832519531,-113.03160971783576,187.257616
1547424140,7c4877,-37.830413818359375,143.77293363530586,162.56755994207748
1547424140,a0d49c,48.08921813964844,-123.05305480957033,60.41815715224065
1547424140,ab628c,39.14341735839844,-76.91026770550269,98.52240597357068
1547424140,adcca6,39.07133975271451,-103.5128173828125,194.46255390687628
1547424140,71c308,35.74479675292969,126.40491485595705,245.7610500387717
1547424140,a4b1fe,41.946807861328125,-88.22258689186788,88.63378951208746
1547424140,a4ab32,25.74449157714844,-94.75814819335938,280.2039093823425
1547424140,a8a319,33.94300557799259,-105.5760383605957,264.9106887525756
1547424140,39c424,52.26466369628906,15.706710815429688,261.3395773622305
1547424140,ac5fad,41.351142495365465,-74.267578125,209.3964031146788
1547424140,400db3,51.18324279785156,0.0658437368032094,85.65917430605785
1547424140,a3bda6,32.95463562011719,-112.66737670898436,206.4363201068396
1547424140,a4afa0,32.5731594279661,-116.98589714205994,38.80217528895389
1547424140,a1f7b2,42.47886657714844,-77.28700811212713,247.05366339014284
1547424140,a0c20f,38.66489216432733,-90.196044921875,88.33169766390519
1547424140,a7b574,40.9329637430482,-74.78824268687856,116.47811974799346
1547424140,abdcb5,34.6893310546875,-85.43568513831315,195.77348749027448
1547424140,7502b9,5.9566846944518,115.89875319908406,168.4487942534626
1547424140,a75884,34.288787841796875,-118.50727937659435,44.43319269819085
1547424140,a15ffb,34.45298534328654,-111.83143615722656,200.50912746632764
1547424140,71c067,37.451934814453125,129.2708051965592,279.6778011514672
1547424140,c03068,42.06417846679688,-71.35326732288706,213.7030345806218
1547424140,c04662,42.00319969047934,-74.06643889671147,222.6312504790115
1547424140,abdc76,31.933090209960938,-96.28363037109376,217.6687887219974
1547424140,a3778e,45.71502685546875,-122.69464260194356,124.80118801482568
1547424140,a57f42,36.32533264160156,-111.2563133239746,260.3843962206763
1547424140,3c4584,47.93302917480469,-50.204498291015625,288.9884304871294
1547424140,4006c1,28.592849990068856,-80.94398049747242,162.51952818169863
1547424140,ab63d7,41.96685791015625,-84.31107954545456,158.71910553615646
1547424140,76cee8,-37.15510998742059,144.25878773564878,215.07512590612555
1547424140,a715d5,26.01520602985964,-81.26961928147534,176.34852180983285
1547424140,318f41,33.95219421386719,-117.50511325135524,58.10484996872423
1547424140,c03003,38.12018442962129,-121.7347252887228,189.60873332299545
1547424140,a7b257,42.76698303222656,-78.90867753462356,134.49833143698478
1547424140,abb579,37.33982849121094,-88.4831854637633,277.563873017789
1547424140,a51d23,41.96563203456038,-87.98764960710389,69.4518453220124
1547424140,a33e85,33.96263122558594,-77.45226801658163,207.10125142288692
1547424140,a163f2,40.55268859863281,-76.6080322265625,207.94294845314027
1547424140,ab6ea9,38.8421630859375,-75.68797899329144,211.13085109302216
1547424140,abdc9b,29.838308560646187,-96.00128173828124,165.90081215068415
1547424140,800689,25.318272477489405,52.22128238318101,139.812402313293
1547424140,c01cb7,38.1199951171875,-73.33227928648603,206.39657409038333
1547424140,02012e,35.47398376464844,-3.577823638916016,233.4946784514835
1547424140,448441,42.498794814287606,29.361472906068315,249.58594088638944
1547424140,8a0582,-0.6558744786149364,102.46417867726294,132.81525398011257
1547424140,aa06bf,40.96197509765625,-81.3592529296875,127.2580986895927
1547424140,acddbe,37.22053527832031,-97.29527250249332,282.8094771333677
1547424140,70c0a4,27.371691687632413,50.02598102276142,224.6070987714624
1547424140,a59172,37.50938415527344,-122.24674306017286,32.04453465175739
1547424140,0101a8,41.851593017578125,23.846262151544742,242.4319738001477
1547424140,4951f8,41.084747314453125,-72.19073486328125,176.27947442238585
1547424140,a79422,38.82939147949219,-110.29825625212295,233.76881044669645
1547424140,e8045f,-37.33908443127649,-71.77427872367525,222.7726666707177
1547424140,a22753,41.9879150390625,-85.32082297585225,268.89481501713806
1547424140,424396,56.1690673828125,65.2488847212358,243.28795942464583
1547424140,c01c3e,50.9381103515625,-119.317626953125,153.22574420945708
1547424140,a0e250,41.4592833438162,-93.19063408430232,227.1426102637593
1547424140,a75710,40.88420104980469,-76.76434326171875,186.2543063318185
1547424140,8466a0,33.795295327396715,138.83331298828125,273.95338512786446
1547424140,ac3fc5,35.10178388175318,-105.84783554077148,213.6157086177378
1547424140,a05ab7,39.21295166015625,-91.1385776685632,211.45901319388383
1547424140,a87cbb,27.93264615333686,-81.10952524038458,143.4883825829264
1547424140,a6b55a,27.52816772460937,-83.2328882757223,200.84410305734423
1547424140,76b4ee,2.515589827198093,101.85107527108028,101.16904555843978
1547424140,780d64,50.58943176269531,-127.34795018246298,250.1044518037782
1547424140,ad3d4e,41.18536376953125,-95.71435546875,228.3412879252056
1547424140,acef18,39.98492741988877,-106.10945268110795,241.3575856628757
1547424140,a5730f,40.754150390625,-100.72357177734376,237.000168881664
1547424140,ac91d4,40.40281677246094,-92.31756591796876,248.8654420975454
1547424140,abaa0e,37.85376597259004,-100.92829165251356,203.09790441345515
1547424140,800440,27.30921858448093,76.25304002028246,242.68237982475964
1547424140,a44ff9,33.68280029296875,-117.84686652981506,31.292406871367376
1547424140,a21ba0,33.48358154296875,-80.02127511160711,252.9642039974267
1547424140,abe0bb,29.53413391113281,-95.27053246131312,107.7953539576044
1547424140,aa44ad,41.60124206542969,-71.98660417036575,270.70363950149334
1547424140,780aa2,53.40879821777344,60.07426234654018,222.239808
1547424140,a2000d,43.234878798662606,-73.83623395647322,239.5619390223364
1547424140,a7302f,38.47746276855469,-84.48808752972144,212.94066992417933
1547424140,a84660,31.19060451701536,-96.37888183593748,220.07442921664864
1547424140,8681ba,36.07914811473782,138.72220303149933,198.0709613828353
1547424140,7c6d8d,-35.77213610632947,148.72332633809842,177.2616071010838
1547424140,e80418,-16.625518798828125,-66.02320620888156,241.616225030449
1547424140,a4df56,44.06942076602224,-85.96932547433039,233.3126901203812
1547424140,a87c4f,29.55010986328125,-92.43547879732569,197.31392150471245
1547424140,71c030,35.96756240068856,129.42467222822475,176.1841145470621
1547424140,800b2b,24.91754150390625,54.60245768229167,255.30368733482828
1547424140,4cc50b,43.9925537109375,-86.27090808957121,225.7705937987114
1547424140,70c0ab,26.7150723732124,50.91766944298378,207.4332367487828
1547424140,ac00b1,38.72579956054688,-121.60079956054688,78.20225670704579
1547424140,4000fa,55.433624267578125,41.9622802734375,251.58152589896028
1547424140,e480d2,-30.487991591631385,-52.3267822265625,221.76355608890563
1547424140,ad95e1,31.205920203257413,-96.8533264160156,56.36625597622819
1547424140,add6ca,33.735196388373936,-111.07217788696288,93.82787276821873
1547424140,aa9fe3,40.78385925292969,-74.59063720703125,120.04305751044166
1547424140,7c7534,-31.967605590820312,116.14652709960936,88.03157550765721
1547424140,7c7a46,-39.02082824707031,148.20437224014947,228.56892232889425
1547424140,a1f71d,39.15980529785156,-121.97970846424931,28.29909637719085
1547424140,885172,45.02073669433594,25.098135811941965,261.1886448764316
1547424140,407500,48.07557678222656,14.14263153076172,201.6266112436078
1547424140,a2f721,41.84734279826536,-85.68096781885902,205.6984890279369
1547424140,4242ce,56.02780151367188,45.84136962890625,243.96798210561647
1547424140,7c6d37,-32.718109130859375,151.97481079101564,238.5955555698181
1547424140,a999d2,39.34748840332031,-111.6879073433254,244.4367010432129
1547424140,a9650f,29.25,-92.55712068997894,187.5132502031541
1547424140,344502,42.1922607421875,-76.42963756214488,265.14685310021184
1547424140,a82dfb,35.30717468261719,-120.2073097229004,192.8307402713789
1547424140,aaa107,31.236132605601163,-95.49239501953122,225.5008222043108
1547424140,ab09d2,39.74769721596928,-75.66058349609375,213.9258327913097
1547424140,a98ef6,38.71861267089844,-95.150438391644,178.85864768602124
1547424140,47c8da,37.414947509765625,-95.34408893991024,295.3840506595998
1547424140,a572a2,34.24388122558594,-115.38166902503188,270.94598750194825
1547424140,ab3982,32.290924072265625,-103.02940063476564,191.9648320227582
1547424140,4d0113,46.16855427370233,-95.5356674194336,251.8370214075153
1547424140,ac3ea9,42.84132385253906,-124.57435785337935,65.64958541742484
1547424140,aaa4be,41.20985645358845,-81.79383711381394,254.4746009291096
1547424140,424255,46.121429443359375,11.531089224466465,216.20423358747163
1547424140,7c7b5e,-34.79374772411282,138.6397933959961,29.2329153434984
1547424140,a72b6b,35.103133896649894,-116.05779647827148,208.10642838959424
1547424140,0d0acb,19.468844138969807,-99.08529385653408,110.29756142419308
1547424140,471ee0,50.91567993164063,26.932315310916387,244.18267492560616
1547424140,aca2ed,35.44697570800781,-100.6150245666504,277.321582407562
1547424140,aaafcf,26.066041073556672,-80.17505352313702,69.96627531267183
1547424140,a7fed0,39.66156005859375,-85.25796641474182,222.791673766582
1547424140,896109,47.4135938741393,21.192626953125,273.42347730486307
1547424140,c030a6,43.32975225933527,-80.32621111188615,234.33813589598145
1547424140,a8522b,34.42607814982786,-117.56481170654295,231.51408967008555
1547424140,7c39f3,-32.98011909096931,151.23431770169006,158.01807145498412
1547424140,ab24f7,44.4689786232124,-95.13872100085746,193.9296947762266
1547424140,896484,42.55367990267479,29.338542139807416,249.9266162870188
1547424140,4c01e9,41.57231140136719,24.53378157182173,241.918350790608
1547424140,aaa621,42.042572021484375,-83.48866549405187,95.08868005410234
1547424140,7813f2,36.21568582825741,114.50535551030586,191.193996766138
1547424140,780cb6,55.91324111162606,85.6864070892334,256.6518786674792
1547424140,78124f,27.281333794028072,119.60239703838644,279.1123021612112
1547424140,4692cf,43.99479675292969,14.43271370821221,277.95214605644105
1547424140,e491af,-23.28675842285156,-46.02302689985794,162.6530051108194
1547424140,a63f8b,37.35156043101165,-77.54526552946669,256.5265604857836
1547424140,c08106,34.913177490234375,-74.6290058992347,203.4188598023817
1547424140,4b8686,33.88938903808594,35.47395667251276,67.63324657286994
1547424140,461f0c,43.16388663599047,-71.73248291015625,259.5883608393055
1547424140,aaa96f,38.12660863844015,-105.70668759553328,223.6287535449212
1547424140,a35244,47.61479264598781,-122.22078763521635,52.57657949434824
1547424140,e48501,-20.67709350585937,-44.28382873535156,239.0930722514441
1547424140,71ba11,35.4111328125,131.7890739440918,269.97774091644254
1547424140,0d09ca,28.916656494140625,-98.7605931208684,193.26942871611908
1547424140,a08588,33.1829006389036,-117.22171082788584,52.01993015100655
1547424140,a9a750,42.83965029958951,-68.68384225027904,215.0966587968198
1547424140,a9b056,32.31060791015625,-93.03793945312498,275.97703079882007
1547424140,ad9ac9,34.13621520996094,-114.3101096639828,260.0589473803182
1547424140,4cc50c,45.20649719238281,-80.79613821847101,220.8714854537052
1547424140,a6844d,42.14760473219015,-79.28111231604288,206.947208382486
1547424140,738052,38.41881703522245,19.301513671875,244.69857516828915
1547424140,3c0ca7,44.07984924316406,26.98542395303416,236.75660815198788
1547424140,ac82f8,26.1275831319518,-81.39891991248498,202.0560264720284
1547424140,76cee6,36.90214512711864,-123.33902773649795,272.7251977777228
1547424140,424355,51.80392456054688,39.86908783783784,216.56626001663903
1547424140,4cace5,51.16456604003906,-0.071188436972136,71.64637042252633
1547424140,a18794,34.18904113769531,-119.23809440768494,45.79707508021446
1547424140,a43aa2,32.64166259765625,-111.37098999023436,92.23336766565332
1547424140,a24dc1,36.8065733828787,-100.55178378490687,194.00064533251057
1547424140,a42a14,30.88042695643538,-113.99864501953124,234.5712332555649
1547424140,4056a2,23.7747802734375,57.28530883789063,281.21317912240204
1547424140,406c39,57.01131529727224,75.83082629788306,221.94428254817785
1547424140,3c65ab,52.42871300648834,36.91280691964286,259.9780305035917
1547424140,a769a3,35.277611683991,-80.83524014087433,123.34324621106322
1547424140,aadf64,37.62368774414063,-106.16094710979056,137.14830042907178
1547424140,a9db1d,33.94449524960275,-118.4381103515625,54.014170211114646
1547424140,a2d59e,39.64109802246094,-85.58218251103938,198.3660308752453
1547424140,abcf2f,40.53512831865731,-95.96919666637076,230.42152927191083
1547424140,a00623,40.92155844478284,-74.07750216397375,139.0151057696244
1547424140,ad3a5f,41.17396545410156,-89.5413818359375,226.3191121795134
1547424140,8514f8,34.543487548828125,138.05879553970027,276.2569069977226
1547424140,7800eb,41.10356140136719,140.6607666015625,245.79496909374527
1547424140,a03c48,43.68890277409957,-96.11212594168528,234.6327142740595
1547424140,a14502,42.661401780985166,-81.78146007449124,197.0448119471413
1547424140,a00c27,33.609283447265625,-95.40168606505102,63.97334020480019
1547424140,a6308b,45.567471778998936,-122.9677734375,42.2533624242078
1547424140,42417c,38.68146476099047,-74.80059814453125,253.77163251375435
1547424140,861b86,34.47248840332031,135.71181316764986,108.96623424798454
1547424140,abafff,25.52664029396186,-79.93211854178952,142.63093265156468
1547424140,04012a,23.098114013671875,57.90988436612216,228.4560023109714
1547424140,06a10b,25.78546142578125,52.50152587890625,226.9928405737637
1547424140,49d056,55.9757080078125,44.73125110973011,247.7943834832488
1547424140,344304,25.119494422007413,-77.07847163362322,215.1784641297326
1547424140,750222,2.6106719970703125,101.78688695875265,86.32394846496743
1547424140,0c2016,4.7340087890625,-74.17912887314623,81.59088327311419
1547424140,ac06be,39.09792108050847,-75.64306640625,244.9844769168116
1547424140,abfbdd,38.872100830078125,-87.98896457837975,161.64514862685263
1547424140,a445cd,29.55258178710937,-96.3226846548227,225.15081134176515
1547424140,a0f230,41.72035217285156,-80.61199535023081,246.08551207157373
1547424140,7c6b2f,-34.58635750463452,151.24883651733398,216.94964122738696
1547424140,ac7b1b,37.862823486328125,-75.52516206781911,251.16776705450943
1547424140,4062a4,48.11375427246094,-3.026527404785156,210.3780354051483
1547424140,aa2bc1,37.77579097424523,-89.63894387950069,272.93472376867834
1547424140,4891b5,50.75550842285156,18.059741870777028,130.5370605596376
1547424140,e082d3,-27.614275398900983,-58.27681908240686,234.63666204584567
1547424140,e48c04,-23.784515898106463,-45.35047423164798,252.9207827281764
1547424140,71bd67,36.565338134765625,126.83097839355467,206.4004208135776
1547424140,a69d5d,34.64698791503906,-119.7476694535236,244.69478972995503
1547424140,a418b2,32.62380826271186,-87.50604746293048,273.47235300305164
1547424140,780e33,37.40067304190943,112.7355492633322,201.77881398090463
1547424150,e082d3,-27.592071533203125,-58.27993141030362,235.1436806342854
1547424150,a678ef,34.3399658203125,-77.87608243981185,231.7540243879392
1547424150,a34f7f,37.1392822265625,-111.5123649265455,258.5279447664239
1547424150,7cf8f1,-31.236365366790267,151.044873046875,126.72458931072724
1547424150,a6cff8,32.46501159667969,-85.59580078124998,292.2911273493723
1547424150,5083d0,44.62739588850636,10.417115746474847,234.28392023953845
1547424150,780ada,54.49530649993379,53.12280828302556,228.58050071511963
1547424150,a55ea4,47.74751307600636,-121.89140906700725,152.99152860876353
1547424150,0d06e3,31.03395623675848,-113.30947265625,243.34071280004568
1547424150,aa6c32,39.096524513373936,-103.88958740234376,203.61911878081315
1547424150,adecd7,33.29090183064089,-111.45159040178572,50.83373162462012
1547424150,a885f4,27.154312133789062,-83.0915170345666,205.8322524174396
1547424150,ac9850,35.234737072960804,-120.82442263339428,101.90666890491828
1547424150,a1512f,33.501271393339515,-114.2753569933833,199.8957542257209
1547424150,aad2f1,42.98634338378906,-94.82453102289242,269.480773854149
1547424150,a55351,32.957867121292374,-111.76268285634566,43.142808679008006
1547424150,c004e9,34.64659610037076,-107.79115676879884,225.3153136917533
1547424150,abfbdd,38.88555908203125,-87.99218882685119,161.83495754798108
1547424150,a39ac6,33.768295029462394,-109.26939010620116,249.8143454073482
1547424150,a64996,36.368982347391416,-115.04508809840424,237.84955467004872
1547424150,a6f3c0,33.67327880859375,-119.8015921456473,219.21955276455083
1547424150,485209,35.26080632613877,-86.87614278590422,208.85222617034304
1547424150,a9d413,33.968376547603285,-110.56034088134766,244.15774555169045
1547424150,424584,54.33343505859375,84.92294311523438,219.2334356907263
1547424150,abec6c,36.62255238678495,-93.51428092794214,188.16136537705023
1547424150,adfe4d,33.477483199814614,-94.97389190051018,171.14369715825842
1547424150,8963ee,25.233547404661017,55.453905789357314,135.3466870061312
1547424150,aa8aa9,34.05398611295021,-80.44549942016602,180.09140747961206
1547424150,7c6dd4,-18.577415336996864,146.93090265447444,241.3948643525657
1547424150,aa76cb,38.563018798828125,-92.70472650942594,250.515212921106
1547424150,a105e8,35.35551452636719,-102.15499877929688,266.32751471191773
1547424150,c00b7b,42.601593017578125,-70.23341092196381,145.11789572013137
1547424150,e48414,-21.42794851529396,-43.09789021809896,241.2133506163156
1547424150,c078e2,33.12858581542969,-81.041748046875,227.5174755718726
1547424150,a8102a,40.55735778808594,-80.292724609375,225.62988364405567
1547424150,c8178b,-39.80978393554688,149.68185424804688,248.48230998891813
1547424150,a59530,45.22629042803231,-93.09023973418442,172.0713287850369
1547424150,ac7aa1,39.31778729972193,-85.1173095703125,202.13525373321323
1547424150,4baa45,40.76439808990995,29.3978535045277,204.67178946496696
1547424150,c06be3,35.46368408203125,-77.03676223754883,216.58642273779768
1547424150,e48f04,-23.18208338850636,-43.25017293294271,201.829959809274
1547424150,a9c151,40.43431091308594,-73.45123291015625,277.9216755294851
1547424150,e8040e,30.781723022460938,-115.27458639705884,243.8486266401279
1547424150,ab77ee,37.49559305481991,-121.99320254118548,127.62359267606436
1547424150,a0cf8d,37.7084764383607,-119.62523087211278,220.66529537311368
1547424150,885172,45.01020812988281,25.126190185546875,260.9747589382761
1547424150,424433,55.49702453613281,34.28708163174716,234.4854713439789
1547424150,71be30,54.49125645524365,30.520518909801133,262.6593078796212
1547424150,acf486,30.89437866210937,-91.34151683134188,210.6206867707356
1547424150,ac3cf6,40.50715042372881,-74.75122625177556,117.60981958064998
1547424150,a14057,28.51377868652344,-81.99630150428186,49.13950130228088
1547424150,a8ab24,40.54806518554688,-113.4136962890625,269.9341151213619
1547424150,7c77f6,-31.266112246755824,150.04808349609377,235.1684401826078
1547424150,c05fca,51.08945167670815,-119.744873046875,163.07955942384882
1547424150,758225,14.194610595703123,121.11228679788525,123.96712817787322
1547424150,7c4522,-26.600460763704973,153.0841827392578,0.0
1547424150,06a0fc,25.67691091763771,52.36021797612028,227.3848299494816
1547424150,a4077d,44.45780608613613,-92.0178669254954,216.30947938857744
1547424150,44ce4f,38.47050476074219,-82.09933737049931,231.62837529455584
1547424150,a0acb6,32.7476372153072,-92.86591821787306,269.8183990870092
1547424150,ac77d3,33.307008904925844,-77.2878094108737,205.12966659371625
1547424150,aa9470,42.66966247558594,-72.51563332297587,247.5507521437924
1547424150,ac5331,38.25425487453654,-85.38472714631455,186.6127439508368
1547424150,c038aa,46.93391418457031,-65.2313232421875,268.717596365798
1547424150,5083de,41.73207092285156,29.327191439541902,225.1972366738919
1547424150,abbd8d,36.07369995117188,-115.07308959960938,84.3750894740764
1547424150,3c65a7,53.727380784891416,55.59752520392922,225.9727111429048
1547424150,c02f75,27.997726181806144,-80.54147159352021,241.9117868515257
1547424150,a48259,34.03802490234375,-118.40358189174106,68.40364378543353
1547424150,485785,46.17430114746094,-86.05912371379574,244.0981215078868
1547424150,a26f08,36.34398379568326,-80.43184320977394,231.07642557058773
1547424150,89405b,39.83805510957362,32.701171875,247.9219805991532
1547424150,abc478,35.61163330078125,-113.47606658935548,198.54139580113144
1547424150,a7e5c1,42.20197774596133,-80.98060785337935,253.0667114010896
1547424150,4d0113,46.16855427370233,-95.5356674194336,251.8370214075153
1547424150,71c043,53.55318231097722,88.15138872931985,242.4172359788982
1547424150,ace9b8,41.33075261520127,-87.32682661576706,223.7310982337852
1547424150,a66332,40.33259582519531,-74.45751953125,82.90213583516883
1547424150,8a064e,-2.666139764300852,103.67461632037984,246.0925023963701
1547424150,a81b2a,33.40737552966102,-78.01565364915496,223.7979223853251
1547424150,44d1d1,50.41502380371094,5.891707570929276,205.6798324146812
1547424150,a8082f,38.68197683560646,-104.452392578125,52.787569864248766
1547424150,867512,33.88677047470868,137.97941207885742,264.47875745282545
1547424150,71c024,36.19585457494704,140.59274227061172,155.8654956819124
1547424150,a3d7a7,38.21607971191406,-78.58368569232044,212.0539166435476
1547424150,7380c1,33.23936850337659,34.869260204081634,320.3371366481482
1547424150,abaafe,30.143039509401483,-97.29635009765622,200.39096131485744
1547424150,a36549,35.230224609375,-101.82701110839844,277.5834187454825
1547424150,a04641,42.44096374511719,-84.29035533558238,233.78409346799063
1547424150,868316,35.341278076171875,136.9072723388672,208.13694737665352
1547424150,ab1d30,42.28186138605667,-83.1529626180959,142.3086381311584
1547424150,a130cb,42.93778241690943,-83.6175973074777,227.99157492322524
1547424150,7503be,1.0865757829051903,103.34890957536368,227.3272097239356
1547424150,abe075,41.90611267089844,-97.35821810635656,225.7025948438408
1547424150,a67ef1,26.241961980270126,-80.10358957143927,32.912356510187
1547424150,a15c54,32.728912353515625,-117.17061767578124,67.55689890344523
1547424150,e80603,-34.57859802246094,-59.01339783960458,150.97419542537062
1547424150,3c0ca7,44.06575012207031,27.00822697129361,236.03114560640864
1547424150,ab678e,36.16204833984375,-90.12691497802734,217.70769245014344
1547424150,a6e6e2,39.56877136230469,-89.74695620329481,218.6247793074241
1547424150,706025,25.25931930541992,55.36366780598959,68.82022559551703
1547424150,47c8da,37.4173387430482,-95.30920277471124,295.8522672452407
1547424150,a35244,47.6110684669624,-122.21670297475964,52.68720363624838
1547424150,899019,44.794189453125,-75.20331246512279,258.368199678019
1547424150,acb636,38.140411376953125,-88.51182004238694,202.34397690686245
1547424150,a8dfc7,34.919586181640625,-105.73976477798148,274.1928608243976
1547424150,406d1a,56.35716325145656,28.23288917541504,264.67931322276405
1547424150,adacaf,33.351140426377114,-117.19329211176655,56.09563049317692
1547424150,841b28,34.17146301269531,132.98047746930803,141.40754593372878
1547424150,aae23d,34.822330798132946,-84.72673416137695,228.92295573756536
1547424150,4b1a01,40.85865783691406,-4.99505615234375,224.3689576486964
1547424150,ac03f2,31.83861166743909,-96.69084198620855,229.2071743143269
1547424150,8007d9,19.57656601728019,72.35835404829545,206.6099589123172
1547424150,e48618,-21.985885620117188,-42.69516823508519,228.08674066492972
1547424150,abdcfd,30.007246631686968,-95.23377685546876,72.02216
1547424150,a49441,37.7853807352357,-77.7513188901155,212.33080165441143
1547424150,71c074,33.16227722167969,130.21490478515625,183.97038206476972
1547424150,adf128,42.11771819551112,-71.21912756631536,100.51556481409204
1547424150,aaed07,38.819091796875,-80.30420717985731,201.07851717396747
1547424150,7c530d,-27.41675425384005,152.9898482102614,105.47231206863071
1547424150,ac7720,33.91035461425781,-95.5584093989158,188.5653061469925
1547424150,48412d,44.157806396484375,74.56197339434956,243.6537346736484
1547424150,738063,34.81205749511719,34.015521613919006,234.11780669107685
1547424150,a62825,34.95982360839844,-100.61794981664542,256.4558808537538
1547424150,4063e7,40.56367492675781,-73.47015380859375,142.5344136537736
1547424150,abc14d,33.240625413797666,-80.91268111248405,223.4588644638943
1547424150,aae5a9,38.310629634533896,-75.30339780061144,218.79418836746544
1547424150,aa2184,35.657477944584215,-85.82916909075794,300.3229605977171
1547424150,a00b91,37.90380962824417,-99.17525581691577,164.58670817488397
1547424150,a43ea3,38.4931640625,-101.2731071140455,266.62794289656523
1547424150,ac3477,38.23191833496094,-85.51442247755983,228.51797046015463
1547424150,780ae7,27.09004211425781,120.16218653265037,234.0533635949693
1547424150,a3ef1b,38.045928955078125,-98.3750883061835,273.2516171189837
1547424150,ab0351,40.07840431342691,-76.38113542036575,199.1509669947653
1547424150,a2a2df,38.86175537109375,-79.16461447010869,220.1459698879379
1547424150,a046b6,38.96466064453125,-111.28833936608356,220.26675472335177
1547424150,71c050,33.48879539360434,130.5110199597417,115.26416023750112
1547424150,a2a7c4,34.95758056640625,-103.23818907445792,282.67749877737435
1547424150,adbb39,33.731231689453125,-116.34532694913904,250.15523873080383
1547424150,ace7bf,42.77052022643008,-87.11896319722018,221.17143589017869
1547424150,a5dcc4,47.54594421386719,-122.3004913330078,54.370671022612186
1547424150,ac6d1f,33.67584228515625,-111.85746796277104,54.45335670865244
1547424150,a9e55b,32.80165100097656,-116.94287109375,59.08720236702794
1547424150,a1311e,36.41101901814089,-121.34603946766951,191.30816000165137
1547424150,ac537f,35.344972772113344,-90.64398582945478,258.18836831281527
1547424150,ab6fdd,31.642952611890887,-100.26145019531248,265.1723043476284
1547424150,424348,53.32049560546875,83.18494524274554,133.8068745106494
1547424150,a3bd54,41.807647705078125,-79.83552412553269,130.9085623419775
1547424150,4243af,59.71814171742584,42.8161831559806,242.15508055306933
1547424150,424940,47.366455078125,14.685218811035156,238.08477212720896
1547424150,781147,53.43703447762182,58.55373606962316,221.36400384955368
1547424150,7c627b,-37.494232177734375,175.528564453125,119.73400903793842
1547424150,ac7216,25.47129821777344,-79.84781901041663,150.64779091078438
1547424150,a00050,34.48929608878443,-103.38380813598631,288.67689406601625
1547424150,a2e235,39.15797346729343,-78.41876220703125,205.0077090500318
1547424150,aa8152,36.07768249511719,-120.04480361938477,237.9435583306774
1547424150,758524,14.47890976728019,120.96592953330592,70.50886212611688
1547424150,a2075a,28.09343758275953,-81.71679328469668,182.6537026219652
1547424150,a8f3c5,42.32551574707031,-68.55899464000356,276.5872176693134
1547424150,c08096,41.10357769465042,-89.76067282936788,246.82699311940232
1547424150,896466,25.334100238347457,55.7720947265625,144.11962961321944
1547424150,c05fa4,43.476996987552965,-80.03513881138394,118.4037318804662
1547424150,a67883,33.83491516113281,-80.9572430046237,212.8679509699602
1547424150,86d2aa,35.274993896484375,136.43634796142578,211.5272119551217
1547424150,ab874c,40.516387939453125,-73.8470458984375,82.85104249133158
1547424150,aa0e1c,35.179229736328125,-94.279118751993,281.9946266055106
1547424150,4bb854,26.89792956336069,50.2798814039964,196.8546703058853
1547424150,a1cb0f,39.52537536621094,-121.6740019425102,251.8512080026538
1547424150,7810c6,55.793975830078125,33.38162508877841,253.66315010626928
1547424150,471f93,45.03537970074152,22.948697718178355,248.53396082317403
1547424150,ade9c0,32.93504333496094,-80.90156250000001,227.616909060333
1547424150,ab5dab,42.28610229492188,-83.462572964755,129.33740132857275
1547424150,4d20d0,40.52898342326536,-70.68884416060013,278.6012317563434
1547424150,aac1d4,39.110816050384,-120.8807373046875,97.05555640373017
1547424150,a07637,36.32093811035156,-90.21005630493164,225.2777237450443
1547424150,a0d961,41.16339732024629,-80.06873390891337,225.5008222043108
1547424150,a03574,39.37476723881091,-75.27294921875,193.02621685385577
1547424150,a3c192,42.01534982454979,-89.76941485737643,237.0654854835392
1547424150,7c7b65,-34.79318909725902,138.66600036621094,47.73253067072627
1547424150,acb9ed,38.13536045914989,-104.66627038043478,199.6526609954821
1547424150,a6049b,29.953628540039062,-96.31573845358456,213.82374576189605
1547424150,a24b39,30.77959480932203,-98.33631591796876,227.85862455457
1547424150,a0a457,38.599020747815146,-122.21270751953124,215.27376194684453
1547424150,ac7074,38.13441467285156,-96.98040901346404,272.26192332880896
1547424150,c038a7,58.54888916015625,62.71846648185484,271.6342264942266
1547424150,a14f95,28.179611206054688,-84.08402076134314,202.576002216028
1547424150,780d9f,33.97200762215307,-118.23217391967772,96.1900232208294
1547424150,a7946a,43.218864828853285,-85.55400303431918,232.69309261948808
1547424150,a0a514,29.592453002929688,-95.77680147611176,99.8180453711258
1547424150,a6942c,33.51310729980469,-111.95722045898438,73.565492
1547424150,c05f09,33.30849857653602,-117.6642468510842,202.9316938201308
1547424150,a356db,39.17184603416313,-84.3951416015625,262.2781626978785
1547424150,aa95ac,38.870792712195446,-86.103515625,224.8126166079251
1547424150,7c779a,-31.917251586914062,151.82056274414063,188.065697730855
1547424150,aba7a7,29.780769994703387,-95.65047320197613,99.4634602742777
1547424150,acb664,33.44010175284693,-118.08514653419962,171.96978816874295
1547424150,c05029,48.80261954614672,-122.95941804584706,48.87218
1547424150,8960b4,26.596922793630824,54.91167508638822,237.2306506035221
1547424150,a67538,37.97511291503906,-108.14538184632644,261.6619162595675
1547424150,c00b7c,45.47506558693061,-73.74673238614712,49.52041257475725
1547424150,44a839,36.88650357521186,-81.1175537109375,208.7432205464329
1547424150,a27a26,38.25481350139036,-106.8790004564368,239.86223891724097
1547424150,a7cc2c,39.6886224261785,-75.173583984375,151.78887948296065
1547424150,a4dd02,47.346954345703125,-122.30941772460938,80.25491284203623
1547424150,a12115,27.068031440346928,-80.62010544996991,216.9526909071137
1547424150,4242fd,44.329833984375,68.22777884347099,209.87549876743424
1547424150,a28b5b,43.67349243164063,-79.66493118640989,66.24153222167253
1547424150,48403d,25.8607177734375,-97.48267407687206,229.84768397381848
1547424150,ad4f72,39.710540771484375,-73.76572982124662,208.7026457806226
1547424150,a841bd,36.69559284792108,-119.779961768617,239.82803254704223
1547424150,3949f5,-20.50103759765625,-40.5802590506417,248.0292394913616
1547424150,a0f355,40.33178814386917,-105.25426691228694,163.5778226679744
1547424150,8005a3,28.543225304555083,77.18848733340992,72.87149651004734
1547424150,49d403,46.14161682128906,21.01818549923781,250.6377292325851
1547424150,405f8e,29.57272804389565,-95.0558651194853,99.81937103759604
1547424150,c0228f,35.7144578836732,-115.05210064827128,244.7980571269958
1547424150,899111,31.968429565429688,-95.35319824218747,192.50519226087783
1547424150,a14ad4,29.85507202148437,-94.74593529334436,89.1236184086955
1547424150,42460e,62.83043812897245,-22.185093806340145,304.3009098832369
1547424150,406fd8,47.42560435149629,8.0712890625,184.35479552657452
1547424150,c02ec7,49.54121735136388,-65.94914616765203,238.90205533143148
1547424150,a3c5ea,32.27489924026748,-96.21848592952809,163.6223088805367
1547424150,40745e,25.19886598748676,-81.14341303987324,268.59544438539194
1547424150,0ca2fc,9.403738248146189,-60.48025723161368,148.6805461601208
1547424150,a4204e,40.62711554058527,-74.4685155695135,102.2333684754587
1547424150,a89f62,39.76446533203125,-75.66546896229619,91.69522358144243
1547424150,a0c80b,38.8216552734375,-121.31169194760528,128.51012941922
1547424150,acb104,34.19856262207031,-82.82385378467791,265.0265504158471
1547424150,0a0090,41.06515502929688,28.55511474609375,168.78546223933128
1547424150,e48c4d,-22.76605224609375,-43.09731778231534,134.62813712734408
1547424150,abc0e4,42.20947265625,-78.14725008877843,219.986023325462
1547424150,424315,51.398345947265625,40.32821242873733,222.94663988479297
1547424150,7c6d2e,-34.2938232421875,150.40128707885742,179.543904078948
1547424150,abfefd,39.87525034759004,-104.839599609375,127.0770401159094
1547424150,a35e9c,25.764175415039062,-80.1351420084635,138.572727519598
1547424150,a7a56e,46.9833115399894,-121.14680363581732,100.34955176095606
1547424150,a69242,31.80458198159428,-116.03479502152422,216.57359213243
1547424150,a06010,40.79293461169227,-100.4619806463068,227.2061014453835
1547424150,a44988,47.42602332163665,-122.3181856595553,75.62501778928029
1547424150,acc239,39.79426574707031,-79.69983971637225,224.9391315475504
1547424150,a11f59,37.68077785685911,-85.03370202105978,278.20007102292584
1547424150,add2f9,37.1363525390625,-80.15671750332444,202.7620839139604
1547424150,a339b0,33.18117820610434,-116.99918163066008,35.30225531890879
1547424150,c076d6,49.21115112304688,-122.67883300781251,46.13389690359695
1547424150,47c8ca,37.676055908203125,-113.29966443650264,240.45676086404663
1547424150,a0f566,30.77158782441737,-101.23110351562497,257.8657926680222
1547424150,a4f414,38.813323974609375,-94.55443009086277,182.9512156616845
1547424150,4243a3,56.00514221191406,37.64373779296875,73.63561003847506
1547424150,4ba9ca,52.62516345007945,-8.888253348214278,269.76984241310606
1547424150,7c6d33,-33.57206726074219,148.6732140365912,225.86962460354584
1547424150,407129,42.63654288599047,-83.31571357194764,265.7624873941548
1547424150,06a107,27.92449951171875,49.97281632333432,248.0585808579612
1547424150,a1cac8,33.19505310058594,-117.40720825195312,51.32336327434717
1547424150,ad116c,42.45340638241525,-93.11047221339028,228.26072166689505
1547424150,a56323,33.54798889160156,-82.10991061463648,227.16998937140323
1547424150,ad0e61,32.67352294921875,-109.55802612304686,256.1626360949729
1547424150,a8a3ce,37.3582763671875,-105.72172773645278,274.5001068339084
1547424150,4baa92,46.64981130826271,14.392982482910156,267.620177022237
1547424150,a7a8be,19.49253845214844,-155.07045200892856,60.821989856161466
1547424150,4d0112,38.20658538301112,-87.115014117697,261.9267767875139
1547424150,a3a8ef,34.35732049457097,-117.14859008789062,140.60235450091486
1547424150,add6ca,33.735196388373936,-111.07217788696288,93.82787276821873
1547424150,0101cc,40.66273498535156,23.4949951171875,246.08766296189089
1547424150,e49104,-25.40416135626328,-46.81523161114387,243.1769768392238
1547424150,a8d224,35.8685302734375,-78.8093376159668,66.93309873309474
1547424150,8964da,50.10260009765625,42.95639841180098,217.2105387727817
1547424150,7c6db4,-29.84924833653338,152.13070140165442,243.98371097048948
1547424150,ac57ca,47.5457091250662,-122.64002873347356,62.972652754777805
1547424150,a508c5,29.242721557617188,-92.41382305438702,177.48616225900247
1547424150,c03c05,34.915714587195446,-74.44690704345703,223.8641354894777
1547424150,a10c31,34.81278758938029,-111.19359970092772,197.43728042932736
1547424150,a4726a,33.45469665527344,-111.76320190429686,28.795080952883048
1547424150,adc928,28.22532007249735,-82.91828828699448,96.47711110265024
1547424150,020121,-19.734878540039062,-39.919902256556895,245.9903163463383
1547424150,e8045f,-37.33908443127649,-71.77427872367525,222.7726666707177
1547424150,abd8a5,35.9208984375,-113.88376235961914,247.60206287378628
1547424150,781344,59.056732177734375,74.16851806640625,230.8868000433012
1547424150,e94130,-17.52654512049787,-66.05691637311662,89.51916895413005
1547424150,a87cbb,27.9481201171875,-81.11544095552881,143.15969963747423
1547424150,e480d2,-30.503772800251625,-52.34089965820312,221.94726359874565
1547424150,a73b7e,33.30427551269531,-113.26986694335938,201.17983639959667
1547424150,75044c,44.2000928975768,27.56724287823933,262.3038922933869
1547424150,42438e,55.247406005859375,58.324234906364886,206.3843923272628
1547424150,a98ca3,37.08412170410156,-78.87523245304186,258.02379742589886
1547424150,e8020d,38.560568599377646,-74.982177734375,261.165845477688
1547424150,a2c802,39.79527282714844,-74.72100299337637,175.12417300172456
1547424150,7503f6,17.375244140625,102.26503071032072,253.9379169352036
1547424150,a276dd,40.96517789161811,-112.22490484064276,181.5812429765491
1547424150,c00bfb,45.15986038466631,-74.55208382955408,179.79725803341182
1547424150,abb624,26.721725463867188,-82.49820349351415,271.82901621197686
1547424150,abae2c,35.29371875827595,-93.69017905377324,284.2045866359942
1547424150,abb8ea,35.20913334216102,-106.3726043701172,274.0205173677072
1547424150,a30bce,46.40460205078125,-121.60733106659676,223.48255013011308
1547424150,c080a9,43.29396057128906,-77.95623779296875,214.5237648384417
1547424150,484007,40.48640441894531,-107.35296630859376,243.8323463681601
1547424150,aba841,41.93183510990466,-82.7808965638626,169.296634432497
1547424150,800c79,17.398200600834215,73.29896654401507,223.22661193699943
1547424150,abf9f8,37.069686631024894,-107.74100925611413,206.60547561317304
1547424150,c0712c,34.44969177246094,-77.12211764588648,220.2258996066901
1547424150,ad385f,32.11103536314884,-104.78726134008288,202.08483997902223
1547424150,a0339f,40.63343811035156,-74.2022705078125,63.27870320121677
1547424150,7c16d6,-37.98161315917969,143.80916514295214,46.13389690359695
1547424150,a4cc95,41.15394721596928,-77.65642339533025,243.6586224496865
1547424150,a39bfa,43.0872802734375,-86.62975222565404,232.6743256486632
1547424150,a85e2b,40.06676625397245,-105.71900107643822,226.0283349074681
1547424150,4242fc,27.449432373046875,78.00666089327831,277.5147642627943
1547424150,ab0888,32.8245849609375,-116.97335815429688,2.121106950465252
1547424150,a036b1,41.67081671246027,-87.30553915334298,252.0024819909264
1547424150,7810e9,25.869730286679022,119.3321756216196,214.91263687704327
1547424150,a3cc37,36.193852828720864,-88.77011562915555,189.83610960365027
1547424150,c0583a,46.97009070444915,-62.45748666616589,266.99693161033
1547424150,738054,39.17349243164063,16.005766495414402,237.96580228308
1547424150,a6a88c,31.061920166015625,-106.14263197954963,159.08302128489387
1547424150,a7e930,37.70782470703125,-122.22355718198028,74.10315379214886
1547424150,7584fb,22.637237548828125,121.4706864790483,226.79513317192016
1547424150,06a10c,3.901775812698623,100.27609989560884,234.27940170184257
1547424150,a23ccb,32.67101223185911,-99.96157276387116,232.4450188894534
1547424150,a0fac3,39.12913513183594,-103.3649278723675,192.0723367475676
1547424150,a4ab32,25.746505737304688,-94.74385579427084,280.1240877518818
1547424150,ac9ae8,34.24759687003443,-110.93255996704102,188.22253903103805
1547424150,aa84cb,35.85718704482256,-115.12871275556849,234.30312305258977
1547424150,a2b82f,61.33460998535156,-149.9520983014788,54.01906967778635
1547424150,0101b6,34.56047446040784,-3.19061279296875,228.98537540107228
1547424150,e07191,-34.897512662208726,-59.00064468383789,191.2050701249216
1547424150,40645a,51.80109573622881,12.357864379882812,185.2205595020989
1547424150,3c6571,54.3072509765625,-105.3971773035386,249.8577769189725
1547424150,ad7683,33.29411393505032,-111.778601821588,54.15118771390781
1547424150,a6b911,31.23506190413136,-99.53712158203126,278.28900366131865
1547424150,424318,52.733164641816735,25.899562290736608,243.01421960155483
1547424150,ad6ff2,33.001533120365465,-97.19408307756696,148.4240036155899
1547424150,c03cf4,33.58470153808594,-111.83807373046876,151.88648731587674
1547424150,a125f9,33.672164658368644,-117.87111282348631,26.6916630735912
1547424150,a99b83,40.968292236328125,-78.4161376953125,227.67794319221875
1547424150,a4460e,38.56838937533104,-80.40692138671875,205.665677992927
1547424150,e48162,-25.760787963867188,-48.61399332682288,217.36400487777271
1547424150,aaf9ea,41.20734263274629,-78.07340448552912,245.09572083536224
1547424150,ad64cd,42.67224845239672,-78.86273761128268,251.35209493327463
1547424150,abaaa8,33.12880693855932,-92.73548359773594,272.50822699080885
1547424150,396444,45.177922652939614,-73.92593011623472,245.6075481675103
1547424150,a9bb7b,36.20865644034693,-116.11374226022272,224.70428679119783
1547424150,a2e9a3,35.097640732587394,-89.95159149169922,124.5177669167439
1547424150,a4b259,35.929668879104874,-120.34640048412564,201.27453031211888
1547424150,a5d570,42.25547790527344,-85.26183388449931,228.58050071511963
1547424150,a76277,37.65945693193856,-121.99654620626696,108.30848436966146
1547424150,a420bb,42.97966003417969,-85.94706690588663,234.0810649944728
1547424150,a37eff,41.50336831302966,-74.67930993368458,203.8146363106557
1547424150,acb17b,34.35960388183594,-117.33392832230548,128.63671962829432
1547424150,406f26,52.36756896972656,2.2832489013671875,251.6604102118957
1547424150,a79422,38.82489220570709,-110.3260498046875,233.3699665482938
1547424150,a3d7e4,42.89515686035156,-92.11033311001086,226.6381275805804
1547424150,89618c,24.32391667770127,57.887377469044814,224.340646852424
1547424150,341119,40.396728515625,-3.4598388671875,86.5382889053244
1547424150,ac7a5e,34.717254638671875,-104.98081129424426,276.5556397988101
1547424150,a56866,39.16671752929688,-90.71930595066236,186.0588271330723
1547424150,a7475d,40.47802734375,-111.769775390625,68.90093512748263
1547424150,a75884,34.288330078125,-118.50231170654295,43.46062372014042
1547424150,aa25a6,42.58699035644531,-85.26757673783737,209.398930866138
1547424150,a4794e,42.05813133110434,-87.16009805368822,235.8073478440577
1547424150,a37d8d,36.93415832519531,-113.03160971783576,187.257616
1547424150,7c7a38,-36.84429931640625,145.95170974731445,247.47376610130163
1547424150,71040a,24.28993354409428,46.23554733564269,225.8432596962672
1547424150,76cccb,45.88888549804688,25.092639457888723,262.8828974717412
1547424150,e48c05,-25.21636962890625,-48.01401774088538,237.6024092668341
1547424150,c0584d,37.76115417480469,-80.4853723404255,235.347869008018
1547424150,a84f41,45.28531866558527,-123.15372373999617,36.61236903798824
1547424150,485789,40.301529189287606,-74.92326216264206,275.38951815650216
1547424150,a752b3,32.73065185546875,-96.01012573242184,246.5861624298562
1547424150,a3e63c,34.76078796386719,-116.78618139150193,231.06840830730508
1547424150,a3a44a,40.5501708984375,-79.4971923828125,219.71637645086395
1547424150,a8a319,33.94053830938824,-105.54845809936523,264.39919322070153
1547424150,a35e8a,38.28586384401483,-120.97535506538722,155.073083242846
1547424150,a3778e,45.71772766113281,-122.70884444073933,121.7842271782786
1547424150,ad8426,42.59715270996094,-95.65839594060724,131.38480785614294
1547424150,c819dd,-37.66248282739673,175.8003566576087,147.39516384798466
1547424150,aaa0d1,39.404296875,-75.96454786217731,216.38593404378068
1547424150,76cda2,40.67711264400159,65.24617975408381,195.7728115737104
1547424150,a5e48a,29.325851440429688,-82.1421344463642,210.76388327989056
1547424150,e48613,-22.5820715952728,-49.18675740559894,210.66466096575343
1547424150,79803a,37.66038797669491,128.82030984629756,287.5488868183008
1547424150,7c6a84,-37.73126220703125,144.39564806349736,43.24390682483459
1547424150,a243cb,33.861399505097985,-98.60652923583984,265.12040117576976
1547424150,c820b6,-40.466231006687,173.4073916348544,249.71739174548887
1547424150,a1c1c7,40.74916076660156,-73.90069580078125,59.65776191428009
1547424150,39644e,34.48156841730668,-81.69570922851562,283.8244008529946
1547424150,a300a9,36.27322439420021,-91.56222079662564,183.2345249747152
1547424150,e491a8,-24.14631989042641,-47.97967874778891,219.51995199434475
1547424150,a61d00,32.36997985839844,-93.03217163085937,268.0426032318832
1547424150,4951f8,41.07802051608845,-72.21101240678269,175.30769109887336
1547424150,a1ae05,37.355804443359375,-119.80339537275596,227.0056651927152
1547424150,a44197,43.30101013183594,-78.29266215479652,222.37373743639887
1547424150,aaf53a,43.1192430399232,-88.24244907924106,220.6868824301807
1547424150,a38d49,37.7069091796875,-86.12492338139958,227.5919094061277
1547424150,a0be47,32.00559454449152,-81.97616888552295,244.4605193739288
1547424150,7c6d8d,-35.78102758375269,148.70772341464428,178.39935880492382
1547424150,738443,34.55882263183594,32.25569121691645,241.9320250917105
1547424150,c01a5a,43.023624743445446,-93.90727451869418,244.50598428958432
1547424150,a753d5,34.647125244140625,-82.48142787388393,109.49925736280808
1547424150,a635e8,48.868956485037074,0.5154178017064144,283.91530036657565
1547424150,a22771,32.8564453125,-97.05498046875,63.791056000000005
1547424150,ab7d25,47.62359101893538,-122.33086219200725,37.681047693962014
1547424150,abef79,39.252800375728285,-102.67523193359376,256.1337064579629
1547424150,a52fb7,47.4033989340572,-120.91538649338943,151.43976651803962
1547424150,a4c7b8,45.603735972259,-122.95953369140624,39.37429493309928
1547424150,a57dd4,41.54502868652344,-87.68893848765981,229.9656748671445
1547424150,a0cc06,29.814926147460938,-93.8697756253756,207.1236132915453
1547424160,abaa0e,37.83975374900688,-100.97181900687838,203.29131955887925
1547424160,76b4ee,2.5303468865863348,101.84098868534484,99.73449286017632
1547424160,acad4d,31.46079370530985,-92.0949279785156,202.85342994687312
1547424160,4ba95a,37.63508605957031,-122.39283784906914,119.35655144884902
1547424160,aba7b0,39.56941223144531,-106.604760211447,227.48083122531904
1547424160,a903e7,33.12838796841896,-117.27916483976404,49.64851042853858
1547424160,a4794e,42.063812255859375,-87.18706304376775,236.1628570798564
1547424160,adcca6,39.099517822265625,-103.54058970575744,192.03650852625896
1547424160,a2e45c,39.81852722167969,-74.17240308678669,201.5478405889893
1547424160,a44777,30.373947143554688,-97.58762135225186,65.5608370126387
1547424160,c05f01,50.7081888489804,-106.707763671875,202.30473507245628
1547424160,71040c,25.325767387778072,48.1273723098467,253.29511171417187
1547424160,71c308,35.70039910785222,126.397179136885,245.32453013622484
1547424160,abf351,38.09029789294227,-85.574718972911,223.395492962986
1547424160,a79422,38.82074905654131,-110.351806640625,232.6572634524572
1547424160,aab09a,38.31035032110699,-104.36563906462295,206.2965341107356
1547424160,a52cc8,33.80964660644531,-77.74273307955997,213.1170810949533
1547424160,a2ab73,32.672332763671875,-85.91275634765623,254.71420725994315
1547424160,4baa88,33.458587646484375,30.93475341796875,231.13196611352907
1547424160,a0300e,29.80735132249735,-98.3458934110754,82.94203061030748
1547424160,c036b1,49.1899807170286,-123.06877537777552,84.83491967771516
1547424160,acb953,43.04850769042969,-81.71771382176598,224.51045808014192
1547424160,a9cdcb,34.64505987652277,-112.4363136291504,34.84954684217722
1547424160,8a05e3,-6.163795600503192,108.10523197568696,207.9963957193316
1547424160,a78605,34.55516750529661,-87.00519561767578,289.50356097260976
1547424160,adde1e,37.980900134070446,-86.27963522206181,221.51041080374424
1547424160,a44728,41.70228602522511,-75.289306640625,212.6023468297288
1547424160,3c5429,42.72157287597656,-2.81524658203125,119.56811876887048
1547424160,aaf53a,43.1180419921875,-88.26850358829938,220.96073481111424
1547424160,ab0a2f,32.80252230369438,-115.80632423867984,57.21671978025584
1547424160,ac6d89,36.714958578853285,-121.19334119431514,76.0699003289648
1547424160,a44d85,37.97575378417969,-121.60614662982049,241.7279241922793
1547424160,ac03e2,35.96956414691472,-114.2132828083444,220.0816444562865
1547424160,acc6d1,41.36636507713188,-72.48935352672231,218.96769663112408
1547424160,7c6d27,-35.23255920410156,149.2013168334961,125.05645850388396
1547424160,a4ec2d,26.803253173828125,-81.53969818691039,142.61330424999483
1547424160,a7c00f,35.898990954382946,-77.6037402863198,211.1064064180137
1547424160,a67a8b,45.578597763837394,-123.13016510009766,64.13241387475273
1547424160,c060b5,43.63592632746292,-79.36785016741072,75.98635673500942
1547424160,acf1d8,33.717132568359375,-114.85382080078124,205.4848016654836
1547424160,a2e098,42.002641063625525,-88.0473717977834,79.7404794795061
1547424160,78125a,25.89174949516684,119.320555466872,205.52858704882
1547424160,a83e86,41.7579345703125,-71.35239341042256,154.1624816518012
1547424160,a7e1c2,35.05155944824219,-105.65686284279336,207.9124009894235
1547424160,a5e48a,29.30849754204184,-82.13389677159927,208.9434429574273
1547424160,abc591,39.05538940429688,-103.52124421492869,228.0664342360164
1547424160,8a02af,3.473448672537076,99.37058021282328,154.95698883522533
1547424160,a07f60,44.770751953125,-93.29727172851562,121.2921060953313
1547424160,a9618a,39.21932931673729,-77.007080078125,176.51502493606964
1547424160,c04662,41.98008728027344,-74.03961181640625,221.8780929113808
1547424160,e80324,-34.87303161621094,-63.49800576969068,261.6826497466415
1547424160,86d215,35.47796630859375,139.82728958129883,67.76615984964673
1547424160,a031bd,27.78400485798464,-76.76802415114183,218.0478039886722
1547424160,8964a0,25.149706824351163,55.308026007886205,154.31004828349103
1547424160,ab4840,34.05612751588983,-84.05141830444336,142.16257603170618
1547424160,a36980,37.51968383789063,-119.25805274476394,224.98677686549976
1547424160,7c1472,-34.200714111328125,152.0501086176658,202.4427018627355
1547424160,a3e63c,34.76358187400688,-116.76172256469728,231.64836948188383
1547424160,a4a9f1,34.06549072265625,-118.7029032804528,146.15371242446756
1547424160,a72eda,28.447327694650426,-83.01921171300552,164.96334923524438
1547424160,a3819d,38.368011474609375,-122.53729637632978,74.08708071101628
1547424160,aa3839,31.0986328125,-92.28897992302392,207.0884721280813
1547424160,c01a5a,43.02776789261123,-93.92748151506696,244.86507652003945
1547424160,abbca1,29.40551240565413,-91.50458840762866,194.0381567734373
1547424160,7c5744,-36.56808471679688,174.9331283569336,222.64254330608503
1547424160,a2c802,39.7953667074947,-74.700927734375,177.4734873121437
1547424160,7103d7,24.876677949549787,46.395263671875,183.15723657937176
1547424160,a02cf1,39.97575662903866,-76.93563287908381,189.77475880128304
1547424160,abb5bf,33.40723587294756,-112.57208376514669,210.69857764538705
1547424160,8a0585,-6.467010498046875,106.51887538069386,123.14998543499097
1547424160,780a6c,15.503585815429688,120.91181704872533,217.0398936089954
1547424160,8a0607,-1.9369354248046875,103.76945366293695,223.78314
1547424160,7c6d75,-32.0643900208554,149.2858699876435,240.16161232805803
1547424160,a481c9,32.811492919921875,-116.8833251953125,63.68517520984927
1547424160,8a0315,3.17193603515625,101.52512372550318,69.87732828005947
1547424160,a3a503,34.03280484474311,-117.65636444091795,149.7023200729918
1547424160,add734,41.56159973144531,-80.5445168235085,242.55857298927825
1547424160,aced1c,41.00977493544756,-79.74769592285156,220.0882582181608
1547424160,acba1b,34.7427978515625,-110.58165258290816,205.0257814118953
1547424160,ae2fa8,39.22856140136719,-91.26295006793475,204.68536613056543
1547424160,aa6f80,33.731781005859375,-100.90852698501276,244.99203878291988
1547424160,400a90,42.78492736816406,1.9154912775213069,261.67354744241726
1547424160,a3e94e,41.12654113769531,-74.188232421875,203.1741202386413
1547424160,a403b3,34.578257415254235,-111.50642395019533,238.3047652901697
1547424160,a05ab7,39.21235656738281,-91.1865234375,211.46714814625443
1547424160,ad014f,36.48052150920286,-121.68614813622004,213.88129171612368
1547424160,ad9b28,41.66587829589844,-76.14836259321731,216.3388411717968
1547424160,ac85cc,37.3941650390625,-79.80720033036903,208.9846041597264
1547424160,70602a,14.572340108580509,77.04731188322368,238.90814808311345
1547424160,c00734,29.942459106445312,-80.90633616727939,196.9487562522745
1547424160,a411df,43.58573913574219,-123.1035312386446,221.2970426956537
1547424160,ad3d4e,41.21721170716366,-95.68049344149506,228.8952082010997
1547424160,706056,25.270797729492188,55.23605346679688,218.59935662484497
1547424160,aafd17,35.15977478027344,-104.67683753188774,259.25629832594217
1547424160,a59172,37.50938415527344,-122.24674306017286,32.04453465175739
1547424160,406ecc,59.71297441902807,38.68816507273707,261.8565440901683
1547424160,acd619,34.890289306640625,-115.87734300263074,187.4193698689535
1547424160,e491a8,-24.16191489009537,-47.99444810399467,223.14894304579383
1547424160,4caf91,27.11979752880032,-79.53858595628003,209.4185199054392
1547424160,acf0db,42.6586086467161,-86.20326552280159,210.7400239520537
1547424160,e03086,-34.55589294433594,-59.16384327168368,107.72535975797186
1547424160,7c6b2d,-30.542495727539062,151.81053610409006,256.2117056867103
1547424160,c04893,49.132415771484375,-123.81950965294472,55.769146466538935
1547424160,a287ab,38.538848876953125,-87.38298499065894,254.92607880079424
1547424160,a1f7b2,42.48028564453125,-77.22452337091619,248.08205145263463
1547424160,a38d49,37.69157409667969,-86.13129311419544,228.0803588392268
1547424160,8a044d,1.026523396120233,100.76371291588092,249.16355751865484
1547424160,780231,52.47428764731197,-109.57983398437496,281.31856373345613
1547424160,8a05ac,-32.742462158203125,140.23822631835938,250.04571656046085
1547424160,acbffd,34.19294454283634,-109.82648849487305,278.3940692433093
1547424160,400d58,36.57423116393009,-79.3595658971908,280.53617642660583
1547424160,7c6d22,-30.0234375,151.90241196576287,220.8756791838573
1547424160,a5fad7,38.50698697364936,-122.98614501953124,68.77598738329918
1547424160,e4808c,-28.16450500488281,-55.42269780085638,247.99455885516795
1547424160,407408,51.56777592028602,5.0611114501953125,196.8143339888908
1547424160,ad933e,38.99606323242188,-121.36256342348844,62.05184204598333
1547424160,8964da,50.11660301079184,42.94414623363598,217.2105387727817
1547424160,a57f42,36.32533264160156,-111.2563133239746,260.3843962206763
1547424160,a813dd,42.90234375,-85.52243254905522,53.62323018583122
1547424160,a206c9,27.76258850097656,-80.82185565300705,130.2366576710499
1547424160,a0c78c,32.25711628542108,-93.95165891063454,215.5373020167183
1547424160,a86927,45.17359329482256,-93.20921362900152,41.8252779857942
1547424160,75847f,15.783443127648304,120.9696742466518,225.65275501479343
1547424160,ab942f,25.14011706336069,-97.74650141877947,214.42998503201545
1547424160,7c6ae5,-34.60578918457031,150.5995769889987,107.76588825665546
1547424160,4242bb,55.334224377648304,61.10579057173295,251.295231039905
1547424160,abdcbe,29.907811051708155,-96.0772705078125,203.5079603688579
1547424160,ab236a,34.649871826171875,-91.02985615632969,297.2302329052703
1547424160,ad2573,43.00202450509799,-91.10203334263394,224.06915365743995
1547424160,e48b01,-12.71625583454714,-48.21369371916119,224.6660056204477
1547424160,a4c4ae,47.32191467285156,-122.82096862792967,216.9837951919994
1547424160,76cccb,45.874786376953125,25.11983731897866,263.2958366394324
1547424160,40645a,51.81403725834216,12.375259399414062,185.2205595020989
1547424160,a1978f,27.40264892578125,-98.3295381986178,219.539843446152
1547424160,aa2ba4,38.18788146972656,-103.37994514627655,264.5112768195041
1547424160,4243bf,55.04522808527542,37.39329944957386,164.2889620000811
1547424160,a3e9b2,40.31327819824219,-90.6326904296875,208.4463352847948
1547424160,aa9300,38.57760671841896,-84.4019775390625,229.9017946325498
1547424160,ad3fd9,35.132834224377646,-110.54317474365234,261.0340766269803
1547424160,a7858e,38.009765625,-88.29875540226061,272.81688519922056
1547424160,a8bd6a,41.16233825683594,-73.51300048828125,213.9060379029144
1547424160,89618c,24.330759856660485,57.86550845739977,223.8534954186036
1547424160,ab1bd0,43.23902194782839,-84.25042288643974,67.18764689414827
1547424160,a27676,39.60715600999735,-77.76470947265625,226.8097192498536
1547424160,a7fb19,41.63603210449219,-83.84091463955968,242.3904872737813
1547424160,7c3515,-38.12460689221399,145.40506777556047,46.562155640413735
1547424160,abb8ea,35.22386169433594,-106.33257807517538,274.0205173677072
1547424160,e492a5,-26.21142371226165,-47.59388263408954,243.8410293151433
1547424160,781344,59.056732177734375,74.16851806640625,230.7153729124344
1547424160,3c6568,48.25800491591631,-60.05408839175578,263.4360181812419
1547424160,abef79,39.24200025655456,-102.64898681640624,257.2837258737838
1547424160,3965b1,46.50558471679688,-71.15020751953125,246.35476496046468
1547424160,aad3a0,37.517120361328125,-121.76731840093083,141.27085602892677
1547424160,861b86,34.49285888671875,135.7046384227519,109.045140318496
1547424160,a7e5c1,42.19921875,-80.95163518732244,253.13206434192483
1547424160,a75b65,41.22992046808792,-80.787089954723,229.33357295201893
1547424160,a0613d,33.307195113877114,-111.8925008968431,113.77705700868827
1547424160,ada521,34.30453025688559,-101.73368453979492,193.94607028527204
1547424160,424584,54.34016418457031,84.891357421875,219.05651349463
1547424160,851c64,35.62518310546875,139.5516014099121,180.1597284148078
1547424160,c02f75,27.97572326660156,-80.5381305401142,241.84340189274545
1547424160,a3b05d,35.411773681640625,-88.86114120483398,275.9439444835174
1547424160,a9f42f,39.411895751953125,-113.03026945694631,233.8655860472972
1547424160,a4105b,39.701202392578125,-75.09107506793475,200.7525018958897
1547424160,aa46c6,42.87028167207362,-87.4353463309152,255.06515355366992
1547424160,a64996,36.38704461566472,-115.0302448678524,238.2781102699204
1547424160,7c4522,-26.600460763704973,153.0841827392578,0.0
1547424160,86d6ac,35.44464111328125,139.85286712646484,138.68631682717634
1547424160,adde95,37.52655029296875,-100.1239013671875,282.7945039641268
1547424160,aad2f1,42.994537353515625,-94.76761928824487,269.480773854149
1547424160,ac22c5,29.48581501588983,-92.67043169806988,280.7361020581667
1547424160,a7869b,36.12139892578125,-102.39286422729492,279.73882934994595
1547424160,aa2bc1,37.777839272709215,-89.58084769870925,272.93472376867834
1547424160,424256,54.49351501464844,53.59623628504136,211.98151772946824
1547424160,4c01e9,41.540610103283896,24.574946913608287,241.9271024323521
1547424160,a0d561,39.57403564453125,-109.74565588909648,239.9565570222532
1547424160,a1e5f8,29.975637662208687,-81.49174804687499,208.51234631812864
1547424160,ac828f,42.0028272725768,-87.98043184502181,66.36526993903747
1547424160,7c4a1f,-37.8977578373279,144.6055138629416,60.75015154961772
1547424160,aa1be0,38.94502258300781,-76.58055844514269,130.47419559646292
1547424160,758225,14.197873907574152,121.102439478824,124.28907418863623
1547424160,a30520,38.34452819824219,-75.51470168093414,254.6102842664335
1547424160,a7f6b0,26.52461242675781,-81.69122659935141,250.46714059064857
1547424160,7c6b0f,-38.53501142081569,145.22589111328125,222.07362332422085
1547424160,ab0d76,39.26192461434057,-91.1346435546875,215.9991018277285
1547424160,7c77f6,-31.28306579589844,150.03209731158088,235.1684401826078
1547424160,155be5,59.047184313757946,20.189840382543103,235.8022973246576
1547424160,a1534c,25.782943725585938,-80.39276123046875,95.82477560893454
1547424160,841442,34.27822824251854,132.9104232788086,161.57882661919928
1547424160,06a062,34.94526672363281,-93.57509690888072,303.2803367277547
1547424160,485209,35.291107177734375,-86.89767837524414,208.85222617034304
1547424160,a44262,39.11393737792969,-96.40204388162364,249.17046149078504
1547424160,a1fc42,31.287479723914192,-84.29485473632813,237.95412446733943
1547424160,0d0939,31.635457701602224,-114.38151855468747,225.96509840481093
1547424160,7c6b1c,-36.52623580673993,145.7367397876496,242.07091219883603
1547424160,a28a2c,47.24972534179688,-122.37574768066406,114.3096420182118
1547424160,896376,7.092041015625,79.8154410669359,85.0965641986751
1547424160,899105,42.25923156738281,-88.60423694957387,137.05950630548185
1547424160,0100df,24.61537170410156,54.33146158854167,126.10175740899317
1547424160,ac5487,38.92749333785752,-122.7099609375,135.91450810598843
1547424160,acc120,38.8717237569518,-104.53924560546876,60.80240600832162
1547424160,c0809e,49.272216796875,-106.4759709284856,213.2468115914569
1547424160,a1fff2,42.812603449417374,-85.26090349469865,232.9585116080289
1547424160,c01cae,31.229335978879767,-90.77052612304686,219.2955962748929
1547424160,abdd09,36.80561828613281,-92.53721237182616,266.89927860785133
1547424160,a773da,45.4703172586732,-73.83971423637577,141.49548188595423
1547424160,a0a91e,37.15544128417969,-104.02241158992686,286.8849906702318
1547424160,aaa244,40.00314331054688,-107.98846435546876,233.51734618723108
1547424160,ac5f13,32.2867235086732,-86.22877471301018,85.14631009357707
1547424160,4baa45,40.752341060315146,29.41639293323864,205.7878886227909
1547424160,4ca646,43.87458801269531,-1.453325138535604,210.31701423304685
1547424160,a40694,42.59161376953125,-90.77503551136364,236.73872226465528
1547424160,867904,35.484100341796875,139.84439849853516,79.76370856742707
1547424160,a72741,42.290054579912606,-80.76918491097382,223.32440072835573
1547424160,a9bf4b,41.118255615234375,-82.35107421875,263.37322205673377
1547424160,a0996b,26.253832800913663,-97.7444105881911,213.53392428654587
1547424160,a443bb,47.55441439353813,-122.49248798076924,56.37799283340407
1547424160,7c39f3,-33.00860906051378,151.23308454241072,158.0356561398861
1547424160,ab6020,29.098872815148304,-81.38714958639707,217.848052801251
1547424160,a21127,39.5921630859375,-104.0709188710088,233.4487695452723
1547424160,862a60,33.40132141113281,131.87686157226562,179.88776019984516
1547424160,4bab2e,27.47298935712394,50.09369483360878,212.166210875137
1547424160,a062fc,39.19422912597656,-86.39809649923575,200.55729814503127
1547424160,84bd16,34.25797801906779,131.35517120361328,180.4576867576622
1547424160,863188,33.067840576171875,131.361328125,175.15363947710094
1547424160,4ba892,40.18752275887182,23.28521034934304,242.0320974501273
1547424160,a6d3d1,33.99681996490995,-103.70847702026369,256.6023775633215
1547424160,a1d50e,44.544525146484375,-87.94228690011164,72.74245436432004
1547424160,a336e3,34.61796647411282,-116.64871215820312,189.85214120446275
1547424160,ad04d0,35.72432695809057,-119.75985912566487,262.6593078796212
1547424160,aa66ee,41.79790432170286,-102.1585437863372,240.6239976487937
1547424160,ae4e90,33.51737846762447,-85.42979960538904,120.42056098627364
1547424160,c078e2,33.12858581542969,-81.041748046875,227.43894474268097
1547424160,abb459,42.188803462658896,-88.06825859602105,143.4145868659579
1547424160,a8082f,38.6868896484375,-104.45108164911684,58.31626089177529
1547424160,461f0c,43.19647320246292,-71.67657034737726,259.9087985947456
1547424160,a3696e,45.03910387976695,-91.91195604277816,202.19743520024784
1547424160,a695f9,32.17451477050781,-111.27991333007812,223.03683874093144
1547424160,ac7b1b,37.89985656738281,-75.51335760887633,251.5394441500544
1547424160,a2d359,42.399810791015625,-87.3138427734375,184.90952319606572
1547424160,a2d1bc,41.65068054199219,-82.70520296963781,226.1149636139871
1547424160,a96e3a,28.71551513671875,-81.53524545522836,96.59773495314002
1547424160,a0205c,42.104264598781775,-87.7860632608103,175.64853983676457
1547424160,a882f8,39.87506103515625,-75.19448985224182,91.20179538317952
1547424160,a3764b,38.977294921875,-97.24518485691236,200.61996869455163
1547424160,abb595,40.13740539550781,-107.0787353515625,227.5360863132044
1547424160,7c6d96,-35.07646179199219,138.96656892737565,200.2819754568175
1547424160,392f2d,28.150634765625,49.40731342022236,218.4346428606762
1547424160,a8ef77,33.918938071040785,-116.37554168701172,87.09918262637967
1547424160,e082d3,-27.573123220670027,-58.28231224646936,235.16393864044653
1547424160,424255,46.14541781150688,11.573890686035156,217.7289649862553
1547424160,abbbae,32.25888527045816,-109.80459407884246,268.0430969078552
1547424160,42458e,31.187951039459744,-64.30473632812499,236.99570213171407
1547424160,780b2c,27.582340563757946,120.25883014385518,279.08195830161884
1547424160,a3b110,38.83313195180085,-103.6783447265625,255.7547364307008
1547424160,80051f,12.685857223252118,83.56225264699836,241.10690140578143
1547424160,a55351,32.957867121292374,-111.76268285634566,43.142808679008006
1547424160,a32acf,41.85855102539063,-83.56507041237569,131.70168303242536
1547424160,c03064,44.79231262207031,-85.15123639787947,223.7665825690776
1547424160,4bb1c1,34.62959289550781,34.96808110451212,179.89732280913955
1547424160,ab2760,39.40434265136719,-107.03555563221806,233.12942450921568
1547424160,a841bd,36.71458616095074,-119.79468812333776,239.6635531571345
1547424160,aa7e7c,32.41827392578125,-109.65333251953123,209.02955559553345
1547424160,7c7743,-31.98568725585937,116.0360595703125,86.22118273620607
1547424160,780bd3,17.257892156051376,102.23715100969588,252.89357524286447
1547424160,a51a9d,32.90754415221134,-111.8276479292889,50.15763045207395
1547424160,47880d,41.06977844238281,-111.502685546875,243.45325136515527
1547424160,ab2169,35.559173583984375,-81.07166290283203,278.0092692930893
1547424160,73806b,40.15672302246094,29.8826904296875,218.8764254572439
1547424160,8963b0,26.068322133209744,55.79285254845253,222.7726666707177
1547424160,4851f7,41.60238492286811,43.83762093477471,277.1378155481796
1547424160,a327ee,47.20103635626324,-122.30874868539668,123.9820713066093
1547424160,4a08e7,35.490076097391416,31.34662384682513,250.23986070393988
1547424160,abbcc1,29.65554447497352,-95.87170769186582,145.40484598670284
1547424160,c88004,-34.049749859308804,152.52914428710938,201.79061801497355
1547424160,78000a,36.61268331236759,112.99613790309176,218.98219980409195
1547424160,06a107,27.93460134732521,49.97015146108775,248.0585808579612
1547424160,a2bb89,37.71180725097656,-100.64873228681849,274.869118974368
1547424160,7c6d29,-36.05917720471399,150.29437125997342,230.3106666973608
1547424160,a39e7e,42.68055725097656,-97.11920304731888,239.09473259886275
1547424160,e491f1,-16.673149496822077,-47.61165618896485,259.22924532607374
1547424160,7c530d,-27.416614597126625,152.97902033879208,105.99544052496536
1547424160,7c7aa1,-26.685836791992188,153.03882526901535,225.4767616785056
1547424160,aa73a0,41.20934437897245,-89.63220769708806,186.34593318960685
1547424160,aae3ad,37.82350158691406,-121.04800609832114,152.90068443269584
1547424160,3c542c,59.668853759765625,18.01849365234375,65.88097690403809
1547424160,424372,58.668481859110166,33.566802978515625,220.2216935026429
1547424160,aa596c,33.43158269332627,-111.96032465720664,87.99398826415333
1547424160,7c451d,-35.246421684653114,149.71215430726397,174.3297317200204
1547424160,ac8b2e,40.81122964115466,-110.58488325639206,214.2274782059336
1547424160,4006b1,42.28843688964844,-84.57063154740769,259.445080304966
1547424160,7c46f5,-38.20440673828125,147.09337599734044,62.470534408146825
1547424160,841b28,34.1643614688162,132.96506881713867,142.5093451484441
1547424160,ac8e1a,41.94687148271981,-86.95640386537065,198.67131929230007
1547424160,896471,45.276214599609375,24.6734619140625,267.21094929871043
1547424160,a61797,30.23492431640625,-95.62042236328124,163.28634089324902
1547424160,a87de9,45.57344055175781,-123.20389910442071,24.70402725847784
1547424160,780f3d,60.18745422363281,-146.68784305967134,251.85541128478675
1547424160,e48bac,-23.142513986361223,-45.985056559244754,209.04728026473344
1547424160,4ca516,58.46699523925781,11.387151902721774,213.36281938419063
1547424160,aa56b3,25.59228515625,-80.53349812825519,229.0616430016513
1547424160,aaef60,25.78537763175317,-80.33130573776532,70.54638680260301
1547424160,acb9ed,38.12344308626854,-104.68400374702784,199.6526609954821
1547424160,7c6c99,-29.318552825410507,151.73325482536765,244.84778294898325
1547424160,abb1c2,28.08445300086069,-82.52902760225186,135.30757398745354
1547424160,a560f3,-33.06715393066406,-64.33796997070311,279.1492792804664
1547424160,a75ed1,45.49690246582031,-123.0509294782366,52.80762021911262
1547424160,a620f5,32.134171825344275,-92.78256786112884,277.43607678170986
1547424160,7c627b,-37.48558044433594,175.52079221035572,120.80564796844386
1547424160,780aba,-22.873443603515625,152.689736106179,235.92796699949048
1547424160,aca594,41.88871765136719,-88.96984447132456,175.8533339516555
1547424160,a74fba,34.46131819385593,-118.63088607788086,75.87656617312452
1547424160,40073e,47.620880126953125,19.71015930175781,271.8411859349124
1547424160,aab364,37.56216275489936,-100.77484130859376,220.5915236556468
1547424160,4798ea,49.64533996582031,24.44147210372121,248.81066908315188
1547424160,a92975,36.51874089645127,-87.27971503075133,179.75014945214525
1547424160,861f00,34.970972093485166,138.08120727539062,200.1610308270652
1547424160,4063e7,40.56338552701271,-73.45265475186437,146.66075746565355
1547424160,aa95ac,38.88941360732256,-86.113525390625,224.8126166079251
1547424160,ab28d7,42.002687615863344,-87.9657408248546,65.33641333868641
1547424160,06a2c7,25.538650771318856,52.14489630933078,212.9605545444758
1547424160,7c6d28,-23.432255114539203,150.92686971028647,218.36981332215683
1547424160,abe872,35.72758483886719,-92.1283721923828,190.4971614148839
1547424160,ab30e6,32.20944679389566,-115.12741400271044,259.3435632925024
1547424160,31846c,33.804931640625,-118.39629504145408,31.397946485902544
1547424160,76bd48,-26.96808378575213,150.10952876164365,233.9685430047136
1547424160,ac219d,40.17869567871094,-85.46240234375,223.21179171617112
1547424160,4cc4e9,39.27301025390625,-112.55266272503395,225.7025948438408
1547424160,7c6c58,-28.72780492750269,152.6400577320772,251.5341834364208
1547424160,47c9b5,48.013931533037606,-64.17973445012024,247.49087618030308
1547424160,e48007,-20.488524356130824,-44.77153431285507,210.51888269192457
1547424160,471f5a,45.47771906448623,12.094674459317837,219.2968031021408
1547424160,471f93,45.02462613380561,22.974019864710368,248.0052303366848
1547424160,a3e53a,38.60055541992188,-118.97596276324728,242.5438428606432
1547424160,a2b2e1,30.306884765625,-82.4948299632353,241.66222505557624
1547424160,4b1a01,40.84332275390625,-5.0123291015625,224.42556852720583
1547424160,a47597,29.406490002648304,-82.77422736672793,250.95694083944744
1547424160,a9d7c1,34.03289794921875,-111.57674789428712,210.0645633409408
1547424160,a10dd5,27.49072575973252,-83.3011920635517,204.40589319346168
1547424160,42460e,62.83043812897245,-22.185093806340145,304.3009098832369
1547424160,adf128,42.1259765625,-71.21444008567119,98.21974158622834
1547424160,a1bafe,40.12239074707031,-105.3165283203125,66.55640995785733
1547424160,a3fb6f,35.01449843584481,-105.80520629882812,278.2076813447593
1547424160,ad3cdf,41.85251009666313,-71.25470538472018,127.59248343328028
1547424160,a61988,32.797393798828125,-115.95025634765624,56.7382990651844
1547424160,71c095,33.724210060248936,127.29469299316406,265.6613920429795
1547424160,0c20a6,-10.382824913930108,-62.070433517982224,224.2798845401945
1547424160,abfefd,39.88651598914195,-104.83953857421876,126.03982988134165
1547424160,4005c0,41.615753173828125,2.2518227317116475,270.519779407716
1547424160,86e4a6,33.78863525390625,136.3116891043527,224.55348010948768
1547424160,155bd5,57.20650883044227,20.117915984122984,233.48107675368988
1547424160,407129,42.64226881124205,-83.2849901775981,265.7624873941548
1547424160,40068f,41.46123853780456,-104.07540254814676,253.1984456545985
1547424160,70203e,24.22425842285156,55.16881306966146,199.0605809731992
1547424160,ab6eb9,29.794409800384003,-96.15681367761948,189.6840906251694
1547424160,aad375,34.641632080078125,-117.97320930325256,190.85317735336525
1547424160,3c6464,35.56781833454714,-80.677633082613,231.5363797944174
1547424160,a958d2,28.31414794921875,-81.18727463942304,113.692124
1547424160,ad6595,30.88294077727754,-81.44917602539061,225.44154652432067
1547424160,a11f59,37.68273305084745,-84.98784604279894,278.17295755932173
1547424160,ab1979,48.55604553222656,-51.78490271935101,271.50997510715354
1547424160,a485b9,61.215911865234375,-149.81947762625558,28.808864
1547424160,abe8b6,38.11102294921875,-98.66534943276264,268.0741966612778
1547424160,a14f95,28.18626274496821,-84.10018023322613,202.10841161118435
1547424160,4ca5c7,46.0361131571107,-64.17457580566406,259.99788037032687
1547424160,71c318,35.6595262430482,126.92329569065824,216.90328081630668
1547424160,a97c4f,29.752899169921875,-95.38451561560998,131.08230981583594
1547424160,a12434,47.31937214479608,-122.23987285907457,43.36308257044556
1547424160,a9d626,38.54232012215307,-115.21405029296876,259.31090615897256
1547424160,a0d961,41.1668701171875,-80.0909423828125,225.7957951053907
1547424160,8990dc,47.43570618710275,18.076171875,283.4591108272018
1547424160,addcbf,34.149078369140625,-117.59681545958227,34.651536450639995
1547424160,78122f,35.43086242675781,139.73567962646484,135.8171132471133
1547424160,0200cc,40.28723765227754,6.413144198330966,234.07202
1547424160,a79563,39.86631774902344,-86.124095087466,261.6619162595675
1547424160,a8f3c5,42.33160400390625,-68.52965615012431,276.725448030846
1547424160,a82df6,28.49360061904132,-96.98649686925552,227.81216072363125
1547424160,ab43c6,30.51947021484375,-83.55791877297793,215.8857365691288
1547424160,7c1692,-32.59991455078125,151.2041198730469,81.49676300809166
1547424160,71c050,33.4793701171875,130.51669921875,122.62558086406462
1547424160,7c7533,-31.38221740722656,116.65994083180146,104.72947799885372
1547424160,738063,34.79044251522775,34.016075134277344,234.1285454825917
1547424160,7808a0,62.43553549556409,-156.28706711989182,262.29632502729373
1547424160,a8c094,33.59678649902344,-77.59262396364795,211.04622284781723
1547424160,a88e51,36.87098693847656,-118.69868501703787,231.6460845192485
1547424160,aa292d,33.809600830078125,133.80815155652104,208.65952644691487
1547424160,a6d3f2,34.81669797735699,-116.12720489501952,252.68052314941093
1547424160,e48618,-21.95379638671875,-42.67913818359375,229.4541350301372
1547424160,a98d7e,27.85556030273437,-83.41618375958137,204.74935828541217
1547424160,c82379,-38.75468444824219,176.49470453676972,123.38186204030094
1547424160,c06156,33.10790498377913,-86.38207883250954,195.19201263288628
1547424160,a60c09,30.26348876953125,-92.4786017922794,281.45164948015514
1547424160,8a03af,-0.35284423828125,102.44420455673992,221.189384086573
1547424160,a34358,46.27706754005561,-116.89981842041016,239.9896423092505
1547424160,a17907,37.341318938691735,-118.50778994352922,278.77074330846364
1547424160,7c6796,-24.078958802304044,151.15083514519458,99.07555709989342
1547424160,abc455,37.10188293457031,-107.7251547955452,201.89092443971515
1547424160,a046f2,40.19709777832031,-80.8453369140625,236.47978444723688
1547424160,abe4b9,28.10647220934852,-82.73480583639707,156.58884407725347
1547424160,a46d4f,37.68305891651218,-97.22966069760533,280.0466059563045
1547424160,a03574,39.35619289592161,-75.27734375,192.93364737126183
1547424160,ac7a9f,34.77205438128972,-102.1559715270996,144.85961122477667
1547424160,8a063c,-2.252523131289763,103.55315109779094,235.4203891674927
1547424160,7c1471,-33.88343811035156,151.10719019052934,92.8881317235516
1547424160,a0bcb2,34.16542053222656,-92.3663766043527,282.9049124578656
1547424160,a85c3e,45.24920654296875,-88.49415370396207,239.57685249023595
1547424160,ad1c11,31.723846435546875,-95.93137853285845,201.70535113644675
1547424160,a5dcc4,47.54198494604079,-122.29691725510818,53.99456789865233
1547424170,ad5c7e,41.78268173993644,-99.39663199491277,214.04456367833663
1547424170,7c6210,-37.9947509765625,145.20477944232047,54.13163501866346
1547424170,c02ec7,49.52273611295021,-66.01009059596709,239.1196364266908
1547424170,e49180,-23.45892333984375,-46.562705300071,73.91541703787907
1547424170,a7cc2c,39.66055142677436,-75.18572998046875,163.00813866341971
1547424170,760999,26.828147758871825,51.3232656625601,264.52028147574765
1547424170,abb007,40.19650734077066,-80.02453890713781,219.4451922407656
1547424170,ad4f72,39.676300048828125,-73.78692626953125,211.00295530375905
1547424170,ad4db3,41.281036376953125,-73.85113525390625,55.77389176724665
1547424170,a1127e,32.784759521484375,-115.7297607421875,112.98108518016436
1547424170,a21c82,33.57170104980469,-113.11551463847258,156.7290605659556
1547424170,abaadd,39.72721423132945,-108.321533203125,221.027797850702
1547424170,7c7aa5,-33.99586486816406,148.2553411989796,231.7905640621944
1547424170,76cd8f,2.165496826171875,102.2965874106197,250.5363406974576
1547424170,a1555d,61.454498291015625,-150.34534999302454,65.89101897054015
1547424170,abc573,34.40070718021716,-100.9906768798828,206.5644809377468
1547424170,345659,42.49572236659163,-5.158208802688932,210.62382808913625
1547424170,a9db95,33.06661314883475,-117.12473966637435,42.62440966181984
1547424170,c8195b,-37.64886474609375,176.38047238613697,96.22303378257703
1547424170,4243af,59.712648553363344,42.90217958647629,241.6447022690124
1547424170,8960ca,25.34843832759534,55.19888823887087,100.66947465594946
1547424170,71bc15,46.93890070511123,13.34374060997596,268.089004799644
1547424170,896466,25.341036521782307,55.80121886055425,152.4742935922378
1547424170,c0226b,44.05703787076271,-79.25027029854914,160.63343996659515
1547424170,738057,32.455902099609375,34.30491943359375,162.57895522584977
1547424170,a9932f,38.7802734375,-114.09367436948028,230.4536866687918
1547424170,e8042c,-31.56632762844282,-64.9248046875,202.6210692530235
1547424170,a1a9bc,41.50630110401218,-92.00091694676598,227.616909060333
1547424170,a8fd3c,40.09318542480469,-83.52593994140625,219.9445144283901
1547424170,a26093,36.72538628012447,-96.44675396858378,169.13319612270416
1547424170,71c090,22.49281311035156,121.33031116832387,219.49825017286705
1547424170,add0b4,29.555007934570312,-91.84744614821216,249.29947747320057
1547424170,4951ed,36.44439697265625,-10.784132937167556,250.0033762970081
1547424170,a25c75,28.22309875488281,-82.86554189828723,225.70083597841537
1547424170,a44f0d,42.3724250793457,-71.00944519042969,65.89101897054015
1547424170,a178de,34.95425984010858,-117.9990005493164,234.2455098908518
1547424170,4b1699,39.66156005859375,27.02565068783968,242.37793074112795
1547424170,a32bbd,33.70833574715307,-112.08904266357422,51.56001997353298
1547424170,ab6b02,33.4288330078125,-112.05845947265624,68.93741554043893
1547424170,a94b0b,35.98674192266949,-106.415561107879,198.3199969085024
1547424170,aac1d4,39.09759521484375,-120.89415177055028,96.33298729227616
1547424170,a65449,34.04174287440413,-118.20985794067384,92.4526146910156
1547424170,c818c9,-41.141143798828125,174.6934814453125,104.4219946803945
1547424170,aaa038,39.11618041992188,-76.26995584239131,204.69053795678167
1547424170,a0925d,34.27445751125529,-118.98725509643556,78.23101717841844
1547424170,4bb067,39.35673522949219,20.28476217518682,238.0825489370199
1547424170,ac2c23,35.562652587890625,-94.94539260864258,259.4231478326431
1547424170,a6d241,32.70662469378972,-81.029719138632,237.7182210859412
1547424170,ae1524,32.56408174159163,-113.9495226801658,137.47306734994226
1547424170,4242c2,48.58908443127648,20.244767038445723,233.74107204091425
1547424170,73806b,40.13690185546875,29.89263916015625,218.8764254572439
1547424170,896303,22.82498117220604,46.365559895833336,222.41419801850265
1547424170,a31b74,34.12125409659693,-85.32634735107422,243.7672144073236
1547424170,ac769b,32.34542588056144,-104.50296207350128,263.9117776220086
1547424170,80047a,28.401763916015625,77.12682283841647,154.8681520373056
1547424170,c035bf,40.63499450683594,-73.994384765625,77.92595572417139
1547424170,a15795,38.36314055879237,-76.60390439240831,231.8750400051337
1547424170,ad3098,34.408905029296875,-112.716027084662,227.50816963030465
1547424170,8004df,44.13184731693591,67.51543317522321,242.05341899804725
1547424170,ade66f,37.92545641882945,-84.73474253778869,231.55695338934137
1547424170,841b28,34.15873718261719,132.95261928013394,141.56560437240256
1547424170,ac2bd6,30.810333251953125,-98.6721981272978,211.23862462976624
1547424170,4cafb6,39.84059143066406,18.233005689538043,255.9766028070468
1547424170,c080aa,35.6493313029661,-80.67973684757311,230.00307397509937
1547424170,ad526b,34.927259542174255,-82.10334777832031,192.82250533083104
1547424170,aa3bdd,30.98712468551377,-98.57010498046871,75.53047116002664
1547424170,a0cb60,31.47899563029661,-93.69525146484376,219.8915641760192
1547424170,8514d6,34.90267996060646,134.89185333251953,149.95844056833187
1547424170,a0aa2b,39.481842041015625,-77.64790410580844,212.99969696580845
1547424170,4b8670,25.437446206302965,54.5965576171875,200.27999334680896
1547424170,a0a8da,39.33137512207031,-91.40033887780233,274.8041201670964
1547424170,a1460a,43.70008850097656,-122.39491307458208,230.92576905364328
1547424170,a17907,37.360591565148304,-118.51471610691236,278.77074330846364
1547424170,ad35c8,36.84480285644531,-81.3870620727539,288.79742521197227
1547424170,7c6719,-33.87690140029133,150.6734848022461,65.74626522988426
1547424170,a327ee,47.20774841308594,-122.30879974365234,122.43875275993594
1547424170,a658de,43.06296138440148,-84.07457624162947,231.31509808231084
1547424170,49528d,40.66159057617188,-3.43756103515625,219.132009718035
1547424170,76b445,4.773187152409958,102.71018718851025,246.0532464605588
1547424170,7c7b60,-34.597503662109375,138.35464166135205,63.04195850174162
1547424170,aaad6d,33.149662341101696,-87.29556959502548,180.5222040118348
1547424170,a08cee,48.5616651632018,-122.26099114668996,38.5833
1547424170,a2d905,30.8082275390625,-101.60807890050552,65.85084151621268
1547424170,ace0d2,38.79547119140625,-107.33642578125,245.398415839938
1547424170,7502b7,0.9924774169921876,101.40110856395656,227.3458360406069
1547424170,780ae7,27.11993408203125,120.18343367666569,234.3296655265108
1547424170,a88429,35.843826552568856,-115.30215648894614,110.73937364946052
1547424170,a2685b,35.79368591308594,-83.8235092163086,210.5741897793276
1547424170,040127,35.8533697613215,26.015917189577795,257.47395416289515
1547424170,86754e,34.012298583984375,130.55518948301977,121.45455216986464
1547424170,a3a9b6,39.84690856933594,-90.5812006411345,219.67300947408165
1547424170,ad4b03,35.04899597167969,-120.13779620735014,247.13506387018148
1547424170,e493c5,-22.3246377201404,-46.5841166178385,185.8254048610627
1547424170,896313,25.23957591945842,55.382818545935294,77.11170644868163
1547424170,aa6b9f,37.86521782309322,-78.71453326681387,283.39281366613824
1547424170,a48b51,39.59165954589844,-104.85190350076424,60.26904126408184
1547424170,a65f8f,33.95045393604343,-117.63954162597656,129.12954309031562
1547424170,ac03f2,31.80171203613281,-96.67034912109376,228.4977023543308
1547424170,e493b9,-23.008758544921875,-47.132596102627815,81.49026794826798
1547424170,a81ee1,33.56039273536811,-83.99505615234375,233.09990698257053
1547424170,abbd2d,35.85310363769531,-105.28993606567384,270.10416688504245
1547424170,e491ae,-25.808990478515625,-46.900278727213504,238.83724099054035
1547424170,a6d00b,32.28988906084481,-116.13658671476404,173.17135650175646
1547424170,4243ef,54.84393620895127,31.77038019353693,240.84167140597685
1547424170,a50cb7,29.58233642578125,-95.20419194148135,89.8688170799155
1547424170,48412d,44.14137268066406,74.61556368095931,242.90910433972925
1547424170,a981cc,35.92748092392743,-83.88143336519278,249.20019949181903
1547424170,aa7e7c,32.42234802246094,-109.67431640625,209.02955559553345
1547424170,c05737,49.22131037307998,-123.55260748612255,55.735918049300736
1547424170,7380a7,35.424018471927965,34.05037088597074,225.36405381566843
1547424170,47c1c2,43.339141845703125,-67.70503554233284,263.4676617553342
1547424170,a5ca0d,34.0625982769465,-98.7568473815918,77.20945843151861
1547424170,a1311e,36.43899691306938,-121.37303778465755,193.1577948147728
1547424170,ac79c7,28.06220103118379,-99.23077751608456,226.8832188097404
1547424170,c00fab,43.33497619628906,-82.43910678597382,227.05870478543315
1547424170,a4b294,38.33903503417969,-76.35515578249664,261.8843362582969
1547424170,acb664,33.424739514367054,-118.11653604312818,168.39379620819128
1547424170,abe4b9,28.09785461425781,-82.72266681377704,156.66825918669417
1547424170,44a839,36.88650357521186,-81.1175537109375,208.7432205464329
1547424170,424348,53.31623840332031,83.14570835658483,136.42954008254546
1547424170,a06abb,35.01580810546875,-77.86515216438136,244.88885318618884
1547424170,aa9ed6,30.82086181640625,-94.36911190257354,279.3696182396219
1547424170,e491c3,-24.14515608448096,-47.521155015477575,220.84751975369988
1547424170,780d9f,33.96725929389566,-118.25185775756836,90.36073768016657
1547424170,a620b7,32.708207469875525,-117.0846619897959,90.0277
1547424170,471f51,43.61665370100636,28.88155255998884,237.58291615220224
1547424170,a86485,31.16180419921875,-98.41014188878675,60.21412640870247
1547424170,7c7aae,-38.134615623344814,148.5644133194633,247.1136452908929
1547424170,3991e8,34.100445246292374,31.135311126708984,209.72412439175105
1547424170,abb68c,36.45286560058594,-87.38462448120117,281.4154451032435
1547424170,4b1900,40.46651032011388,-8.562094948508502,251.92475531490555
1547424170,ac3e76,44.68624877929688,-94.18860299246654,156.5161524039762
1547424170,a15a4f,33.83830261230469,-118.34097103196746,138.35005149847998
1547424170,a000d4,29.254119873046875,-92.24047147310694,180.3205109472522
1547424170,8a03b1,-6.546036025225135,107.88346915409484,179.8421469142052
1547424170,ab28c5,40.87165444584216,-73.14179160378194,151.82984755397123
1547424170,8681b0,41.240478515625,140.9974365234375,210.50253918064448
1547424170,a9e55b,32.79277038574219,-116.95001220703124,59.93217401891735
1547424170,a116e1,37.83021054025424,-78.25549581776494,202.1496553537292
1547424170,868043,33.86321504237288,136.5816879272461,206.2978169815671
1547424170,78082c,24.98966023073358,118.36685468565744,196.4825903670007
1547424170,7c1ace,-33.14137604277016,137.9048187878667,134.5484984807298
1547424170,7501fb,3.05804443359375,102.512403585143,179.15138373233438
1547424170,508404,44.12228393554688,29.99299515125364,234.4448363306604
1547424170,ab618b,41.95857238769531,-82.32361533425069,254.05930354934665
1547424170,471f93,45.01280186539989,23.00202160346799,247.29992479556591
1547424170,e482c6,-21.48179626464844,-46.01318914240056,234.1822320535056
1547424170,47c9b5,47.99903481693591,-64.20339731069714,247.49087618030308
1547424170,8006e1,14.71530203091896,79.42956221731086,257.02901110200384
1547424170,40742d,28.44965530654132,-81.18772618910846,126.55740640243351
1547424170,a54c11,46.95742849576271,-121.26335730919472,186.53330831354845
1547424170,4caafa,44.561943442134535,-66.59624053210746,260.43521086465967
1547424170,ad935b,29.670953265691207,-81.39011158662683,225.32882104711624
1547424170,c023c8,38.96264027740995,-119.9998779296875,243.8323463681601
1547424170,c820b6,-40.43313236559851,173.44534440474075,250.44336514937785
1547424170,c00741,42.58919926012977,-94.6565424009811,226.21501358162985
1547424170,c080a9,43.3169969461732,-77.9980904715402,215.24425487466127
1547424170,e80324,-34.876007080078125,-63.46941889548788,261.8722091294711
1547424170,abb8ea,35.2335205078125,-106.30622863769533,274.4899833265601
1547424170,a98ca3,37.11642507779396,-78.8324571692425,257.6712317699919
1547424170,4242da,53.61779681706832,19.54136567957261,243.27544921454364
1547424170,7c2114,-37.88136291503906,144.52017926155253,66.37922583523601
1547424170,7c7a44,-34.653765144994736,139.49392318725586,229.95704343999589
1547424170,a3e564,29.886199951171875,-98.51065415602466,173.29357499145834
1547424170,a1ae05,37.32220458984375,-119.77534517328787,226.7204377508556
1547424170,4ba915,41.68180847167969,28.2748759876598,210.32141841549944
1547424170,aa0701,41.69288635253906,-94.00976007634944,223.06768787133493
1547424170,3422ca,23.61557006835937,-81.06882731119788,192.5677346718523
1547424170,44ccc7,14.62024236129502,-16.52117277446547,224.9973633437748
1547424170,aaa267,38.79185485839844,-84.11801545516306,214.70134055857733
1547424170,8a05ac,-32.72749328613281,140.22559204101563,250.04571656046085
1547424170,4008f9,28.61073303222656,-80.53691570575421,221.1325431338173
1547424170,e4917f,-22.354151838916835,-45.56365966796875,215.29097253801075
1547424170,a163f2,40.56321716308594,-76.68060302734375,208.4482397420244
1547424170,ae2fa8,39.23841573424259,-91.2840576171875,205.1264411374202
1547424170,a120ce,37.67601013183594,-122.05787171708776,50.66685802987195
1547424170,ac00b1,38.72579956054688,-121.60079956054688,78.20225670704579
1547424170,a81df5,34.940992452330505,-120.0351333618164,216.7659714699749
1547424170,7c2628,-33.598565570378696,151.22880935668945,56.89899482610117
1547424170,aa56d4,33.97577835341631,-117.50558853149414,152.95000653758595
1547424170,a77757,34.489994372351696,-119.01832580566406,199.09049265522128
1547424170,79803a,37.66038797669491,128.82030984629756,287.5488868183008
1547424170,a61949,34.95011669094279,-117.88330078125,220.13394787110448
1547424170,06a10a,23.975418090820312,56.898752848307296,259.28181743640783
1547424170,a448ba,31.207316770391948,-84.1875732421875,214.56447225480275
1547424170,aa9300,38.55848693847656,-84.42605060079825,229.90524807198707
1547424170,a9034c,36.07365495067532,-115.14355598612032,51.44697215569772
1547424170,e490f0,-30.807991674390905,-62.46557006835934,198.1591276983389
1547424170,a06646,31.404556274414062,-102.4741139131434,208.10642838959424
1547424170,c01cb7,38.16375732421875,-73.37435458568814,206.6099589123172
1547424170,a52cc8,33.80964660644531,-77.74273307955997,213.4868221258585
1547424170,aa2e6f,35.7974853515625,-108.35283279418944,206.4055496663184
1547424170,7c6db5,-35.079620361328125,149.9172475386639,192.02823952587363
1547424170,a2b82f,61.345550537109375,-149.952392578125,54.64983915621124
1547424170,7c6c3d,-33.85624694824219,150.91425681600765,83.3653287710866
1547424170,a858b7,36.07612221927966,-87.62759594207114,181.907427497509
1547424170,a72eda,28.43550109863281,-83.01253685584436,163.12499271757304
1547424170,acced9,29.895567813162074,-92.57327809053312,201.14957756065067
1547424170,ac3fc5,35.099945068359375,-105.91492944834184,213.63367219261852
1547424170,06a121,40.094329833984375,65.655517578125,194.30053408637457
1547424170,a361fe,38.368560791015625,-77.48715664478055,109.58502497912356
1547424170,a8268d,45.93681335449219,-122.63817019578886,222.9418915656869
1547424170,a0af7c,41.95697331832627,-87.96733767487282,65.85686969694784
1547424170,a8a0d9,41.96699523925781,-87.86515669389206,73.31142879861153
1547424170,a3ccb7,34.23153634798729,-80.53882598876953,227.39355901298453
1547424170,7582b4,13.965671345338984,121.69353284333882,187.4419619141028
1547424170,a1a63d,34.0889933957892,-95.14646530151369,194.9036798736597
1547424170,e484f9,-26.920228085275426,-47.94850862943209,202.24193229975745
1547424170,c01a5a,43.037933349609375,-93.97807276526164,245.00176083925635
1547424170,34210b,40.44309454449152,-9.596807306463065,260.0156930630968
1547424170,e8045f,-37.33908443127649,-71.77427872367525,222.7726666707177
1547424170,7502b3,0.2808962029925847,104.9242164348734,224.30289356559643
1547424170,4b1887,46.95735168457031,-66.33153533935547,236.27993453446288
1547424170,a9e5e9,28.77379853846663,-82.60296989889707,209.9316056883108
1547424170,345318,44.76942676608845,-68.41420987757238,225.39986815126755
1547424170,7c7a49,-37.32957458496094,143.6693232110206,223.9415563330488
1547424170,3c6703,25.98559880660752,52.831614567683296,219.54285714526583
1547424170,040105,35.13022729905985,27.489967346191406,243.67165603979907
1547424170,a2ab41,26.19959944385593,-81.14364624023438,190.5985513874179
1547424170,89643e,23.356842041015625,57.10693359375,251.0028106102176
1547424170,e48162,-25.776443481445312,-48.62838745117188,217.36400487777271
1547424170,ad8901,34.085357666015625,-118.72397909359054,145.65398743872422
1547424170,89630e,41.13180541992188,44.54425048828125,245.3293846244712
1547424170,4d207f,32.01220496226165,-77.19156693439095,248.97867234044907
1547424170,ab3ee2,34.9339165121822,-100.92126846313477,193.75083877796965
1547424170,ac5ec1,45.61267400192002,-123.1076431274414,22.600433054091685
1547424170,7c6dda,-30.80887616690944,152.56966552734374,222.8795605003456
1547424170,a15ffb,34.40084683693061,-111.82268142700195,203.6373143770333
1547424170,e48e6e,-19.953140258789062,-41.57329559326172,117.5141446308336
1547424170,aacb6a,36.72436213089248,-95.2459716796875,196.5203014056264
1547424170,aaa0d1,39.43501281738281,-75.93541020932406,212.3756679106691
1547424170,a8352b,41.47380065917969,-83.51775429465556,219.6260189192696
1547424170,abb271,39.53160095214844,-103.5641744862432,235.72821060819223
1547424170,abca08,42.12538146972656,-79.57728299227631,264.5027721404617
1547424170,c03068,42.11366271972656,-71.39203158291906,213.7030345806218
1547424170,a83e86,41.76535034179688,-71.3351024280895,153.90733874051796
1547424170,ab628c,39.159416586665785,-76.88916015625,83.09982582440018
1547424170,a2a686,46.08448093220339,-96.25128936767578,223.60745049619032
1547424170,aa6c50,40.31758971133475,-74.51377175071025,90.2288433788311
1547424170,a48b38,39.755704200873936,-104.86431884765624,69.1310145805621
1547424170,c81c9f,-37.0096435546875,174.79493486120347,43.92399875240688
1547424170,70c0a4,27.42061808957892,49.98298645019531,223.3540252427433
1547424170,a3f88e,30.75421142578125,-91.13347670611216,286.12013756114715
1547424170,a91e6e,32.88020324707031,-80.45689086914064,195.87619968677487
1547424170,a12216,39.35957336425781,-104.17946856954822,54.84320495859665
1547424170,c07a29,45.63624572753906,-121.61530285346797,239.8241702309865
1547424170,aab04c,28.551651259600103,-96.1786247702206,201.1028647636815
1547424170,7c79e1,-30.969900357521222,150.27280883789064,41.23582353001817
1547424170,4d0041,36.42060877913136,-6.016475596326463,231.95720328538613
1547424170,a37d8d,36.93415832519531,-113.03160971783576,187.257616
1547424170,a987bf,28.816452026367188,-83.15176743727466,250.4206442853539
1547424170,a7e930,37.70782470703125,-122.22355718198028,74.10315379214886
1547424170,adc531,34.70846402443061,-107.04803466796876,202.29165276934685
1547424170,896308,25.19900564420021,55.5295145286704,137.3604014590553
1547424170,e80418,-16.625518798828125,-66.02320620888156,241.616225030449
1547424170,738046,50.67792989439883,5.3542327880859375,165.09244581203615
1547424170,a23047,34.986053466796875,-116.7876387615593,280.1358971187955
1547424170,750307,-1.885970810712422,103.84793511752424,238.7868176736774
1547424170,a35ae4,25.78564453125,-80.32475789388019,79.79853952072867
1547424170,4951f8,41.067901611328125,-72.248291015625,175.88042118599034
1547424170,75044c,44.17518745034428,27.621590750558035,262.3038922933869
1547424170,a441fb,31.835769653320312,-84.41779174804685,233.7297492966035
1547424170,7c3515,-38.121826171875,145.40159834192156,39.65225428266312
1547424170,4242fc,27.449432373046875,78.00666089327831,277.5147642627943
1547424170,a69b86,34.84695693193856,-79.00846481323242,92.14150173880866
1547424170,71bf30,35.20829540188029,129.86028671264648,221.7850362487201
1547424170,86d5c3,34.77635192871094,135.5460092972736,180.1266731336206
1547424170,7c5d8f,-30.98139953613281,150.21364099839153,73.95300251575618
1547424170,ac042a,32.74900817871094,-117.22747192382812,96.31238057081136
1547424170,ab1628,31.26881227654926,-84.35291748046875,208.77681555536984
1547424170,e492a5,-26.19066141419495,-47.58115328275238,243.8410293151433
1547424170,e48e05,-23.45306396484375,-44.90701571377838,214.2423022691201
1547424170,adcca6,39.11104881157309,-103.55535888671876,189.99915058933013
1547424170,7c6d27,-35.22114381951803,149.20269012451172,126.69325931989594
1547424170,8960cd,19.711520954713983,72.01533092151989,225.75711287521509
1547424170,89408b,41.37604794259799,22.479088523171164,270.36907744974354
1547424170,c05f01,50.70620727539063,-106.67917612436656,201.793241039886
1547424170,a8ec40,32.55912780761719,-117.03197021484374,58.71201320425318
1547424170,4249b5,51.0668272891287,42.08808898925781,222.44275399844392
1547424170,a3bda6,32.948638916015625,-112.7331298828125,204.75775981013967
1547424170,c021fc,41.16581803661282,-80.0628662109375,242.8311916644216
1547424170,a44ff9,33.69004071769068,-117.8492546081543,30.86664
1547424170,a46d8f,34.46066646252648,-116.42183303833008,200.8467384435845
1547424170,7380ac,41.86203002929688,21.57196738503196,242.38175236340496
1547424170,a49fc4,60.79701232910156,-151.18002003636855,58.97063291882698
1547424170,a18b71,35.26904296875,-81.18289947509766,137.30644319099244
1547424170,aba14d,43.69155625165519,-73.9689200265067,225.37638398342304
1547424170,abebe0,36.756436622748936,-112.31533618683508,203.03339175330865
1547424170,8964da,50.13505554199219,42.927992971319895,217.91121582591109
1547424170,7c4807,-28.127560373079977,153.49370619829963,71.20358429432012
1547424170,71c073,35.57244873046875,126.7499542236328,239.63207947193104
1547424170,aa7bea,39.81138610839844,-118.7565347422724,228.47859077919503
1547424170,a403b3,34.59897316108316,-111.51151657104492,238.3047652901697
1547424170,7c6d8d,-35.799774169921875,148.67460250854492,178.52689285992557
1547424170,7c530c,-34.0250771732654,150.81058502197266,143.25672105123417
1547424170,8a044d,1.0475184553760593,100.75338955583244,249.16355751865484
1547424170,ab1c47,37.8327243610964,-88.35187165633494,240.46556569973905
1547424170,88001c,24.82742568193856,120.6729989681604,194.2078906447622
1547424170,4ba9c2,41.034447621491,28.808337124911223,93.1498851252802
1547424170,a533bd,41.355743408203125,-76.88604736328125,234.4702340392513
1547424170,c04d13,45.19258117675781,-71.12751552036832,177.00013822554322
1547424170,86d6ac,35.43435306872352,139.84444476188497,139.11406652660975
1547424170,aad2f1,42.99870300292969,-94.7389398619186,270.0850597795564
1547424170,06a074,25.59590148925781,56.64408365885417,271.8416727124977
1547424170,4b187d,40.6101705260196,-72.63510964133525,213.65782772236432
1547424170,4005bd,42.6078667074947,-87.0373960982921,243.01367508007365
1547424170,7103dc,24.567535400390625,45.37887573242188,192.76279149079457
1547424170,7c6ca6,-23.75885009765625,151.02732340494794,175.48875516514053
1547424170,0c2016,4.731616004038665,-74.1758991109914,81.28377997103874
1547424170,ada64d,47.441253662109375,-117.13320922851562,230.5403744384857
1547424170,a0634c,38.236983994306144,-76.42764547596806,214.87815371091645
1547424170,06a0fc,25.704986572265625,52.3980712890625,227.78253508441705
1547424170,a6cb48,26.07085923017081,-80.14746886033276,55.045508
1547424170,4408fb,40.79768293994968,-71.60408020019531,256.0608512896607
1547424170,a645e1,45.39704403634799,-123.13148312452364,56.1404324919271
1547424170,78124f,27.31846618652344,119.67573057930424,277.95214605644105
1547424170,a6a2e8,38.980316162109375,-121.72027587890624,68.13421877202802
1547424170,0d05d2,32.01502990722656,-116.38163452148436,200.9534425416636
1547424170,a0d72b,32.78832387115995,-81.03235361527425,229.67260051837044
1547424170,aa2bc1,37.77900695800781,-89.54868397814158,272.93472376867834
1547424170,3c4ad7,58.53575134277344,65.36980413621473,237.33493553924765
1547424170,a11f5d,30.10198974609375,-95.48438577090992,150.60122946694426
1547424170,800700,24.3255615234375,56.46743774414063,244.3484447225721
1547424170,adda1e,40.74782549324682,-94.4485889781605,216.69270424226485
1547424170,a9f67d,46.80661010742188,-91.68492759146342,236.2216831499173
1547424170,e48fb4,-23.61418125993117,-46.66510240086967,71.06220385369438
1547424170,42442a,48.91620700642214,22.177710282175163,228.83218567511207
1547424170,a8b2f3,33.77970886230469,-115.81764688297191,209.5928448326096
1547424170,3c65ab,52.4071593203787,37.02149309430804,260.2954467237323
1547424170,a67181,26.0671583272643,-80.44965890737677,108.03446485972306
1547424170,461f0d,57.87419128417969,34.74957866053428,240.9734991998439
1547424170,a902b5,35.94850158691406,-84.24688339233398,221.1875893324716
1547424170,a3c5d4,27.48271877482786,-82.54038884089545,66.77475193277267
1547424170,aa6c32,39.12126159667969,-103.92481264860731,201.09562659898668
1547424170,abedc8,33.22880114539195,-111.96514518893494,144.297644644339
1547424170,8a03ad,-0.341766357421875,101.84233067399364,247.2185785985024
1547424170,a5f976,35.96118474410752,-87.89699473279586,183.7919139272227
1547424170,a48259,34.04718017578125,-118.3931560905612,74.59438
1547424170,c02f75,27.955456749867583,-80.53511675666363,241.33346108927867
1547424170,ac5eaa,36.13609313964844,-83.68846893310547,202.05864605154017
1547424170,44cc78,40.657745361328125,-73.69244384765625,100.33768317517888
1547424170,aba815,36.65076304290254,-94.76911828873006,203.44748029647107
1547424170,71ba11,35.4111328125,131.7890739440918,269.97774091644254
1547424170,a75b65,41.2324808411679,-80.81287037242544,229.33357295201893
1547424170,c0307c,29.91376973814884,-80.89370727539062,233.2673126712745
1547424170,aa7e51,29.567048670881885,-96.60773782169116,233.39774905851047
1547424170,abd5bb,33.582366943359375,-111.9664344009088,117.73689060309606
1547424170,a24dc1,36.83692544193591,-100.60496228806517,193.4049464125051
1547424170,ad9ac9,34.16715460308527,-114.21283721923828,260.0589473803182
1547424170,a214e5,30.84613037109375,-81.75998463350186,224.80496458468872
1547424170,ab1d30,42.26193702827066,-83.16905886627904,137.60295182711425
1547424170,abc651,47.54301452636719,-62.15130615234375,228.96225899131184
1547424170,a64684,33.85221862792969,-118.19814876634246,121.14691990044987
1547424170,e07542,-33.330963134765625,-55.7670959472656,209.00929699019093
1547424170,e491af,-23.244873046875,-46.007246537642,170.2568720177429
1547424170,738061,33.62947625628972,34.122676849365234,199.92487907499608
1547424170,5000bb,26.794676699880824,50.16072199894832,202.13525373321323
1547424170,a32acf,41.88304836467161,-83.57868283293969,131.70168303242536
1547424170,758229,13.751541137695312,121.27428778286638,169.1989032220024
1547424170,80064c,28.550813319319385,76.82227639590992,182.09064951639817
1547424170,c01f1e,45.30757063526218,-71.66803871713029,232.52015171499505
1547424170,aba1a0,42.47458765062235,-105.0747112895167,222.9727538323944
1547424170,a47d3b,26.077194213867188,-80.21455009028597,78.71161317158835
1547424170,ab5e6c,37.21614074707031,-109.53041888297872,216.6597259064368
1547424170,77058e,10.18306926145392,76.24289150895744,270.0326307778543
1547424170,a71aa5,35.841888427734375,-80.41145324707031,152.95519741291042
1547424170,aa670c,39.45359802246094,-122.0803169582201,71.41883590018902
1547424170,a0275c,38.99977111816406,-90.01409115998644,255.6491659880656
1547424170,758531,14.73732123940678,121.2409732216283,174.6156619629481
1547424170,ab6020,29.11521265062235,-81.39361213235293,218.3340579598945
1547424170,a8ce92,28.54015285685911,-81.42312442555146,126.55426961356665
1547424170,ad4304,32.94721984863281,-96.95939941406247,74.81933180324904
1547424170,778741,52.23677812996557,39.84639195033483,235.7770431048686
1547424170,aaa244,39.99627685546875,-108.01336669921876,233.51734618723108
1547424170,a7de53,42.14520263671875,-71.39846108176494,199.5644914379856
1547424170,89407a,18.132339477539062,72.37320749383224,216.03340606863804
1547424170,781163,38.13442941439354,113.82600203804348,208.79202661150688
1547424170,aaa201,36.47032656912076,-79.55036569148933,212.7610027658687
1547424170,851936,35.31175231933594,139.77888107299805,88.45594937824046
1547424170,c03be5,40.94059753417969,-82.8876953125,230.7429015686554
1547424170,800389,42.59550476074219,31.946119828657668,259.66787035246136
1547424170,ac8287,32.403336864406775,-94.1320364815848,264.57130207220257
1547424170,a1b70e,39.90271616790254,-105.1044921875,35.823185211263166
1547424170,a95fdc,33.03858870166843,-85.339947136081,164.72654329316234
1547424170,a6fb71,44.74072265625,-94.70188685825894,180.2647305172694
1547424170,740822,25.220947265625,54.95081583658855,219.07584300546543
1547424170,4d0113,46.04557800292969,-95.26667152963034,252.12007678587125
1547424170,acd57e,27.915115356445312,-98.53103925596992,235.244953220007
1547424170,3c6481,34.013066695908364,31.833515167236328,250.55324163579465
1547424170,abec6c,36.63428355071504,-93.553609645113,188.16136537705023
1547424170,adde95,37.53227233886719,-100.092461768617,282.9091220983424
1547424170,800b9b,12.492525779594809,77.99999036287007,236.2916950906695
1547424170,a6cff8,32.49609375,-85.53790283203125,292.4092636415124
1547424170,424255,46.15740966796875,11.59546642768674,218.13032247224345
1547424170,c060b6,44.70094842425847,-76.31458561594889,176.8146348010698
1547424170,ab34ea,44.63703220173464,-91.41448974609376,226.40738301725656
1547424170,a3cc79,43.40451515327066,-89.60946219308039,73.48450343365562
1547424170,a7fed0,39.71860206733316,-85.286376953125,222.1266491448989
1547424170,a822d6,46.88853118379237,-122.00190617487982,191.15177370098533
1547424170,a9bbec,44.284259343551376,-122.73845393483232,237.18100156162865
1547424170,a12d67,32.728271484375,-117.16781616210938,68.40364378543353
1547424170,392f2d,28.150634765625,49.40731342022236,218.4346428606762
1547424170,7609b7,24.627227783203125,56.90160115559896,188.7105131584888
1547424170,a448db,40.54751586914063,-99.25250244140624,246.6784460671317
1547424170,896376,7.098099013506356,79.82007783034751,82.2113060526055
1547424170,a71ded,33.87318420410156,-79.08104721380738,212.82318849423245
1547424170,7c81d2,-34.678253173828125,150.03501424984057,137.918013377121
1547424170,c023c7,40.43792724609375,-91.542236328125,271.6736826895031
1547424170,e48104,-20.2532958984375,-49.14974212646485,253.86703783639945
1547424170,a6b4f7,30.627182006835938,-81.07376996208643,227.45465307759912
1547424180,a8aed1,30.6287841796875,-82.89868523092832,220.62031555348275
1547424180,a73348,31.69411352125265,-85.37074584960938,265.3503947267326
1547424180,896453,25.82378322795286,55.65036413804541,210.90008088130705
1547424180,3965b1,46.50558471679688,-71.15020751953125,245.6975065114044
1547424180,800d17,13.011703491210938,79.8260918978987,136.20724633830145
1547424180,ab8923,37.48088254766949,-122.4153999660326,156.51699784999022
1547424180,c04eb6,29.45769746424788,-81.08340992647061,234.60677012113737
1547424180,899147,24.62782287597656,121.09013875325522,108.96623424798454
1547424180,aa76cb,38.615733001191735,-92.64996337890624,250.3693826714152
1547424180,a67181,26.06720487950212,-80.43867257925177,108.03446485972306
1547424180,abc1bc,39.44473525225106,-106.35791015625,227.90798199575423
1547424180,7c7a3a,-37.3001667604608,144.89820397418478,199.6838093490464
1547424180,a5f976,35.96118474410752,-87.89699473279586,183.7919139272227
1547424180,a2e813,43.89271545410156,-68.09658316678775,253.8336761179713
1547424180,155be5,59.03269958496094,20.267486572265625,233.6923803480339
1547424180,aa303f,61.75639343261719,-150.02605983189173,58.15265509931432
1547424180,a0cdf3,38.09825134277344,-116.62203524975064,230.5059328704774
1547424180,7c7534,-31.9453125,116.17410278320312,93.74321602367225
1547424180,75044e,-34.523977505958726,147.8470802307129,253.39748525509376
1547424180,ada521,34.31890869140625,-101.76837531887752,194.4060665302564
1547424180,aadf08,40.150467177568856,-83.69597001509231,231.6849258192688
1547424180,a923a9,41.28593444824219,-75.0399169921875,204.37999673904343
1547424180,aa3ae5,39.30317687988281,-97.68063752547556,270.0909390329046
1547424180,a5c31b,34.072513903601696,-97.02993392944336,223.60745049619032
1547424180,c05ccc,30.202486717094807,-65.59024658203123,233.06641141563924
1547424180,a418b2,32.648895263671875,-87.37119140624998,273.75430652286
1547424180,02001b,37.516021728515625,-5.02349853515625,219.59769924286087
1547424180,89407a,18.14149475097656,72.35417416221217,216.03340606863804
1547424180,ab400f,41.0347269349179,-85.00409212979406,215.27376194684453
1547424180,aa5d2e,26.12031555175781,-80.4007476230837,104.19999406398034
1547424180,a12177,47.81492614746094,-123.01583862304688,55.047911891435085
1547424180,c82726,-41.24179128873146,174.6049014004794,114.11383774112474
1547424180,c060b6,44.68986511230469,-76.33045741489957,177.8912837203637
1547424180,a00c27,33.62017822265625,-95.3766865632972,63.72879448664517
1547424180,3c64f6,25.16711736129502,55.68586241524175,219.22438170815488
1547424180,a7a616,34.48352361129502,-86.42240524291992,249.18692403702485
1547424180,4401dc,48.75732421875,-2.724247982627503,213.19654263369827
1547424180,a92fa3,33.59783935546875,-100.00103386080995,195.7139978967797
1547424180,846a34,37.71201440843485,138.3171545940897,247.21804333752573
1547424180,c03064,44.78956604003906,-85.20911080496654,223.7665825690776
1547424180,78023d,54.30346472788665,22.976490367542613,260.965124878666
1547424180,7c7b64,-34.66493225097656,138.46484125876913,39.17888779673053
1547424180,a3b110,38.841092384467686,-103.61895751953124,255.8421613047021
1547424180,0d06e3,30.99177990929555,-113.25261840820312,242.9505023064241
1547424180,a97de4,35.368560791015625,-80.49201965332031,189.829836
1547424180,a4177f,38.78648660950741,-90.88079833984376,160.92561548381602
1547424180,a46a72,40.862823486328125,-78.4853515625,209.3584831804456
1547424180,adfe4d,33.49228681144068,-94.921875,171.309852
1547424180,a26f6f,47.125579833984375,-121.87772369384766,137.93240447164243
1547424180,7c3616,-37.81489562988281,144.43719742145944,55.33562070767364
1547424180,a0a8d8,33.55475991459216,-117.10212707519533,56.672959223905856
1547424180,a3c9c5,25.923172255693856,-80.48277634840741,94.9480234596208
1547424180,800c71,13.199561167571504,77.85654168379935,135.83270111738696
1547424180,e48104,-20.2532958984375,-49.14974212646485,253.86703783639945
1547424180,a0205c,42.09257998708951,-87.82445153524708,160.6400300564427
1547424180,ace721,31.146240234375,-86.15769653320314,122.10867751934028
1547424180,a062fc,39.176268496755824,-86.43780517578125,200.29915292193024
1547424180,a23200,31.510558047537074,-97.27756347656248,212.2765756094397
1547424180,789204,-43.13163757324219,171.8089258948038,176.23217636685138
1547424180,3c6509,55.290232512910485,34.935940829190336,253.57706134039063
1547424180,48520a,40.212249755859375,-105.9697265625,224.92736571787668
1547424180,4bb146,41.69590836864407,30.921786995821225,261.27121270996525
1547424180,80064c,28.53563728979078,76.82561537798713,183.0394354581624
1547424180,a43fba,39.03900146484375,-77.09667703379756,148.66363511806853
1547424180,ab8880,25.237644001588983,-79.54593874373523,178.7165424555829
1547424180,abe3e6,29.86000190346928,-83.52700626148896,203.82956847551577
1547424180,a645df,37.30632019042969,-78.82234613946144,202.8971309983536
1547424180,7503be,1.050544350834216,103.38878236967942,228.0536692695169
1547424180,8681b6,32.98439025878906,134.04869384765627,162.98053589653597
1547424180,a55017,40.85647841631356,-95.13935435901988,250.8277222743842
1547424180,ac6f9b,33.39671506720074,-109.61216517857142,242.8617058994576
1547424180,adc238,38.30117953025688,-105.6756989852242,263.9102734069311
1547424180,a9da27,40.07666015625,-105.11871337890624,47.17762828962219
1547424180,a0634c,38.2532958984375,-76.41400276346405,212.1668345659666
1547424180,ab77ee,37.50834836798199,-122.03320710555366,127.46693241992784
1547424180,c0613e,44.45836471298993,-75.61440816739707,189.0761921791032
1547424180,758073,14.751519671941209,120.85722270764803,162.9423714309837
1547424180,c06364,45.57371520996094,-74.02527599799924,122.43442966295132
1547424180,a8955e,34.77340439618644,-85.55826187133789,252.53541929952985
1547424180,800b09,27.511301848847985,76.30607018103967,217.75145083618625
1547424180,a98408,39.22947770458157,-94.99053955078124,202.9519070819747
1547424180,3c0d01,50.4086717508607,6.616293417440878,174.34111721281164
1547424180,ac5d61,34.10263320146981,-115.22523880004884,214.5669391227329
1547424180,02a194,37.44520568847656,12.287740504488031,246.2768677474624
1547424180,a44544,33.79427117816472,-115.53016662597656,177.46826795325885
1547424180,abe42c,33.56501770019531,-112.39069724569516,261.1050373481509
1547424180,4951e4,37.3363037109375,-5.51040324758975,212.35572852261475
1547424180,ab5bf0,29.87582966432733,-95.92577765969668,197.138807147054
1547424180,a9113a,42.79069519042969,-82.68641385165128,40.74188618536201
1547424180,a95fdc,33.05694580078125,-85.3231201171875,164.5521329086669
1547424180,758229,13.76307600635593,121.27031828227796,166.42323034050807
1547424180,a5686a,35.55409240722656,-84.78870391845703,155.2990473028205
1547424180,a8e0a5,34.226462154065146,-78.71040344238281,257.8847788753447
1547424180,a82520,42.46662721795551,-97.18505859375,221.70208746964065
1547424180,ae07e9,35.88551330566406,-112.35740661621094,226.40738301725656
1547424180,aa8e94,33.97624387579449,-117.61516571044922,46.325675058911166
1547424180,a7178c,34.71204854674259,-80.4429817199707,133.5306765607803
1547424180,aaa2b0,41.05696105957031,-85.0550537109375,237.97414322918985
1547424180,abedc8,33.23670959472656,-111.97716064453124,143.57504408288733
1547424180,a0a8df,40.57054138183594,-74.2421875,80.76934634007137
1547424180,c02f75,27.931296138440143,-80.5314753605769,241.33346108927867
1547424180,a89d22,41.38389587402344,-79.7359619140625,227.0324779641172
1547424180,899019,44.7315673828125,-75.15877859933039,257.67688072620206
1547424180,75043c,3.371978759765625,101.15591792737024,213.97964088714195
1547424180,3c6565,45.476788019729874,-64.87949278296492,262.8330595127895
1547424180,06a053,25.422683715820312,51.974945068359375,171.52676986712342
1547424180,ab48cc,44.70783815545551,-93.05051477943977,142.9413921151454
1547424180,0c2016,4.731616004038665,-74.1758991109914,81.28377997103874
1547424180,a7b11b,43.042327880859375,-93.88385861418963,242.8633404824245
1547424180,7c7a4a,-36.22013854980469,147.92621612548828,218.1885520237988
1547424180,8681b0,41.25704956054688,141.007080078125,208.9383764028777
1547424180,7810c6,55.77772521972656,33.49872935901988,253.2862304263686
1547424180,a9523c,42.863067626953125,-82.83576433048688,226.74436630649544
1547424180,e48618,-21.91021728515625,-42.65701571377838,231.94807546929928
1547424180,758524,14.487661587989937,120.981589869449,71.91367759992933
1547424180,750200,3.133570784229343,102.28011032630656,202.6210692530235
1547424180,010199,33.75037241790254,30.40019989013672,245.85041397686567
1547424180,ac537f,35.344972772113344,-90.64398582945478,258.18836831281527
1547424180,abd60b,41.05430603027344,-96.37548828125,220.1640016823253
1547424180,a97d85,32.80038090075477,-114.444580078125,165.3735430382588
1547424180,a2b698,31.675277709960938,-83.9908016429228,215.8121705059725
1547424180,896114,41.153411865234375,44.53253173828125,253.6422827855605
1547424180,407505,40.07492453365003,23.932046023282137,192.1136687001192
1547424180,424335,55.07986295021186,29.754638671875,240.59539959810456
1547424180,aa4d12,42.17660677635063,-70.78159066133719,90.70130636706706
1547424180,84c7d2,34.72242736816406,138.306884765625,286.06047075548764
1547424180,a39473,35.472198486328125,-80.01909255981445,244.0357717043311
1547424180,a972d3,33.51346807964777,-77.4954285913584,216.87643604872244
1547424180,ace149,60.71676635742188,-151.07583933863145,69.79964362204598
1547424180,ac4dfb,33.88233947753906,-77.44531748246175,219.9463193259385
1547424180,4ba94b,34.47807699947034,-91.4707374572754,223.7447012274609
1547424180,40621b,47.809661865234375,-66.61587524414062,246.43800716659325
1547424180,a376ec,44.90478515625,-93.24842180524551,67.14036216817338
1547424180,06a047,25.242507934570312,51.828206380208336,150.25728314781625
1547424180,c06fd3,45.304962158203125,-75.6451198032924,86.855760853968
1547424180,a01805,41.91465733414989,-78.46524970476014,222.66393867092813
1547424180,896466,25.3443603515625,55.8154296875,159.33568985129273
1547424180,ab5ed8,39.1801323324947,-76.7840576171875,80.45252855429189
1547424180,896465,27.9693603515625,49.49647169846755,228.98017441234467
1547424180,aa1f65,33.62100374900688,-113.28340530395508,214.20709344396667
1547424180,a2d95c,41.07564635195975,-74.04616615988994,141.6917373958586
1547424180,a4204e,40.639434814453125,-74.43939208984375,90.04092758824858
1547424180,7c7647,-38.138479459083726,144.8850681470788,90.98098857171576
1547424180,ab3014,41.04305978548729,-73.68218161843038,50.95073737636212
1547424180,780f18,38.0992824748411,113.15332827360734,187.6310635017997
1547424180,4ba919,32.88040419756356,32.51308519013074,244.3609
1547424180,e48120,-21.107437133789062,-43.90785910866475,258.43374806977147
1547424180,8a04f5,-6.211697853217686,108.331351444639,220.9577404507972
1547424180,a69d31,40.294464111328125,-112.4219970703125,172.96415192219044
1547424180,7502b7,0.9924774169921876,101.40110856395656,227.3458360406069
1547424180,ad7ece,39.45918273925781,-106.22764255689538,243.76287165783265
1547424180,0d0b0f,25.18299865722656,-97.99107869466144,246.3171624850495
1547424180,0200cc,40.33941650390625,6.68310546875,234.4448363306604
1547424180,7c1ace,-33.128294863943324,137.90050273038904,134.68709835810972
1547424180,4ba956,35.15098959712659,-119.68843460083008,206.40234414829044
1547424180,ab618b,41.95591735839844,-82.29071877219462,254.05930354934665
1547424180,ac583f,40.55973815917969,-73.588134765625,141.99027180613638
1547424180,a1bafe,40.12826176012977,-105.33017245205966,64.51094940522577
1547424180,abfefd,39.90853519762977,-104.83953857421876,125.01095052226744
1547424180,abf025,25.0462646484375,-76.85526529947913,207.66722231245228
1547424180,400152,51.86627197265625,20.586597339527028,245.11785559114293
1547424180,a23138,28.63023376464844,-97.86489046536956,210.33211390323373
1547424180,abbd73,31.57484436035156,-102.51235064338238,198.92492493663
1547424180,a37791,32.732025146484375,-111.16961059570312,184.63021757890377
1547424180,ad3cdf,41.87350515591896,-71.24435779660246,123.37435435343887
1547424180,a15795,38.381103515625,-76.58586867312164,234.76521031758392
1547424180,e4851b,-23.72897907838984,-46.62437007112322,148.17416142203257
1547424180,407129,42.65404652740995,-83.22156329487643,266.2614247181737
1547424180,abb007,40.197531490002646,-80.04938299005681,218.4449411095768
1547424180,a8b2c3,48.05918884277344,-122.35590362548828,63.80972260758826
1547424180,aaa2f6,36.41157531738281,-86.11335754394531,192.78201175664532
1547424180,a2c336,32.422760009765625,-93.09611206054689,265.9481436983458
1547424180,a11cc1,41.18509066306938,-101.81211298162287,245.40704337654472
1547424180,a71da1,33.39115905761719,-114.72160034179686,165.09485038028143
1547424180,ab29a1,34.70595020358845,-118.62693786621094,49.96467002432708
1547424180,406c3b,45.54986572265625,23.56942525724085,268.02729882573817
1547424180,0c20a6,-10.413083868511649,-62.04235208445584,224.2798845401945
1547424180,a101c3,34.57356262207031,-102.56863963847258,202.3622871587013
1547424180,ab2e9d,35.58320617675781,-113.32660675048828,221.9878019120698
1547424180,a220cb,32.69312454482256,-96.20413643973212,238.3935938331076
1547424180,aaa038,39.1299024678893,-76.2540283203125,202.12936186543573
1547424180,7c12c4,-33.03295588089247,151.64613684829402,81.46428253053197
1547424180,a0b6ea,41.880615234375,-88.46341219815343,100.33108890975367
1547424180,a61988,32.79679637844279,-115.93810412348532,57.73015294202544
1547424180,ac820f,34.33103942871094,-88.27755675023917,160.93466033693767
1547424180,a17907,37.37506931110964,-118.51991072944972,278.77074330846364
1547424180,8004b5,15.871054439221398,79.01994977678572,235.6855440554764
1547424180,40745e,25.24424743652344,-81.08708699544269,268.59544438539194
1547424180,a0bf90,31.03266906738281,-99.30267333984376,273.9364787336588
1547424180,861b64,33.787811279296875,135.8103538046078,197.895848249242
1547424180,7c6b2b,-35.604766845703125,139.13606643676758,227.63376774201328
1547424180,a11ffd,33.25840759277344,-111.59686889648438,41.47580125065699
1547424180,aa0e1c,35.177431268207094,-94.1861343383789,282.50892617498573
1547424180,a441c9,33.94610595703125,-118.44231430365112,86.52605518355904
1547424180,a66a13,37.21380615234375,-121.23348804230385,225.2072256839291
1547424180,7380a7,35.402232024629235,34.05089682721077,225.36405381566843
1547424180,a18858,36.19906667935646,-115.16757396941487,39.11127965697466
1547424180,42460e,62.83043812897245,-22.185093806340145,303.70719051353456
1547424180,479089,38.40797424316406,-75.6204158701795,237.9046264094605
1547424180,800c40,27.69290212857521,76.83040325458234,229.0945688890872
1547424180,a826f5,40.09893385030456,-110.60435901988636,232.04218883151228
1547424180,a75e1e,34.46080611923993,-117.23201751708984,204.72544436637585
1547424180,88516d,42.60204767776748,32.65481638353925,269.5357649208992
1547424180,7c6d29,-36.09963109937769,150.27952802942156,230.3106666973608
1547424180,a0563b,43.096527099609375,-65.6202520326126,256.9914257444148
1547424180,3c4587,52.02133437334481,19.34857177734375,234.6930515352553
1547424180,8963b2,19.088287353515625,72.8391592843192,94.1657386696546
1547424180,a605ab,45.2885307699947,-122.947998046875,63.31006293050671
1547424180,a560f3,-33.08630474543168,-64.27926822584504,278.96434467049875
1547424180,a86485,31.160019696769066,-98.40333251953126,60.21412640870247
1547424180,894065,24.4486083984375,54.62931315104167,68.22155917293078
1547424180,c045f1,42.434417724609375,-83.60408436168325,224.34949436002967
1547424180,a4b64b,37.087738037109375,-80.7113517598903,220.9864846349668
1547424180,780a2a,53.63800048828125,43.06309419519761,262.2201357177289
1547424180,a2d905,30.809051513671875,-101.61540311925552,65.85084151621268
1547424180,42434f,56.30525207519531,56.977927468039766,249.87578289278383
1547424180,4798ea,49.60102844238281,24.478045011821543,248.5675014922316
1547424180,0a0086,34.666101488016416,22.76407241821289,269.1913948819128
1547424180,868043,33.84617614746094,136.5698678152902,206.2978169815671
1547424180,a6aa81,35.51051252979343,-97.64554936835106,40.12992958245205
1547424180,a87b8a,40.7867431640625,-79.58953857421875,210.49813878772136
1547424180,a79ea0,34.26803330243644,-83.5616683959961,152.64776687616208
1547424180,7c5e4f,-27.959381103515625,153.42401944673978,2.57222
1547424180,a27706,39.30386352539063,-97.92460565981656,222.6734470620981
1547424180,c05d9d,50.11248779296875,-103.16400628340875,210.5308252247397
1547424180,a0a91f,37.98161315917969,-118.39241190159572,219.04684809957163
1547424180,abf9d5,36.636474609375,-86.81041717529297,189.35522925964943
1547424180,c03b57,49.30284118652344,-124.32797945462744,77.09282776307504
1547424180,a5a683,35.39562160685911,-120.51750670088096,240.85320921847065
1547424180,a88429,35.85225250761388,-115.29742301778587,108.65369059769064
1547424180,76d249,-0.86224365234375,106.80009744935116,229.6345713418344
1547424180,a5255a,40.745361328125,-75.436279296875,190.9585360896542
1547424180,a32f82,42.83418273925781,-77.69646223201306,201.7565155878488
1547424180,7c79d0,-31.088607788085938,150.84616268382354,0.0
1547424180,c00fab,43.32789016982256,-82.46501377650668,227.1169757674492
1547424180,aca760,40.95378112792969,-100.42462158203124,249.5451134278145
1547424180,aa922b,35.531890869140625,-119.88166809082033,217.8504824869874
1547424180,abbc75,36.07942199707031,-97.79840469360352,189.1713487992081
1547424180,89617e,48.08436584472656,-64.4637222290039,242.27253941156383
1547424180,8963e2,42.469757080078125,29.42538174715909,251.1124423064079
1547424180,aac1d4,39.0911865234375,-120.90065997579822,96.33298729227616
1547424180,abdcfd,30.007246631686968,-95.23377685546876,72.02216
1547424180,7c7526,-32.09702313956569,116.77418611487565,151.37684067829056
1547424180,ac2a33,36.33283996582031,-103.37242126464844,259.9912639164709
1547424180,acfc00,35.31247931011652,-82.80681853598736,169.38415369990713
1547424180,ade8fa,27.11840096166578,-83.34228515625,268.9602579244301
1547424180,76cd8f,2.165634155273437,102.2743354409428,250.5389815442264
1547424180,71c090,22.47737561242055,121.31693522135416,219.49825017286705
1547424180,a658de,43.06407165527344,-84.10315225290697,231.2882096589873
1547424180,e48aff,-22.890340514102263,-46.46148681640625,176.0150430422829
1547424180,a00d65,41.95781125860699,-80.40797743686409,266.5519988313655
1547424180,71bd59,36.0157470703125,126.51460647583008,228.22303703832767
1547424180,e4925c,-20.990217823093246,-45.54117653586644,216.9130417262728
1547424180,aa1219,40.53089904785156,-105.8817138671875,227.75987758371176
1547424180,7502b1,3.067001084149894,102.05001304889548,185.48542203547964
1547424180,abb507,37.113725048000525,-104.05199133831522,193.17081067712965
1547424180,758523,14.495854781845868,120.9965756064967,67.25654419602982
1547424180,aa0178,31.09950178760593,-82.60334472656251,142.16909155078184
1547424180,c01968,43.12705993652344,-79.05895854151527,211.63916040780904
1547424180,a746a3,39.964118569584215,-77.71859602494675,214.18732454928303
1547424180,48ae82,40.26903572729079,29.812774658203125,227.08026679153892
1547424180,89630f,3.149398545087394,101.6137326996902,185.5453384176693
1547424180,a0a8dd,31.601428015757413,-96.58504028320311,228.20738159404752
1547424180,a0d49c,48.08771682997881,-123.04588904747598,60.41815715224065
1547424180,896513,24.664764404296875,56.05936686197917,205.88624761281164
1547424180,a0150d,41.1801561258607,-97.17413468794388,229.7440322508592
1547424180,a9618a,39.220120704780186,-77.04754638671875,178.05783052875094
1547424180,a91536,42.00385142180879,-88.36022665334298,110.4558110882791
1547424180,c058c3,43.28389830508474,-84.06345912388394,272.38923231937025
1547424180,ad8836,40.64173294326006,-73.76429817893288,68.9930589816113
1547424180,abdcb5,34.648773193359375,-85.50704021843114,197.07234375497453
1547424180,394a15,52.66352249404131,11.81744384765625,248.476984550154
1547424180,c04ddc,36.07603454589844,-115.78725814819336,168.25150363527882
1547424180,a6ab27,35.374969482421875,-76.72319412231445,247.77035157082904
1547424180,7c6ae5,-34.611602783203125,150.5759788046078,111.01744429981947
1547424180,a0001a,30.680007934570312,-110.98060159122244,264.5863062576269
1547424180,7c6d7c,-37.62728933560646,144.83001708984375,97.3509663504177
1547424180,a1c67d,40.91052556442002,-74.56764221191406,112.61624501299204
1547424180,85cd04,35.22450256347656,139.7706448301977,96.94642241210744
1547424180,48506d,25.839431762695312,-80.38079603663027,86.84509557319704
1547424180,a67066,36.19688415527344,-85.07452011108398,195.933613954344
1547424180,a57f42,36.32533264160156,-111.2563133239746,260.3843962206763
1547424180,a3a0ca,30.677878169690143,-90.38902587890624,231.17318345518223
1547424180,84c43e,33.383168365995765,135.04018978196748,170.34389793511627
1547424180,c820f4,-40.79420471191406,173.40802001953125,233.1924205754385
1547424180,a4f022,39.16723736261917,-94.7666015625,93.58498520594875
1547424180,a5a5e3,40.32096862792969,-78.99468994140625,85.5896300639539
1547424180,e03503,-36.13426208496094,-60.88520050048828,206.2304554746968
1547424180,a78246,34.76590948589777,-80.19630432128906,129.46931517385434
1547424180,4072ea,53.27177403336864,-102.5005834242877,237.4820833694844
1547424180,424292,43.276310290320446,66.37455531529018,195.7112933946944
1547424180,79803a,37.66038797669491,128.82030984629756,287.5488868183008
1547424180,ad646e,42.72418212890625,-71.19015780362218,186.3856951687469
1547424180,48436c,41.802187127582094,-78.40737986010174,243.7769853108175
1547424180,7380ac,41.84967041015625,21.595313332297582,242.2616154085188
1547424180,3949f3,41.54631042480469,-2.2475155917081224,259.9795574702248
1547424180,aa3aa4,40.494964599609375,-104.15838623046876,57.72098360382561
1547424180,a65917,42.327667236328125,-90.01828973943537,174.57473517317794
1547424180,a94b48,32.11848372119968,-96.75160310706316,242.17147358129856
1547424180,c82009,-38.2818603515625,174.3143363620924,134.38415626238546
1547424180,a28bc9,38.27608787407309,-90.4998779296875,216.82090564321564
1547424180,aaea8c,40.85522150589248,-70.81524935635656,263.1847437839428
1547424180,a86061,39.14744567871094,-94.62990138841712,125.20873688416968
1547424180,800440,27.20713806152344,76.20153463111734,241.5329646204341
1547424180,a8d4d2,41.03454072596663,-86.724326393821,199.8037182887744
1547424180,4bb1e1,40.19655389300847,31.79025129838423,250.9458675696456
1547424180,4008f9,28.61073303222656,-80.53691570575421,221.1325431338173
1547424180,ab599b,38.91567993164063,17.38484921662704,219.3728198343866
1547424180,aa2cb0,19.415634931144066,-99.10631769353694,79.76370856742707
1547424180,7c79d1,-31.08292919094282,150.83706665039062,3.294048845201905
1547424180,abebe0,36.749359130859375,-112.33863830566406,202.8514729631598
1547424180,a0cc06,29.833699889102224,-93.9531932157629,207.6219759233132
1547424180,406adf,15.30340576171875,-16.79395173725328,222.2493345365584
1547424180,a6387f,39.4649854757018,-120.5753173828125,134.15058248568286
1547424180,a635e8,48.79408264160156,0.537273700420673,286.0331771381288
1547424180,7c6c48,-35.36647990598516,138.54104549326797,84.88481890689722
1547424180,a84660,31.103598384533896,-96.37190551757811,217.64325437117924
1547424180,780231,52.44529724121094,-109.51271057128906,281.1952974575161
1547424180,a3f793,41.993682861328125,-83.38903947310014,114.6517833989336
1547424180,ad03ee,30.30015563964844,-100.42403277228864,257.5679881184937
1547424180,a1d38c,44.213470458984375,-122.52345493861608,219.22619253458333
1547424180,e49104,-25.33685302734375,-46.79926554361976,243.67980167961232
1547424180,ac5ec1,45.61220847954184,-123.10489654541016,21.838132651467067
1547424180,aab5ac,48.05936651714777,-123.04955115685098,61.27069074438577
1547424180,8990f6,25.283125537936968,121.82122572413031,250.6799623527926
1547424180,aceae8,38.93586730957031,-92.51563030740488,214.9612733660312
1547424180,424318,52.77003401416843,25.988002232142858,243.8621927031841
1547424180,89620f,25.22900390625,55.40781656901042,91.57970199405456
1547424180,42496d,55.09638977050781,80.51807179170495,226.64163074997109
1547424180,aacfe9,31.810455322265625,-87.31719360351559,262.4380489022332
1547424180,a2ab41,26.18963726496292,-81.12442016601562,182.04704195222612
1547424180,86d5c3,34.78848732123941,135.5606460571289,181.6016466734935
1547424180,4075c2,42.06834411621094,-71.26862265846944,241.93147813450588
1547424180,aafd17,35.14470504502118,-104.63401794433594,260.2018898881143
1547424180,a099a7,43.9199415303893,-90.68468366350449,221.9562065102216
1547424180,a2b8c5,33.13714599609375,-81.06915893554685,253.4074070218924
1547424180,7c6c9f,-26.5458984375,153.11153195938974,71.64637042252633
1547424180,a27676,39.566436767578125,-77.77478425399119,228.32564058895127
1547424180,aa44cf,43.97166106660488,-60.26236397879467,274.4841982975807
1547424180,a854d0,30.24829411910752,-81.3927062988281,232.01481433632785
1547424180,a240dc,35.1970763125662,-89.90249633789062,269.5927081292705
1547424180,abf351,38.12870348914195,-85.58057038680369,224.92736571787668
1547424180,ac042a,32.75401487188824,-117.2361724230708,104.15807806489158
1547424180,a38223,32.929749569650426,-80.9625680106027,223.27225203619736
1547424180,aa0e62,34.26728846663136,-108.3489990234375,267.52324615648416
1547424180,ae290c,32.65777587890625,-117.13908691406247,49.78425325199365
1547424180,a3e564,29.885055541992188,-98.49259009728064,173.8067154995132
1547424180,ab5c31,37.665275961665785,-122.15966929560122,70.48070550783895
1547424180,adb31f,34.8695068359375,-101.74303950095664,192.5567396758232
1547424180,abca00,31.43403625488281,-98.16235710592832,249.88637403600936
1547424180,780ae6,56.19058227539063,64.9252041903409,259.4960788862981
1547424180,ab8b56,42.837799072265625,-84.26226238871726,192.19905990257084
1547424180,89644d,44.84670348086599,25.522111101848324,262.562561518217
1547424180,8991b4,22.395721435546875,120.17055442116478,151.38470783868095
1547424180,7502b9,5.931198120117188,115.84240412307996,175.09243432859756
1547424180,800c6b,26.73820883540784,76.78999680739183,243.48912229048025
1547424180,4242a2,57.30771339545815,73.52821596207157,224.3807527595565
1547424180,a7cfe7,41.041259765625,-92.27105712890624,251.9751753504144
1547424180,e80607,-35.93733215332031,-72.85818099975586,203.76788506815063
1547424180,a7fa65,32.90098028667902,-99.27498330875318,204.8940748465278
1547424180,a920d9,40.05583190917969,-86.27337646484375,75.04008255676877
1547424180,a0c78c,32.29472351074219,-93.92508544921871,215.5373020167183
1547424180,a3cc37,36.16813659667969,-88.83110046386719,189.5982646621897
1547424180,c060b5,43.64007568359375,-79.34818001680594,85.84280870092023
1547424180,4baa75,33.20049738479873,30.94602000956633,224.94442597012355
1547424180,c03068,42.13322009070445,-71.40736424645712,213.7030345806218
1547424180,a6f009,34.64245295120498,-119.23433303833008,198.6080338495277
1547424180,7c6d76,-31.90663146972656,116.41541748046876,164.98901622544926
1547424180,851c42,33.95385224940413,132.30897903442383,257.0830625967671
1547424180,89625c,23.897781372070312,55.98826090494792,230.32962625625103
1547424180,7c2628,-33.59544657044495,151.23361587524414,58.25041938177489
1547424180,e03086,-34.57174010195973,-59.17779922485352,107.44492698839466
1547424180,a923ee,37.94544982910156,-102.87352217004656,274.20058236468725
1547424180,acb251,34.45373017909163,-118.36807250976562,165.38074437699527
1547424180,aa6ba6,34.063751220703125,-116.68954654615752,194.1227014288796
1547424180,7c6a84,-37.73808366161285,144.39187754755434,44.24517485239483
1547424180,a153de,36.2801513671875,-78.90043258666992,157.36017045335788
1547424180,3c4584,47.96784481759799,-50.06033090444714,288.6525984263051
1547424180,a74992,37.8319329730535,-78.41521553371263,214.34110315624204
1547424180,adda24,32.959991455078125,-112.43287353515623,206.3234727231141
1547424180,a93fef,37.69496154785156,-121.92387357671208,47.34003024421983
1547424180,abe1c2,26.104400117518537,-79.9501507098858,206.78665152129847
1547424180,71040c,25.35132456634004,48.16815646189564,251.5720581191893
1547424180,a1b7ab,33.36813199318061,-112.17915437659435,123.5051372732426
1547424180,39bd26,40.24939068293167,5.579993508078835,275.7750945456581
1547424180,a22bf0,32.713281663797666,-96.70367805325252,99.67476961480996
1547424180,a1efe7,42.77038056971663,-82.18731547510902,218.9169279591977
1547424180,aaa267,38.7778278932733,-84.13702392578125,214.70134055857733
1547424180,abae62,33.509418034957626,-112.18745017538264,115.29630049950494
1547424180,89630e,41.13180541992188,44.54425048828125,245.3293846244712
1547424180,a445ee,37.882581807799255,-102.89406817892323,228.58050071511963
1547424180,acc61e,37.74455442266949,-93.00971653150476,210.77706753921592
1547424180,a46d8f,34.44735252251059,-116.43854141235352,202.6576380314104
1547424180,ac10af,39.904485152939614,-73.80389404296875,142.4266806839409
1547424180,aa3839,31.0986328125,-92.28897992302392,207.3311440363333
1547424180,800c65,12.957275390625,80.21032925309807,97.81067370505768
1547424180,780d64,50.58943176269531,-127.34795018246298,250.1044518037782
1547424180,ad2573,43.00016241558527,-91.15408761160715,224.04375813155025
1547424180,06a098,27.07748154462394,50.279194758488586,211.706051045878
1547424180,a56866,39.1256103515625,-90.68419746730638,183.06256803884057
1547424180,781003,57.3076171875,73.52866172790527,226.2735018349488
1547424180,7502b3,0.273834228515625,104.93679757845604,224.30289356559643
1547424180,a92abb,39.96409606933594,-76.44000244140625,107.7953539576044
1547424180,a22771,32.864390227754235,-97.05490423708544,63.27870320121677
1547424180,e0268f,-34.37258962857521,-59.2902946472168,164.2776853326592
1547424180,8a05e3,-6.163795600503192,108.10523197568696,207.9963957193316
1547424180,e8045f,-37.33908443127649,-71.77427872367525,222.7726666707177
1547424180,7c3ab1,-28.598922729492188,153.60893836388223,65.12340886274612
1547424180,a8ec40,32.557378219345864,-117.03785798987562,59.230357518985286
1547424180,a968c6,34.10924361923993,-78.95627975463867,198.99076956313405
1547424180,a6f04c,26.996978759765625,-77.47745154038915,230.6694845179848
1547424190,a6bf4e,36.60795593261719,-77.7055549621582,177.32504850002317
1547424190,0101a8,41.76173323291843,23.927839412245643,241.85270338317764
1547424190,4241b7,40.01431274414063,-72.60308837890625,231.8596311486665
1547424190,a7b257,42.81683349609375,-78.89065054960025,113.38910607309688
1547424190,ad8426,42.59715270996094,-95.65839594060724,130.52388170511836
1547424190,7808d7,36.47246797206038,115.23653070977394,271.0734263619553
1547424190,75045d,4.70269775390625,102.75247347556936,246.4165279989888
1547424190,a8faa6,39.86750793457031,-87.75037019149119,250.02454732499544
1547424190,a533bd,41.34760452529131,-76.83157487349075,234.06693203700985
1547424190,a69347,33.933013916015625,-117.53269117705676,47.33164380872737
1547424190,7c6d7c,-37.61811854475639,144.8281661323879,101.2357301711782
1547424190,a36898,31.23619079589844,-82.26497874540439,212.13689533776
1547424190,a3bda6,32.94273376464844,-112.77652587890626,204.75775981013967
1547424190,aa6f80,33.738175731594275,-100.82931518554688,251.18620592932265
1547424190,738443,32.84670037738347,33.83508799027423,189.2776437040052
1547424190,ab599b,38.92135620117188,17.360965894616168,218.88065741253703
1547424190,ad21bc,36.073516845703125,-115.11611938476562,74.62275771941543
1547424190,a93fef,37.69497628939354,-121.9188059931216,46.30281793401711
1547424190,a76103,39.86994339247881,-74.97381591796875,127.17696637763264
1547424190,c07995,25.924118041992188,-78.47700011055423,242.9439662543488
1547424190,ae2fa8,39.2567138671875,-91.32331516431724,205.39140460174667
1547424190,a86061,39.13545227050781,-94.63282709536344,128.2410972626957
1547424190,7c6c5b,-28.423911919028114,149.02512494255515,229.4633620526262
1547424190,adb656,31.989906440346928,-97.15731250996492,197.20390611848825
1547424190,899039,24.423751831054688,120.2764892578125,222.4070584506348
1547424190,a33716,35.13129800052966,-77.68129348754883,244.15774555169045
1547424190,71c030,35.96756240068856,129.42467222822475,176.1841145470621
1547424190,70aa67,25.53315760725636,51.65776666605248,197.3709175462393
1547424190,abd932,39.545196533203125,-119.76936672044836,81.81115444026835
1547424190,ad4eb5,24.69140004303496,-79.83401892320165,231.47121801334868
1547424190,a120ce,37.67239845405191,-122.06837529721466,50.76079192908732
1547424190,ac011d,37.90809631347656,-109.38882381358044,263.0942262524496
1547424190,e48613,-22.65860347424524,-49.2037455240885,210.16092078185684
1547424190,ac00b1,38.72579956054688,-121.60079956054688,78.20225670704579
1547424190,c01cb7,38.19438171386719,-73.40415792262297,206.5151484338068
1547424190,7584fb,22.576629638671875,121.44401966441762,227.2713216146576
1547424190,7c7538,-31.22859114307471,117.27410888671876,129.42126910990112
1547424190,4008f9,28.61073303222656,-80.53691570575421,221.1325431338173
1547424190,a99565,33.94821942862818,-117.42198944091795,48.731181406131824
1547424190,a6fb32,37.26535034179688,-84.52547763256314,278.17343325689706
1547424190,a61d00,32.36997985839844,-93.03217163085937,269.1800885429674
1547424190,e80411,-34.2059326171875,-69.6500132035236,261.0416804840508
1547424190,add2b6,33.742737850900426,-116.82809829711914,250.6234739482317
1547424190,a3a503,34.02181851661811,-117.70294189453124,150.64779091078438
1547424190,a420bb,42.978515625,-86.06229560319764,234.0997191918608
1547424190,4baa75,33.180340265823624,30.94686079998405,224.94442597012355
1547424190,acaa77,41.898468017578125,-87.84174832430756,120.89543455674716
1547424190,ac90a7,40.01609802246094,-80.63336181640625,220.70187219976364
1547424190,a6c781,41.10097076933263,-73.08124195445669,242.2790935769684
1547424190,ab3d51,36.14497375488281,-115.1095962524414,116.18350721630708
1547424190,a2e098,42.00259451138771,-88.01818137945128,72.02216
1547424190,a4ec2d,26.803253173828125,-81.53969818691039,142.61330424999483
1547424190,a036b1,41.64276123046875,-87.19049627130681,252.1615368691573
1547424190,ad00e3,30.301642983646715,-82.79577026367184,250.25995421767823
1547424190,71c073,35.528993768207094,126.74529379986704,239.1196364266908
1547424190,abb9df,35.842254638671875,-87.58735656738281,285.0618643611648
1547424190,a92abb,39.972497972391416,-76.44755276766693,108.15688078176228
1547424190,c050b9,36.71393442962129,-91.35535057554851,273.3169851346108
1547424190,7c5d8f,-30.99032592773437,150.20190070657168,75.40597945114804
1547424190,341119,40.419525146484375,-3.4825439453125,79.43121979802551
1547424190,862250,35.3822611146054,139.8296015313331,86.05373446779876
1547424190,a0300e,29.82643774000265,-98.3322682100184,83.21439804110489
1547424190,aafd78,44.93892346398305,-93.0570127905869,133.93043434914512
1547424190,a8cf70,37.94202901549259,-108.94383306088652,198.30932083924395
1547424190,a973da,32.579498291015625,-116.89656372070311,51.59080820476408
1547424190,a08512,42.65899658203125,-78.48901228471237,140.60235450091486
1547424190,896219,26.300994873046875,52.1152021300118,217.9039287190049
1547424190,acba30,43.80546569824219,-92.61276599972746,217.7806182089273
1547424190,a4ad8a,32.20334845074152,-96.78422577527108,94.93826726080876
1547424190,a920d9,40.05491638183594,-86.27191162109375,75.04008255676877
1547424190,c0499b,48.21131302138506,-122.36203645405018,188.66843567166185
1547424190,4ba9c2,41.05181160619704,28.807213523171164,103.04430180056274
1547424190,aaf53a,43.11831665039063,-88.34930419921875,220.28357521606785
1547424190,4cc27b,38.25965493412341,-80.31393963357675,225.5084506154901
1547424190,4b18f2,31.58294677734375,30.822251263786764,248.127386087115
1547424190,507c50,64.740234375,-23.43834228515624,286.83886174809953
1547424190,a18295,30.35620220636917,-90.3487609863281,113.64439406251768
1547424190,a8fc2e,31.746950311175848,-101.52141723632808,206.2792145736337
1547424190,a59ef7,41.17103188724841,-81.67891762473369,212.07326044405465
1547424190,ac9ae8,34.20158386230469,-110.99207041214922,184.90952319606572
1547424190,7502b9,5.924656754833157,115.82724735654634,176.5082778640114
1547424190,a2491b,37.59563381389036,-121.92812048870584,67.7583486387569
1547424190,7c144a,-38.022491455078125,144.97944283992686,49.45623922696622
1547424190,a52cc8,33.80964660644531,-77.74273307955997,213.4868221258585
1547424190,e4917f,-22.322310108249496,-45.539093017578125,214.1551962032788
1547424190,71040e,24.664077758789062,46.249542236328125,169.3239890629508
1547424190,a7c849,37.38441467285156,-75.9389025099734,261.0807101307577
1547424190,ab9b13,42.46262372550318,-94.60812590843022,225.1478727074929
1547424190,4ca7f2,30.88950464280985,-14.403131103515625,263.99950866944306
1547424190,89644d,44.83273780952065,25.54683034012957,263.2852823202368
1547424190,49d2ee,49.74394226074219,14.04789974814967,180.8012687814754
1547424190,7c6c9f,-26.5513916015625,153.10800804282135,70.17966534702883
1547424190,a654cb,27.99458312988281,-79.54677288348859,219.73263686053656
1547424190,abca00,31.454136735301905,-98.15108642578122,250.109213516277
1547424190,a300a9,36.30867004394531,-91.6303253173828,183.2345249747152
1547424190,a73dfe,36.07566833496094,-78.65541458129883,249.1104436438553
1547424190,e480d2,-30.566478664592186,-52.395776367187466,221.8297799012371
1547424190,7583eb,14.91626804157839,121.75073351178852,167.56429029756205
1547424190,a7858e,38.03494728217691,-88.2103032651155,271.1002736520435
1547424190,a23ccb,32.594992427502646,-99.92222377232144,233.122613104024
1547424190,a82903,41.25710697497352,-96.06439070268112,133.1654963391707
1547424190,a54cbc,40.23845090704449,-76.68126192959875,208.9713068116905
1547424190,abae2c,35.28589798232256,-93.5609728224734,283.7292748082538
1547424190,aacb6a,36.72436213089248,-95.2459716796875,196.5203014056264
1547424190,a417f3,35.16532768637447,-96.7119598388672,185.8346619335496
1547424190,a3f58d,37.3723692813162,-121.9405398161515,59.76856354370354
1547424190,aba841,41.92034912109375,-82.85951094193894,169.39587159689222
1547424190,aa6ba6,34.06178283691406,-116.71011788504464,196.79483513864307
1547424190,a895eb,41.9656785867982,-87.96497433684594,71.50956649404185
1547424190,aa06bf,40.96787792141154,-81.28440856933594,127.2580986895927
1547424190,800c65,12.948365292306674,80.20997699938323,96.78249068406149
1547424190,7580a0,17.000106811523438,119.27027652138158,238.4585287597689
1547424190,ab1bd0,43.22882700774629,-84.23989432198661,66.87772
1547424190,a2e5ec,39.98637053926112,-74.80547124689275,186.10718291596305
1547424190,39bd26,40.22364729541843,5.590667724609375,275.7750945456581
1547424190,c0584f,44.89947509765625,-75.2557591029576,202.7144371553368
1547424190,3c6703,25.99653625488281,52.80407599683078,219.4367500232781
1547424190,86d215,35.47796630859375,139.82728958129883,67.76615984964673
1547424190,a3ea54,34.39018249511719,136.24010981345663,194.0047378421604
1547424190,a9ec06,39.47262004270392,-83.44329833984375,230.54898402654965
1547424190,a8bd6a,41.19798563294491,-73.45146872780538,219.59769924286087
1547424190,4b1804,55.43394470214844,37.85662482766544,68.35913598528255
1547424190,abca08,42.12093029992055,-79.51367755268893,263.52591617486684
1547424190,a598c7,35.1324462890625,-101.8246522241709,79.33120143332054
1547424190,a4f022,39.175140380859375,-94.76430478303332,93.35280619681096
1547424190,89620f,25.224838256835938,55.41534423828125,93.79401923955372
1547424190,06a120,26.660797119140625,55.82459071897111,286.1603709403952
1547424190,a4bc10,30.718332064353813,-97.24015502929689,228.0960230017549
1547424190,e80607,-35.91961359573622,-72.85244556183511,204.26536552165263
1547424190,7c2114,-37.87838745117188,144.50545290683178,66.87772
1547424190,c0293e,43.749467235500525,-79.57757132393976,121.46217852149006
1547424190,a1dfa2,30.39971923828125,-97.56839527803308,38.621007467575154
1547424190,a39017,32.85745394431938,-93.30436239437182,270.0806502555567
1547424190,a8e4e9,31.984130859375,-93.09682617187497,271.2486180120928
1547424190,a94b48,32.10270251257945,-96.73304966517856,238.76520442096617
1547424190,a41c56,31.19696044921875,-82.29993034811582,267.4619044052628
1547424190,a3e5f4,39.5804443359375,-104.8495748768682,12.871384767737151
1547424190,4005ba,40.8641595355535,-74.00821339000356,137.72214519658044
1547424190,a3ec93,42.090531688625525,-90.423548498819,222.64254330608503
1547424190,e48b01,-12.581130981445312,-48.22193014210666,223.155465900738
1547424190,896513,24.683578491210938,56.06002807617188,203.81333780983653
1547424190,4cc276,34.682674084679554,-78.70943069458008,255.91507873075665
1547424190,4d0106,51.14582643670551,-11.923141479492188,228.5226029176572
1547424190,a30bce,46.33625793457031,-121.54884896627286,223.03980518888085
1547424190,aa3ae9,39.04797052932998,-98.63848876953124,284.22134782522096
1547424190,a2a686,46.08448093220339,-96.25128936767578,223.60745049619032
1547424190,a0a96c,36.82328563625529,-93.57382916389628,283.5706604874901
1547424190,344099,39.18669619802701,16.0623779296875,237.87125111975345
1547424190,ac767c,24.4267971232786,-77.45304323592273,259.7662042121837
1547424190,c04811,33.82136458057468,-77.52765655517578,218.84438085451552
1547424190,aa9801,34.198699951171875,-117.0293379803093,181.0733265034636
1547424190,e4948b,-19.867218017578125,-44.681396484375,224.1417807865039
1547424190,e8043c,-38.02958679199219,-72.41731684258644,224.61122275375604
1547424190,0d064b,27.113800048828125,-96.82261341022996,202.04554781434524
1547424190,0d09ec,-23.38630805581306,-46.671091715494754,111.1639564438368
1547424190,4ca798,55.6827392578125,35.90523459694602,197.59204047901136
1547424190,0d09ca,28.83822683560646,-98.80392635569854,193.26942871611908
1547424190,a9f42f,39.42406605865995,-112.9503173828125,233.6685969964865
1547424190,abb5e2,40.83155822753906,-96.517578125,220.17361803549744
1547424190,a642cd,33.12176513671875,-94.3082336425781,258.7735138825772
1547424190,abdc96,30.53915405273437,-94.10355511833644,176.30349397208477
1547424190,7812df,37.75065276582362,112.29311072308084,164.7506408005388
1547424190,7c1745,-37.93211338883742,144.75424725076428,29.033060875459896
1547424190,a359bc,33.73320007324219,-84.47376484773596,155.87738091518014
1547424190,a03c48,43.68890277409957,-96.11212594168528,234.6930515352553
1547424190,acc040,40.77891540527344,-75.28912353515625,197.35482621396704
1547424190,aa06b7,36.8028957560911,-113.98479055851064,231.5003716037388
1547424190,750485,5.16525009931144,102.47994784651132,195.55639828487327
1547424190,a35244,47.59529113769531,-122.2002410888672,54.95889788131826
1547424190,7c6de4,-36.196645962989976,147.9686590965758,204.91409453407
1547424190,4851b0,53.56738074351165,57.67903047449448,267.4485458683656
1547424190,ac390f,41.65379333496094,-94.83067599209876,230.7429015686554
1547424190,4951d1,43.060089111328125,-4.877993561500716,217.64325437117924
1547424190,a11f5d,30.09765107752913,-95.4738830566406,155.77547806211297
1547424190,aa66ee,41.7802734375,-102.24170338023794,240.5425942642478
1547424190,407568,54.54780578613281,-5.5051197725184124,116.8501537970084
1547424190,846adc,35.23530578613281,134.8553466796875,182.1407853082723
1547424190,0d06e3,30.98335395425053,-113.24130249023438,242.9505023064241
1547424190,a999d2,39.12506103515625,-111.8699951171875,244.4367010432129
1547424190,e082d3,-27.52084350585937,-58.27360908940153,240.59539959810456
1547424190,42432b,55.93153381347656,37.45805220170454,135.60747743216436
1547424190,c0307c,29.871686515161542,-80.88614071116729,233.2673126712745
1547424190,750146,0.0249054472325211,104.52359429721174,225.5313343008799
1547424190,ab7a21,40.97006587658898,-82.50545154918325,223.05345034131184
1547424190,abb721,36.96601479740466,-121.4688442064368,30.59968957167977
1547424190,471f58,40.57914733886719,7.83294677734375,217.33721701729417
1547424190,e483a4,-23.69597354177705,-46.02551154370576,175.99098412431346
1547424190,a8aed1,30.64686584472656,-82.90757123161768,220.82115447954453
1547424190,a32396,41.016199144266416,-94.67586864124644,187.2152119680858
1547424190,71c315,35.19232177734375,126.87219113719706,208.6588922725836
1547424190,a8dfc7,34.92791748046875,-105.62289490991708,273.6803399726663
1547424190,4baa8a,32.79505920410156,30.98397216796875,232.505923876868
1547424190,a9650f,29.257336632680083,-92.65271355124082,188.9606804738534
1547424190,a21f2f,36.94061279296875,-103.06560759848736,165.34393423935697
1547424190,abb995,39.046234130859375,-85.47614056131113,225.385777944194
1547424190,485209,35.33912658691406,-86.93178176879883,208.85222617034304
1547424190,a130cb,42.94723252118644,-83.72661045619418,227.9306247741039
1547424190,80073d,1.7106170654296875,102.94049796411548,221.8470783609201
1547424190,e48104,-20.2532958984375,-49.14974212646485,253.86703783639945
1547424190,a67ef1,26.24725341796875,-80.09416688163327,38.30794732896974
1547424190,ab384e,40.72301315048993,-78.71373263272375,208.0415606769509
1547424190,800700,24.297042846679688,56.504414876302086,246.66986299916863
1547424190,461f0c,43.24122619628906,-71.59968886264534,260.3112057069588
1547424190,78100a,-6.92340087890625,-38.14737093650689,254.1769879713028
1547424190,a17140,35.77073953919491,-114.72040703956117,196.7369995988045
1547424190,3c4ad8,25.05855754270392,56.1482728202388,229.71695993399013
1547424190,7c6d96,-35.072113037109375,139.031982421875,204.3838814163833
1547424190,ac82f8,26.170211791992188,-81.48870504127359,202.7261867113606
1547424190,c004e9,34.723297119140625,-107.82189816844706,226.127252836465
1547424190,a0d72b,32.78832387115995,-81.03235361527425,229.67260051837044
1547424190,45ce55,51.058122020656775,5.484466552734375,174.44507032645822
1547424190,c06364,45.58204650878906,-74.0441671231898,122.43442966295132
1547424190,adce13,42.47817217293432,-71.36910372002177,54.93963264616974
1547424190,4007f2,42.20523640260858,-87.6753057435501,184.08902509618764
1547424190,7c11c5,-37.9232219114142,145.182116964589,56.06259558403568
1547424190,4062a4,48.1915283203125,-2.960092644942449,210.3780354051483
1547424190,aaa96f,38.03732144630561,-105.763171652089,219.56696524903748
1547424190,a8e279,33.826171875,-87.63838787468114,191.29363391918088
1547424190,a72741,42.29443359375,-80.850698297674,223.32440072835573
1547424190,ab77d5,37.07606428760593,-113.07946910028872,186.7800155941118
1547424190,a7ad0d,26.076610565185547,-80.14469362654773,69.96627531267183
1547424190,471ee0,50.893140889830505,27.095947265625,244.5124785874293
1547424190,acc120,38.88187214479608,-104.55560302734376,65.06648990293385
1547424190,e8040e,30.68316650390625,-115.17824060776654,242.8551674575713
1547424190,a14c70,40.43499755859375,-85.73223876953125,225.2095759748433
1547424190,a9c151,40.47917252880032,-73.33280389959162,278.1505988556035
1547424190,75043c,3.3882115250926907,101.14586665712554,215.12495588958475
1547424190,a662a5,32.92728230104608,-109.34995067362884,204.3767594515232
1547424190,c0196c,43.27579821570445,-80.85381644112726,158.5439289600173
1547424190,a7a257,41.951019287109375,-72.14940157803625,186.2635420884228
1547424190,a4d621,38.39744955806409,-95.01645295516306,237.5205274348328
1547424190,ac4ace,39.68513488769531,-106.52510933254077,242.35772973658788
1547424190,a29dee,40.955657958984375,-96.74285888671876,229.9656748671445
1547424190,42442a,48.95768737792969,22.19681959885817,229.47316535749863
1547424190,86ce79,35.772857666015625,138.01586151123047,235.39115892288444
1547424190,a1d7f0,34.249053955078125,-84.04171067841196,79.38622712798214
1547424190,a36212,41.978247691009,-122.71198361418963,229.53428240216823
1547424190,aca375,39.008148193359375,-122.548131528108,227.1169757674492
1547424190,a3a155,34.159881591796875,-85.47267991669321,240.6349959940769
1547424190,ac3ef3,40.21745584778866,-103.07653947310013,73.37818299584639
1547424190,a97db4,42.87995910644531,-85.51259595294329,71.38176986286771
1547424190,a3524e,33.095242775092686,-86.49777159398916,196.4132100866069
1547424190,a212a3,42.51773071289063,-84.09384987571025,52.49597915262814
1547424190,a7f6b0,26.488362975039724,-81.62794259878302,242.4581721593108
1547424190,acfc6b,45.02127437268273,-93.46290402296108,107.72535975797186
1547424190,c01791,43.59613037109375,-79.71749948900799,75.69497619257437
1547424190,aaa244,39.980970479674255,-108.06508150967684,233.476542678337
1547424190,3c6508,43.984954833984375,-62.75115966796875,267.6790107802266
1547424190,a2dce1,60.8126220703125,-147.75361159752154,216.5130947514716
1547424190,4cace5,51.15797424316406,-0.1187711148648418,70.25504631972284
1547424190,a5f976,35.96118474410752,-87.89699473279586,183.7919139272227
1547424190,8514f8,34.542784610037074,138.20892333984375,277.2896109537501
1547424190,80051f,12.685857223252118,83.56225264699836,241.10690140578143
1547424190,a94c53,34.32307434082031,-101.89909020248724,188.3567701237617
1547424190,a05542,35.92254638671875,-115.19007256690492,77.39604387734701
1547424190,a9f67d,46.80661010742188,-91.68492759146342,236.2216831499173
1547424190,800c2b,13.31561589645127,79.9911177785773,184.4796470917992
1547424190,42458e,31.24390682931673,-64.26853637695314,236.94488692447607
1547424190,a50fb9,36.98629760742188,-121.94882656665558,128.5513106448554
1547424190,a1139f,38.110361907441735,-101.96990303371264,199.84941049057488
1547424190,0d0939,31.679214477539062,-114.43531709558825,226.3378214569
1547424190,c060b6,44.67869567871094,-76.34628295898438,178.9732857428403
1547424190,78134e,35.93193054199219,113.92719268798828,181.8346691801316
1547424190,a603b0,34.366863703323624,-78.41331481933594,284.8575422140746
1547424190,405f8e,29.57272804389565,-95.0558651194853,99.81937103759604
1547424190,861e70,34.0343410685911,134.18357849121094,288.95317043246115
1547424190,738057,32.44921875,34.33699951171875,157.9602794215751
1547424190,a9905b,33.6375297934322,-111.89363479614258,60.02263106885909
1547424190,7c6b2b,-35.61717224121094,139.15283203125,228.7419580896862
1547424190,ab5afe,37.80311713784428,-80.92881575874661,271.88012538769823
1547424190,aa2f21,48.15763829118114,-122.59249173677888,60.84374229412889
1547424190,aa5f41,42.38529968261719,-66.28626043146306,279.0283743678663
1547424190,7c7b60,-34.60638427734375,138.3606392996652,62.73053437221131
1547424190,42498d,56.53436279296875,13.634449351917612,241.96593402374324
1547424190,44003f,43.65231271517479,-65.6554739815848,256.9842169654377
1547424190,0d0776,36.11182778568591,-78.5780172145113,251.83019053963832
1547424190,acb2c2,36.53379821777344,-86.76406860351562,244.92937627412508
1547424190,aa2184,35.67093154131356,-85.72970775847739,299.3922648755811
1547424190,4b8670,25.44847908666578,54.55945284861439,200.4246358629064
1547424190,aa0e1c,35.176779536877646,-94.15409088134766,282.52157260911986
1547424190,c0226b,44.033203125,-79.27440554596654,158.55644799097908
1547424190,a3a9b6,39.84713745117188,-90.63296774159306,219.66999756055512
1547424190,ac8577,32.9597757630429,-97.02816710180169,105.99544052496536
1547424190,8960f9,24.41683494438559,58.76830478884139,277.9388156119352
1547424190,40745e,25.26236323987024,-81.06459131780662,268.21040069548195
1547424190,acc239,39.74131955938824,-79.77801513671875,224.55230153357104
1547424190,06a107,27.93460134732521,49.97015146108775,248.0585808579612
1547424190,800c40,27.67254638671875,76.82956911482901,229.589619648353
1547424190,a8b2c3,48.05419921875,-122.3602294921875,65.02580299931614
1547424190,00d170,-26.11376953125,152.83620006633257,44.60262114736433
1547424190,7c6055,-34.04849294888771,150.66192626953125,41.809456052946686
1547424190,7c7526,-32.08772277832031,116.76016845703126,151.06094232005327
1547424190,abe8b6,38.085456460209215,-98.58151643172556,269.0340466133355
1547424190,a06abb,35.05956100205243,-77.86445617675781,245.41620980186417
1547424190,ad3cdf,41.884185791015625,-71.2390969016335,121.74836529764616
1547424190,8a0591,-6.581314086914063,108.05980100470072,228.73328048464376
1547424190,e4851b,-23.722824096679688,-46.63726806640625,144.96005916595922
1547424190,abb007,40.198516845703125,-80.07379150390625,217.9039287190049
1547424190,a1555d,61.46255493164063,-150.3640856061663,66.68948517293023
1547424190,841e00,40.7503858663268,140.26232632723722,222.12188329677903
1547424190,a6e72d,39.85418701171875,-75.30847300653869,62.266853275578335
1547424190,8991a7,24.853317260742188,121.25579833984376,240.3483248897099
1547424190,4951cb,50.045196533203125,2.4256656044407894,207.427495367452
1547424190,a85d00,30.67822265625,-96.65545295266544,262.554497712268
1547424190,abf025,25.05581096067267,-76.87439540647111,207.66722231245228
1547424190,06a0db,-34.80994790287343,-58.980445861816406,127.44305336139873
1547424190,ad60b7,43.9940185546875,-80.69553818813586,237.9035139752389
1547424190,a35e9c,25.75062561035156,-80.0814310709635,144.88061973453722
1547424190,8681ae,34.190826416015625,131.0179044762436,191.9103675568989
1547424190,ac2a33,36.31865937831038,-103.3502002472573,259.6719471071447
1547424190,78122f,35.435051352290785,139.68958428565492,151.17740272374556
1547424190,8005a3,28.5501708984375,77.1588839017428,77.98197299560334
1547424190,a56323,33.54798889160156,-82.10991061463648,225.0567560132185
1547424190,424903,57.2115830243644,63.24111446257561,199.0206917374157
1547424190,c05f09,33.25323486328125,-117.60540161132812,202.20528834110164
1547424190,0101b7,37.36673646054025,24.80205370032269,254.5229561602238
1547424190,a0a91f,37.98161315917969,-118.39241190159572,219.04684809957163
1547424190,a11f9d,30.67275742353019,-90.6932373046875,286.83886174809953
1547424190,841400,34.54408807269597,133.55987548828125,173.38594551302492
1547424190,c02eca,43.73094177246094,-81.39668309411337,229.45125150951512
1547424190,aae73b,37.537353515625,-105.8136505776263,206.2458543302147
1547424190,899111,31.992839231329448,-95.42786267338964,190.51105364180592
1547424190,4b8c6a,23.756378173828125,56.703694661458336,218.8655429107469
1547424190,ab2496,46.61627197265625,-121.45050793159297,227.18688121731063
1547424190,a9e6df,37.23294532905191,-78.89043393342394,210.20184358081104
1547424190,a15795,38.39693748344809,-76.56999007515287,237.01803503967707
1547424190,a9b9f5,38.54901123046875,-122.29735664699388,218.3067829842295
1547424190,a4204e,40.64337158203125,-74.42999267578125,89.34161009709732
1547424190,aaef60,25.785563840704448,-80.32679719744988,69.54323938983043
1547424190,e48eba,-19.21737670898437,-44.94859967912947,119.98792866367184
1547424190,c0175a,59.34434509277344,-156.13174438476562,279.624804626586
1547424190,8006e1,14.742907507944915,79.4644486276727,255.98022140985915
1547424190,a445d9,42.224945068359375,-88.00173672762787,239.4641499531496
1547424190,06a138,41.05329895019531,67.946533203125,213.1686103127081
1547424190,a8c094,33.59678649902344,-77.59262396364795,211.34321262945969
1547424190,c040e8,40.30339050292969,-73.20281982421875,205.07224588631212
1547424190,75857d,13.492172241210938,121.45068464608028,190.6339557242312
1547424190,a4b294,38.376983642578125,-76.3197424056682,261.54405815854466
1547424190,a65bb7,42.22916425284693,-78.31718977107556,259.6795908496715
1547424190,a327ee,47.233154296875,-122.30921173095705,122.44739849601464
1547424190,ac7720,33.86828923629502,-95.62236785888672,187.523129609546
1547424190,a2a7c4,34.9618944071107,-103.1106948852539,283.1704648902173
1547424190,a7c618,35.79061734474311,-83.89715316447803,221.71342762302373
1547424190,ab5ed8,39.178619384765625,-76.75860861073369,72.68421962718477
1547424190,440002,42.95182800292969,30.17126748728198,253.4074070218924
1547424190,ab5dab,42.24664306640625,-83.49197387695312,124.11861078019912
1547424190,4b1900,40.44776916503906,-8.61663818359375,252.1352971020888
1547424190,abba2b,39.54927062988281,-104.8553068741508,40.093641258584434
1547424190,e48618,-21.902269266419523,-42.65294392903644,233.3200631222866
1547424190,a32a88,35.28131103515625,-120.3076171875,241.344975391124
1547424190,4bb14b,41.03440106925318,29.014205932617188,160.29533510853014
1547424190,7c7c8d,-37.7391357421875,144.42492545919217,37.97837317199355
1547424190,71c050,33.44856262207031,130.5353210449219,129.30056414331452
1547424190,e48e6c,-20.25273727158373,-54.66991632634944,171.95439799615363
1547424190,861bec,35.18595886230469,137.02972412109375,202.80906701237427
1547424190,ade450,40.20433044433594,-105.07708740234376,152.05453951322608
1547424190,40750d,51.45854187011719,2.8343984243032097,165.29670923714656
1547424190,abc3c6,34.495906506554554,-102.95001983642578,265.4655660136795
1547424190,a3b4b5,35.979034423828125,-81.37750625610352,245.97202594356327
1547424190,ac4e53,32.76085805084745,-117.23415452606824,51.45468785131772
1547424190,adda67,35.66899108886719,-91.6611099243164,284.463343731202
1547424190,a1cb0f,39.61139226363877,-121.64166259765624,252.34513884046385
1547424190,a8d327,39.00691145557468,-106.66607666015624,219.59287850867312
1547424190,a2b698,31.693508342161017,-83.994873046875,215.8121705059725
1547424190,a49441,37.85371398925781,-77.71319450216089,206.37669821165343
1547424190,84c7d2,34.7228021136785,138.3372688293457,283.48851939114473
1547424190,a972d3,33.51346807964777,-77.4954285913584,217.36217853761264
1547424190,7c43f9,-33.92230224609375,150.99048848054846,35.24223018674114
1547424190,a77dd8,42.18126200013241,-105.24384964344112,242.9657524108277
1547424190,4ba94b,34.47807699947034,-91.4707374572754,223.7447012274609
1547424190,4ba934,41.82890811208951,26.92895933639172,237.4820833694844
1547424190,155bd8,55.58365126787606,37.22562789916992,66.68154783831834
1547424190,a44240,43.40255995928231,-93.2281494140625,232.3698617709973
1547424190,c0850c,44.069183349609375,-68.04024629814677,178.57951117328102
1547424190,c06148,39.46430969238281,-70.66262950067932,224.5911912732705
1547424190,a25c75,28.1867282673464,-82.8445614085478,223.17621917084983
1547424190,aaa2f6,36.41157531738281,-86.11335754394531,192.78201175664532
1547424190,7c779a,-31.983169555664062,151.80545654296876,182.51165213816523
1547424190,a0ad1b,39.41551208496094,-75.9188710088315,229.39934194033887
1547424190,a5ca0d,34.05165850105932,-98.74626159667967,77.78998884943127
1547424190,a047d8,34.0453273967161,-111.78628921508788,60.91329789534236
1547424190,155bd5,57.19826908434852,20.23353822769657,234.0584518529103
1547424190,a66be6,47.98420715332031,-122.13308715820312,44.19430283445684
1547424190,c01766,49.69241901979608,-120.40496001372466,192.91101251928808
1547424190,a288ff,40.73236083984375,-74.13360595703125,119.97579691786966
1547424190,acd4c7,29.507042836334744,-98.48586138556988,70.75428702726482
1547424190,a01112,41.20829772949219,-74.74798583984375,206.8359192689568
1547424190,ac3e76,44.69433800648834,-94.15256407202742,154.58164795566594
1547424190,a948a2,40.19380731097722,-86.13406094637787,194.97495468483464
1547424190,a3e6b0,36.26861572265625,-115.3205059944315,33.69117282559787
1547424190,a4b7d7,32.85896301269531,-117.41055908203126,147.9569921438068
1547424190,abb2d5,39.87236410884534,-103.9803466796875,207.33688808573604
1547424190,ad4d5e,36.21838585805085,-115.21309710563496,21.59439585951948
1547424190,70203e,24.20553433693061,55.22448845629423,208.33394149370864
1547424190,adafb5,42.137223583156775,-77.87435132403704,223.7594861521946
1547424190,a6eab8,36.907126216565146,-96.14237246306044,291.00710676324053
1547424190,ad20da,33.20054626464844,-119.3902404785156,221.0798774232192
1547424190,e48bac,-23.0885009765625,-45.965848055752815,213.4390895992449
1547424190,aaa038,39.14341735839844,-76.23825073242188,200.676025754148
1547424190,ac820f,34.33103942871094,-88.27755675023917,162.43727135377273
1547424190,800b9c,25.08425437797934,51.81100521447524,177.71043366892917
1547424190,a57edf,61.25092069981461,-149.81770833333331,32.48745427075455
1547424190,c00b7d,41.25096207958157,-77.42764559659093,237.69317042766136
1547424190,7c7aa1,-26.629302978515625,153.01794088111734,225.96509840481093
1547424190,0d0707,19.501876831054688,-99.50077056884766,198.7858479911345
1547424190,a55b7a,35.33561577231197,-110.9047033431682,199.7871605641652
1547424190,40073c,40.77789823887712,-72.8315526788885,149.54401296815976
1547424190,7c12c4,-33.03295588089247,151.64613684829402,81.46428253053197
1547424190,0d05ce,19.40899658203125,-99.11821092878068,77.38065478013222
1547424190,4bb147,41.96955871582031,32.46703407981179,258.57861248648464
1547424190,7c6db3,-30.023958885063564,151.45609130859376,236.16958080089452
1547424190,0d09dc,19.47596740722656,-99.21365465436662,100.90711200593576
1547424190,7c7b5c,-34.79804992675781,138.63434460698343,19.589443898365264
1547424190,34464b,36.13861083984375,22.363014221191406,257.35469232620784
1547424200,43ea01,38.76969909667969,-77.46191273564875,70.48070550783895
1547424200,ab1d89,44.54928588867188,-88.65894862583707,170.81167729139105
1547424200,4ba994,51.92024230957031,39.09523010253906,134.41566254899607
1547424200,a2adf4,39.74455261230469,-99.34703661047894,218.9779698112011
1547424200,a76f48,40.00308279263771,-95.05608298561788,260.1784954226734
1547424200,ade8fa,27.09121445478019,-83.29728346604566,268.5343475583214
1547424200,a4189f,30.22068864208157,-89.6906799316406,279.8372033753526
1547424200,a9b7f6,35.18316650390625,-80.82916259765625,124.7343714229414
1547424200,7c627b,-37.45060729980469,175.488592918883,120.38978874735616
1547424200,a2d92a,47.46903991699219,-122.30770111083984,91.57247705601372
1547424200,a192a6,34.6981201171875,-117.86665313097896,223.05345034131184
1547424200,8960cf,24.74847308659957,56.60570828419812,208.0727251413051
1547424200,740828,25.40771484375,51.53823852539063,74.79987454912057
1547424200,a07637,36.25274140956038,-90.1205574197972,224.90324384274425
1547424200,3c542c,59.668853759765625,18.01849365234375,65.88097690403809
1547424200,a95d8f,34.06695556640625,-118.74068279655611,82.75036027876172
1547424200,4851f7,41.59200377383475,43.9734809343205,276.6781035383682
1547424200,abbd2d,35.88615417480469,-105.21005630493164,270.5628216924182
1547424200,aa1f5a,32.920989990234375,-109.79197998046874,253.37450704031667
1547424200,86cf67,36.73388671875,128.1460189819336,181.143468619288
1547424200,8964af,27.00411521782309,50.757945134089546,224.05320796581947
1547424200,a2a213,38.64543332891949,-77.47509765625,199.2605714604812
1547424200,4ca74e,45.03025817871094,-66.83611188616072,258.88189941460416
1547424200,a82df6,28.571482512910485,-96.90318388097428,227.81216072363125
1547424200,a1b4ab,40.27693176269531,-120.03863525390624,240.54204414768205
1547424200,ab2496,46.60377502441406,-121.42665956078504,228.0055040981948
1547424200,a34f72,42.65278961698888,-88.01281596339027,74.21200180779495
1547424200,7c7647,-38.12283790717692,144.87814198369566,92.40537011691424
1547424200,a3475e,35.63145524364407,-99.12560645570149,207.82582545878253
1547424200,ac9ff2,38.2384271136785,-84.41046673318613,213.60084106847285
1547424200,ad5262,44.248972747285485,-88.64010694550302,91.91287491233344
1547424200,ac4e53,32.76109081203654,-117.2285492566167,50.627667467326205
1547424200,ac7216,25.510986328125,-79.90824381510413,147.05631671094568
1547424200,aae3ad,37.79443359375,-121.10995028881317,153.16268816723948
1547424200,c004f3,44.56590270996094,-90.33697945731028,219.8217466284821
1547424200,aa596c,33.434417724609375,-111.91909790039062,97.49629983069978
1547424200,ac7a9f,34.72433833752648,-102.14143753051758,144.85961122477667
1547424200,c03b57,49.27335577496027,-124.19306704872534,86.55204977540171
1547424200,7c3a00,-19.9090576171875,148.58268192836218,157.79348529563578
1547424200,868043,33.8143351926642,136.54787063598633,206.04044162997863
1547424200,c05f09,33.239776611328125,-117.59111938476562,201.86273878076145
1547424200,a2d95c,41.08845520019531,-74.0174560546875,144.3453227043364
1547424200,a782e4,36.82542703919491,-87.60322733128322,184.2399148202782
1547424200,7c6d21,-33.961578369140625,151.1800026407047,65.89905152195003
1547424200,a875a9,36.19500732421875,-115.16738891601562,31.448479694275083
1547424200,7c6d7f,-21.41565872451008,147.62715657552084,249.1747099939396
1547424200,a396ef,33.803192138671875,-112.19316755022322,2.57222
1547424200,a8fd3c,40.11891174316406,-83.5936279296875,220.4054853983621
1547424200,e48273,-23.662874900688564,-46.44941797796287,145.07412013188429
1547424200,a8492b,47.39103698730469,-122.3184814453125,68.93741554043893
1547424200,ab0351,40.03276062011719,-76.48114013671875,199.75404099750955
1547424200,aaed07,38.70455467094809,-80.3138427734375,204.54761816750067
1547424200,c0224f,41.3250732421875,-98.5057373046875,225.170205366111
1547424200,c06363,43.97671508789063,-77.45604049327761,175.2495600735549
1547424200,addcbf,34.15733208090572,-117.57808685302734,30.421871147064444
1547424200,a68a81,37.94508361816406,-78.74059149559508,278.2875771588125
1547424200,abc504,42.30038917670816,-92.96835256177326,243.4581431661872
1547424200,780219,44.59327697753906,25.47278267996652,262.1837992449693
1547424200,4249e4,56.944427490234375,38.73719215393066,230.65915837110904
1547424200,c822ed,-39.12524724410753,174.97747802734375,117.807676
1547424200,ac4dfb,33.88233947753906,-77.44531748246175,219.9463193259385
1547424200,3c4b23,41.68506169723252,-72.44908532430958,271.47683179952185
1547424200,4ba9ca,52.60817188327595,-8.6956787109375,269.8439001026179
1547424200,31846c,33.81056213378906,-118.39388477558992,38.11748855783445
1547424200,ad0919,37.81089136155985,-74.92096610691236,208.260884771849
1547424200,a958d2,28.31414794921875,-81.18727463942304,113.692124
1547424200,ab6542,38.00413513183594,-106.76320826753656,269.0547038198182
1547424200,a64c98,33.56979628740731,-99.58030700683594,113.88865331522436
1547424200,ad35b1,33.72779846191406,-98.7186603156888,273.2448373187164
1547424200,407505,40.02342224121094,23.9761962890625,192.1136687001192
1547424200,780a81,5.591528941009004,101.68253931505927,224.2503823361427
1547424200,a44240,43.42886352539063,-93.24601284293236,232.3698617709973
1547424200,a0b5c5,33.96922302246094,-111.29105548469389,152.86692856026946
1547424200,7c7a4a,-36.24226715605141,147.8865538252161,217.4729487479299
1547424200,758330,13.565647965770657,120.61692087273848,216.991113199304
1547424200,a67538,38.00501419326006,-108.00163600755776,260.16934049399754
1547424200,a3c259,37.13790893554688,-80.79339859333442,201.2449432508876
1547424200,a080b8,39.86831406415519,-111.4654541015625,268.5225207603155
1547424200,ad2445,42.09892272949219,-82.18978188254619,240.971851797528
1547424200,06a0e5,26.0240478515625,52.81247120983196,240.5557966844154
1547424200,a0a91f,37.98161315917969,-118.39241190159572,219.04684809957163
1547424200,424372,58.60689324847722,33.661651611328125,220.62211492233888
1547424200,7c52fb,-27.235852257680108,153.08360173152045,131.15799973253633
1547424200,89617e,48.06094929323358,-64.51622596153851,242.5580274449104
1547424200,a7a9c5,35.15400695800781,-81.06363101881378,119.6345024801578
1547424200,780508,34.58859201204979,135.08451461791992,153.75336125617935
1547424200,888142,26.56640625,122.82445367777125,205.00448167490583
1547424200,a34840,35.6679056458554,-113.84716926737032,180.147241577
1547424200,8006e1,14.7593994140625,79.48527895171067,257.82678958652275
1547424200,3430c3,40.26600983183263,-3.4054496071555604,111.42434266365692
1547424200,7c6728,-33.92436218261719,150.7042273696588,60.06890997546255
1547424200,40073c,40.77110161215572,-72.84665888006037,148.66363511806853
1547424200,4248f0,53.55825650489936,27.944371840533087,241.1595831765644
1547424200,a178ae,38.37705967789989,-91.30199929942256,194.79502048982732
1547424200,4ba9e7,41.59368896484375,43.949182683771305,264.8027719784493
1547424200,4951ed,36.44439697265625,-10.784132937167556,250.0033762970081
1547424200,7c7a4d,-30.64952087402344,151.33699304917278,222.311842302659
1547424200,781147,53.4618468203787,58.39427274816176,221.1032194564383
1547424200,acca88,40.73828228449417,-104.3185563520952,235.0401124456797
1547424200,aae958,39.73452758789063,-95.80657295558764,274.4692530750255
1547424200,7c0adc,-33.889801025390625,150.6463249362245,55.68366190326725
1547424200,ab5afe,37.80311713784428,-80.92881575874661,271.88012538769823
1547424200,780431,26.730926513671875,119.87861489349942,206.96830818766807
1547424200,aa2184,35.67093154131356,-85.72970775847739,299.3922648755811
1547424200,a3244a,38.65018165717691,-76.06402587890625,245.6204783399689
1547424200,42417d,25.504714965820312,53.20521036783855,207.2960380538237
1547424200,acf2cf,26.816463147179554,-81.53688284067005,141.63288929701815
1547424200,71c090,22.447209762314618,121.29074096679688,219.49825017286705
1547424200,4a0661,41.3219542422537,9.71072803844105,214.5052589135869
1547424200,06a0ac,36.10354148735434,22.29283758934508,270.94598750194825
1547424200,a9607d,43.1817626953125,-88.47475273664605,233.5581425675948
1547424200,a28b5b,43.67959232653602,-79.6561758858817,60.03144884928992
1547424200,34164a,38.99949645996094,-8.640866486922562,260.1973128756024
1547424200,a3e6b1,26.247299194335938,-79.31595136534492,148.1607651292525
1547424200,ace0d2,38.75592041015625,-107.2681194802989,246.0102190630496
1547424200,7c7533,-31.35200500488281,116.6828290153952,104.8784657217602
1547424200,a875a3,39.27735900878906,-85.06481004797894,207.3158257931978
1547424200,8964d0,49.09245377880031,41.44440500359786,229.24873772052925
1547424200,a6deb0,34.31086136122881,-119.18861389160156,44.99547324887694
1547424200,a733e6,32.36246399960275,-98.13935571787306,219.9589531940893
1547424200,a3c5ea,32.276668225304554,-96.3049752371652,161.66397584207624
1547424200,c0228f,35.82362288135593,-115.03737429355051,245.82080904185827
1547424200,a8bfb6,40.129379013837394,-78.3622949773615,218.99247230380905
1547424200,a1460a,43.75469970703125,-122.43809189907338,230.92576905364328
1547424200,ab23b5,42.485595703125,-91.9325325705788,241.12501206274453
1547424200,4071ff,50.148584398172666,6.484086320206925,212.7547831933436
1547424200,7c6b35,-33.801544189453125,149.21440280213648,242.33370472839923
1547424200,e490ed,-23.309729624602767,-46.068878173828125,173.19657112489244
1547424200,a1775f,37.41728210449219,-124.8649369909408,240.6943783743528
1547424200,43e85c,31.693359375,-105.2706191119026,276.6101811290588
1547424200,a0f566,30.75801086425781,-101.09511431525738,257.41381609126523
1547424200,a90b27,38.6472954184322,-77.77923583984375,184.07608593606165
1547424200,a01037,30.99620237188824,-86.72514038085937,182.30853087566848
1547424200,a046f2,40.20162963867188,-80.9541015625,236.9934687251689
1547424200,3949f5,-20.42811584472656,-40.49065181187217,249.14443782814644
1547424200,a56d30,34.21669006347656,-118.48693224848532,14.641332917468956
1547424200,e4910e,-18.626900365797155,-39.14928089488632,249.26975131607767
1547424200,ac8d34,29.32013560149629,-81.54995188993564,221.34248283069456
1547424200,8a0591,-6.5854657706568105,108.07970770474138,228.84028128294383
1547424200,abd8e4,39.736757440082094,-103.67449951171876,217.760566059838
1547424200,c05819,48.41795840505826,-123.38824623509458,6.901990527701411
1547424200,06a1a3,27.552474975585938,50.10335670327241,259.2823277929984
1547424200,3c6464,35.484396724377646,-80.67576306931517,231.0220172509786
1547424200,ad15a0,33.6968994140625,-99.23311194595028,213.19654263369827
1547424200,851bba,34.452007746292374,133.414306640625,178.30364840027644
1547424200,ab1979,48.591156005859375,-51.6486299954928,271.32422289759955
1547424200,85d7c0,33.059769969875525,130.64952616788904,205.75830744561912
1547424200,c035bb,42.834250240002646,-78.37025233677457,215.3751616750505
1547424200,a441c9,33.944029727224574,-118.4626007080078,102.48674814408724
1547424200,a61988,32.7960205078125,-115.92597656249998,55.23988426796421
1547424200,a5ca0d,34.04639809818591,-98.74082565307616,76.67114319200434
1547424200,a81ee1,33.56039273536811,-83.99505615234375,233.09990698257053
1547424200,e8043c,-38.02958679199219,-72.41731684258644,224.61122275375604
1547424200,a1c2f1,35.43668068061441,-83.65627207654586,182.2105165052533
1547424200,89408b,41.33335876464844,22.55859375,270.36907744974354
1547424200,a3cc37,36.15358514300847,-88.86572005900928,189.36151858716343
1547424200,c03068,42.16058349609375,-71.42873590642756,213.7030345806218
1547424200,aa9b20,43.05967712402344,-74.58643713662786,216.48375660233992
1547424200,76cccb,45.81825256347656,25.228427793921497,263.9102734069311
1547424200,abdd00,32.471861758474574,-108.62574986049106,256.7791970213768
1547424200,a5d28e,37.74925231933594,-78.29260643492353,207.04565574334327
1547424200,a6fbb5,48.008148193359375,-121.94783020019533,47.843292
1547424200,a75dd8,34.99195861816406,-92.75442940848212,200.118716
1547424200,aaa83f,33.28084654727225,-85.34768240792408,258.6118737728982
1547424200,a1c67d,40.89427185058594,-74.5428466796875,110.4857570861421
1547424200,a4cc95,41.13583839545816,-77.51478715376419,243.6586224496865
1547424200,a420bb,42.97823631157309,-86.08984810965404,234.60677012113737
1547424200,abde0b,34.29386901855469,-85.984441017618,265.55378034274014
1547424200,a4460e,38.57633972167969,-80.59158325195312,205.2792720339994
1547424200,ac75ee,25.33088813393803,-80.95695639556305,178.68396075640416
1547424200,a3e8dc,43.29837605104608,-86.02634974888394,234.0810649944728
1547424200,a03765,38.32283020019531,-120.38695639752324,230.6092421429235
1547424200,ad0851,40.14614868164063,-91.06561279296876,248.3459427982869
1547424200,862338,35.22569274902344,136.71134481624682,272.65823193162026
1547424200,4074d2,30.70294189453125,-14.486227596507376,272.398948118598
1547424200,896401,19.27337129237288,71.40623890269887,218.40798631457864
1547424200,aa6c50,40.32257080078125,-74.48330965909093,89.28975558664051
1547424200,ab942f,25.09144592285156,-97.76362101236975,214.9200254071116
1547424200,a4e569,32.97257995605469,-111.35621337890623,46.84831110536268
1547424200,48506d,25.8310546875,-80.36442018904773,77.28654371622217
1547424200,7c6c5b,-28.40318298339844,149.0224104661208,229.4633620526262
1547424200,4241b7,40.00350176277807,-72.57917924360794,233.4793764857509
1547424200,04005c,34.014862060546875,35.408935546875,86.37758343807792
1547424200,aaadb2,38.15570378707627,-91.20354030443276,269.02470116551154
1547424200,7503a9,-27.863841945842186,153.50203294020434,86.58567825087823
1547424200,aaf53a,43.11887062202066,-88.37748936244418,220.2547392992361
1547424200,e80449,-38.8751220703125,-72.23907470703125,229.20486501521228
1547424200,a78246,34.775665283203125,-80.21734743702166,121.98399105280824
1547424200,aab6df,32.53395080566406,-111.618017578125,130.8610447034335
1547424200,7cf925,-26.906570434570312,154.43678370061912,225.0685150788001
1547424200,a0628f,40.21470926575741,-92.77292424982244,242.2332106950448
1547424200,adb656,31.971450805664062,-97.15819702148434,197.20390611848825
1547424200,a866c7,33.31068420410156,-87.83909912109374,190.876056231882
1547424200,aa0e62,34.27555847167969,-108.29307711854273,267.01675526920906
1547424200,a2bc71,32.35871887207031,-97.96354980468747,56.11214065450535
1547424200,a11780,40.74723815917969,-74.34393310546875,111.62486475849371
1547424200,e48613,-22.67638642909162,-49.207712809244754,210.16092078185684
1547424200,ab6800,42.78928077827066,-81.70909083166788,233.48107675368988
1547424200,aa3839,31.0986328125,-92.28897992302392,207.3311440363333
1547424200,4caafa,44.59341430664063,-66.50789533342635,259.7453177499286
1547424200,7c5744,-36.4892578125,174.94440078735352,223.2123845438969
1547424200,a4ad8a,32.19483947753906,-96.78224487304686,95.44288079716118
1547424200,a973da,32.58004915916313,-116.9012015206473,51.243374072043615
1547424200,48ae82,40.23076978780456,29.832375266335227,227.2684103990861
1547424200,42423f,34.00556945800781,-118.30436862244898,191.48446021452267
1547424200,a9b088,35.41136169433594,-80.27029037475586,215.3032649751165
1547424200,aa44ad,41.62826796709481,-71.79527105287059,269.09158774431296
1547424200,a2ba3f,42.98478698730469,-70.8396521279978,48.6442099031835
1547424200,7808e2,54.54171908103813,88.79033868963067,243.18024175586143
1547424200,a22b28,34.260498046875,-85.0770039461097,196.22717694265503
1547424200,c821ba,-43.47913839049258,172.54342215401786,56.97568910493472
1547424200,a0c78c,32.32466125488281,-93.90388183593753,215.5373020167183
1547424200,a2b919,42.66000521385063,-77.74392061455302,218.008353976146
1547424200,4066ab,45.01145185050318,23.96111465081936,260.2679933129197
1547424200,a23ccb,32.57537841796875,-99.91208496093748,233.59383355572652
1547424200,7c6714,-34.0155029296875,150.6987342055963,60.758863746930494
1547424200,e48fbc,-8.351378360037074,-40.28426071693156,223.2675106420147
1547424200,a3ccb7,34.182842707229874,-80.54174423217773,223.4422830036367
1547424200,7c6c9f,-26.55749304819915,153.10504619891827,69.18267700750356
1547424200,a4f022,39.18351745605469,-94.76179703422213,91.96468925244707
1547424200,add12a,34.21398615432998,-119.11714553833008,52.51362104823015
1547424200,a91536,42.00143070544227,-88.33499642305594,111.16276606678204
1547424200,a52fb7,47.38994533732786,-120.8096078725962,152.16589145767406
1547424200,c88092,-27.403472900390625,153.4819059551887,145.9253754249469
1547424200,7c79d1,-31.082882638704973,150.83706665039062,0.0
1547424200,a05dbc,36.3038092144465,-94.26316281582444,273.9326142684788
1547424200,c041bc,27.330911927304022,-80.34259502704327,226.8038849312464
1547424200,7580b2,14.455121573755296,121.1366031044408,154.432627146014
1547424200,424548,42.05049133300781,44.342505715110086,229.22391603714297
1547424200,aa6f80,33.740410239009535,-100.80093383789062,252.72241489308163
1547424200,c021fc,41.09870910644531,-80.06353759765625,243.33418722917807
1547424200,a765ec,40.10265802932998,-76.73457058993256,92.72844181063672
1547424200,c01970,29.211456298828125,-82.7115220289964,234.844672062552
1547424200,7c8025,-33.75677490234375,149.35055479711417,137.15215973909952
1547424200,a24fb8,39.151130288334215,-78.31475830078125,180.94393069587284
1547424200,7c16d6,-37.98830193988351,143.75395401664403,47.53250987412754
1547424200,aab853,38.59675598144531,-121.1986044178838,86.42812306977167
1547424200,8681ba,36.02179575774629,138.61204756067156,198.0709613828353
1547424200,a1e9ac,39.01409912109375,-92.8003792140795,223.3617269728965
1547424200,e490c3,-15.864395141601562,-47.94057745682568,77.33789122075672
1547424200,400db3,51.17375777939618,-0.0038909912109375,80.6299685893889
1547424200,a7faad,32.328899836136124,-109.43279655612244,208.55042010228456
1547424200,aa2cb0,19.415634931144066,-99.10631769353694,79.76370856742707
1547424200,a38991,33.42664815611759,-80.70489377391579,211.02051421730533
1547424200,a5ee13,40.864288330078125,-74.55706787109375,120.18407212681974
1547424200,7c6d23,-38.5164836301642,145.57647705078125,174.75428702578503
1547424200,c03472,43.89042663574219,-77.50132715979288,239.41275324901736
1547424200,0d042b,39.52848815917969,-89.10156913425612,221.80233819797985
1547424200,155be2,47.89384460449219,40.60924530029297,216.2434007996792
1547424200,706056,25.28997802734375,55.15207926432292,218.59935662484497
1547424200,aaea8c,40.86666870117188,-70.75946044921875,266.432827275476
1547424200,acef18,39.99405165850106,-106.2800528786399,239.7822325093477
1547424200,861fa4,33.55279541015625,137.1251818598533,283.6751693015056
1547424200,c080a2,43.42872619628906,-79.78699440179867,112.07797459497162
1547424200,a8e4e9,31.984130859375,-93.09682617187497,271.2486180120928
1547424200,a0000e,34.265716552734375,-117.51660405373087,257.1792976034069
1547424200,406ecc,59.71236923993644,38.872849036907326,261.34565335474565
1547424200,abecff,42.5657958984375,-87.98744201660156,249.7857400439996
1547424200,a28bc9,38.312255859375,-90.51688336311504,217.1246235074547
1547424200,ab161b,36.87323618743379,-89.26212476647419,203.699686939101
1547424200,a1933c,33.370330810546875,-115.31716918945312,258.2903393571506
1547424200,750260,13.996814792439087,80.84038985402961,241.1228169040461
1547424200,a03472,34.19485318458686,-118.49641799926758,56.32633236846128
1547424200,7c6d75,-32.13116455078125,149.22130737304687,240.09107542656187
1547424200,39968b,53.13592529296875,20.51673235212054,246.9465166157701
1547424200,c06358,42.25309210308527,-82.54590411518893,140.94075719141674
1547424200,40601f,54.922760009765625,27.138573141659005,239.57243378171705
1547424200,8990a2,25.152099609375,121.22156778971356,137.40374542676764
1547424200,a2e9a3,35.097640732587394,-89.95159149169922,124.5177669167439
1547424200,a3970f,33.27963618908898,-81.28363784478637,217.5051954010845
1547424200,aa74ad,39.92454916743909,-77.58931940252131,162.42749549663557
1547424200,abccd8,41.32818603515625,-73.22052001953125,54.77802031055858
1547424200,3c64c3,32.916342525158896,-116.63287727200256,226.7116827702149
1547424200,a1c229,32.33011019431938,-107.36327502192282,206.15344394359403
1547424200,c0293e,43.75968933105469,-79.56956730332485,126.9593178050673
1547424200,a15ffb,34.344891047073624,-111.8129539489746,202.61845694487465
1547424200,318f41,33.95219421386719,-117.50511325135524,58.10484996872423
1547424200,a0eef3,47.24711608886719,-122.15595245361328,74.93596923379086
1547424200,a5408e,33.248911712129235,-111.82013686822384,45.9787472810903
1547424200,abad94,29.009445190429688,-82.8899970421424,221.92758792500223
1547424200,7502b9,5.918426513671875,115.81284345206568,177.65681311309478
1547424200,76b4ee,2.559628244173729,101.82091022359914,95.38879411296077
1547424200,a722b1,35.78498452396716,-84.94377623213097,181.67085642527337
1547424200,ad03ee,30.28436279296875,-100.37276324103864,254.66017259601296
1547424200,a3f8b8,33.711181640625,-118.51563122807715,140.05731994994164
1547424200,ab329e,27.761306762695312,-78.89867818580484,234.88073093472843
1547424200,7c4514,-24.005538940429688,151.18321736653647,226.59024550417493
1547424200,a1ac3f,42.35741566803495,-77.85793570585025,176.18486561382463
1547424200,a0fbb7,36.10533142089844,-106.70522689819336,241.1903088955397
1547424200,a34e97,38.08795166015625,-83.72844290226061,244.94504340418257
1547424200,841794,34.949464959613344,134.9146842956543,162.5618620006458
1547424200,894059,15.337891659494174,76.48941584995815,233.90066438608548
1547424200,4cc27b,38.25965493412341,-80.31393963357675,225.5084506154901
1547424200,abd8a5,35.9208984375,-113.88376235961914,247.60206287378628
1547424200,aba14d,43.62936401367188,-73.95810859147889,224.67601824881612
1547424200,a1d4bc,34.331268310546875,-114.9165998186384,195.39393101926007
1547424200,e485a4,-23.519805908203125,-46.73723810369319,96.958706118476
1547424200,a276dd,41.03709411621094,-112.315185546875,189.20911830164263
1547424200,4242c0,55.42746850999735,81.66370738636363,191.47616737363813
1547424200,a86e35,39.75933837890625,-86.73174650772756,257.68458364873595
1547424200,7c144a,-38.02487182617188,144.97482624459775,52.74744628990837
1547424200,a2f948,40.86550955045021,-71.43391695889562,272.15838014784015
1547424200,461f52,55.43463134765625,42.13167975930607,266.0829494708217
1547424200,7c6c25,-28.242451296014337,152.67544017118567,216.78672601594548
1547424200,899080,25.06800764698093,121.08322431456368,168.3985110301771
1547424200,a8dfc7,34.930192333156775,-105.59022903442384,273.6363373134182
1547424200,800d01,14.229629516601562,77.90987738247576,227.94746025380124
1547424200,4ca34b,55.37242126464844,-3.194517247817089,195.67951269526085
1547424200,8963ea,34.38075256347656,24.033601721938776,276.8550061862136
1547424200,aaa201,36.4246588238215,-79.59647320686503,212.8343799957517
1547424200,780cb6,55.90956348483845,85.69722175598145,256.6518786674792
1547424200,a2094d,32.48592053429555,-109.75134401905294,220.21688642821857
1547424200,a2ce05,35.46763791876324,-118.01069543716751,240.3218965285748
1547424200,4851b0,53.56178283691406,57.72028459821429,267.0613531215606
1547424200,885172,44.954704672603285,25.27324397389481,261.9126307085635
1547424200,79a012,35.19227600097656,135.95642712651468,182.52615215027507
1547424200,ae07e9,35.84834211963718,-112.33894510472072,224.5911912732705
1547424200,84bd16,34.25797801906779,131.35517120361328,179.4259431388023
1547424200,c02f75,27.888702392578125,-80.52512114902709,240.8235394409422
1547424200,a3696e,45.0463194766287,-92.01324462890624,197.59204047901136
1547424200,abcf2f,40.58735992948888,-96.11769936301494,232.2536620230748
1547424200,a3c5d4,27.48271877482786,-82.54038884089545,66.77475193277267
1547424200,750146,0.0086587162341101,104.5416838547279,225.5313343008799
1547424200,89407a,18.158706665039062,72.31832403885691,215.80235980274355
1547424200,a38c60,41.597915908037606,-83.57485039289605,222.1945513734811
1547424200,748029,46.35722351074219,17.90744688452744,261.0685456719777
1547424200,a9d413,33.968376547603285,-110.56034088134766,244.15774555169045
1547424200,770592,42.04376220703125,31.60629272460937,254.60820537389893
1547424200,ab400f,41.06149291992188,-84.96270751953125,214.21450630912443
1547424200,155c0d,52.03257751464844,39.127960205078125,220.61551716478425
1547424200,e48fb4,-23.61418125993117,-46.66510240086967,71.06220385369438
1547424200,a65c95,33.42543779793432,-85.34919583067602,244.20055747394548
1547424200,a7912a,28.569305419921875,-81.36363689716046,130.1553486837762
1547424200,7c7534,-31.933868408203125,116.19025268554688,92.95648627874442
1547424200,71bd65,36.81948852539063,138.22076797485352,268.7747129132346
1547424200,a7de53,42.13352966308594,-71.47505326704544,200.676025754148
1547424200,ac8287,32.37872314453125,-94.03928833007814,267.487135376967
1547424200,7c7bd7,-29.916888738082665,150.12734985351562,237.7822274448093
1547424200,a50fa1,28.950119018554688,-81.60348745492786,202.023933866355
1547424200,758229,13.792590125132415,121.26034385279604,164.14633568772416
1547424200,e48f04,-23.26103598384537,-43.31949869791663,214.68100079161343
1547424200,ad24ab,43.28764343261719,-76.31697543831757,217.1173100001571
1547424200,acdf34,37.46333235401218,-122.23693184230638,46.51950718188094
1547424200,a72741,42.29582705740201,-80.87706809820128,223.32440072835573
1547424200,abb205,32.513214111328125,-96.75016479492189,207.39304374168628
1547424200,a14057,28.535032110699152,-82.00448428883271,49.9434783490978
1547424200,abb721,36.96492004394531,-121.4645515604222,41.64772900600157
1547424200,aab9ae,37.44488525390625,-78.26917283078456,185.78908419950812
1547424200,800389,42.58468369306144,32.04200922056686,260.1764610219179
1547424200,750485,5.16525009931144,102.47994784651132,195.55639828487327
1547424200,a40694,42.58896649894068,-90.66058491551598,237.28419297999488
1547424200,a2e944,32.50263278767214,-109.01497977120536,143.20775655322203
1547424200,8960f8,46.259674072265625,22.479099180640247,266.5698699696669
1547424200,c03be5,41.00303649902344,-82.8656005859375,230.6092421429235
1547424200,a645df,37.27633666992188,-78.85033790101397,203.3095444921516
1547424200,a8955e,34.734466552734375,-85.52138970822705,251.40789328506443
1547424200,a099ad,33.69012451171875,-116.87995754942602,137.4952044875453
1547424200,ad01ab,37.86861613645392,-83.44235627547556,202.18892728678208
1547424200,a36549,35.239837646484375,-101.66805267333984,277.4246294706502
1547424200,a3c9e2,42.23703002929688,-85.88075117631394,143.53356372323483
1547424200,e082d3,-27.49154663085937,-58.25282834610846,242.59184887578627
1547424200,a0275c,39.011101156978285,-89.92413330078125,255.3762403490952
1547424200,ab7e2a,36.27561950683594,-109.52425003051758,226.514898336696
1547424200,45ac43,45.90362548828125,-65.90705108642578,256.5048943475401
1547424200,ada64d,47.44281005859375,-117.04133605957033,230.55357567538903
1547424200,a98ef6,38.66825866699219,-95.26149583899456,189.00479327460792
1547424200,0d09f8,29.6187744140625,-94.22894404484674,215.6569864931984
1547424200,a02b92,19.477363198490465,-154.9955166903409,57.530390055820206
1547424200,a59893,48.75704490532309,-122.5400583367599,61.477672342820654
1547424200,a0f230,41.77272033691406,-80.44901067560369,245.8816298650351
1547424200,863188,33.067840576171875,131.361328125,175.15363947710094
1547424200,c0405a,44.33900477522511,-77.20300441834985,244.32840663963296
1547424200,e07542,-33.44773631984907,-56.0006215621014,210.156513235907
1547424200,a2ce2d,35.95564270019531,-77.2170639038086,259.9688685154475
1547424200,06a074,25.52920066704184,56.68380449403007,271.14468787616744
1547424200,4067f1,50.81283827959481,9.149703979492188,204.5450304639081
1547424200,a29dee,40.93501281738281,-96.74407958984376,229.4823916148167
1547424200,a7fed0,39.77595442432468,-85.3148193359375,222.6068797949735
1547424200,aa1b9a,39.07660015558792,-120.6976318359375,182.0121483785
1547424200,aaed17,39.590350652145126,-75.3826904296875,248.99567900777927
1547424200,4ba9e8,38.51641845703125,-77.46579377547556,96.31238057081136
1547424200,780b12,59.34672546386719,31.3267822265625,262.1646196316719
1547424200,a88d10,34.41064453125,-117.58952860929529,257.34595113897126
1547424200,a252ae,47.84843832759534,-122.20135028545675,207.15810972520228
1547424200,7609b7,24.64366149902344,56.850128173828125,186.19319670987227
1547424200,c08106,34.913177490234375,-74.6290058992347,202.33809111687955
1547424200,c055d2,45.58479309082031,-122.56970661442452,74.78041223237327
1547424200,7800eb,41.21856172206038,140.74684836647728,244.8996599985992
1547424200,a390ed,33.32656084480932,-77.91997169961735,219.9571484002104
1547424200,a8df06,32.9529791363215,-111.7079754264987,262.0883920352438
1547424200,a0ba4e,42.89726257324219,-87.92933264444036,233.91141314652813
1547424200,abbd47,37.20133635957362,-85.25641399881113,220.0527820782659
1547424200,ad0074,43.10028076171875,-93.1025518373001,240.8834246797377
1547424200,7c0898,-38.092071533203125,145.1916893492354,56.18990893027395
1547424200,ad7b17,34.46369934082031,-104.42970120176976,270.7227029487752
1547424200,a01ac4,38.69999255164195,-90.90130615234376,90.54798976583236
1547424200,c02cfc,38.91101384567002,-84.76385498046875,248.8462995018368
1547424200,86d6ac,35.40428032309322,139.81966708568817,138.97321654354076
1547424200,a7e5c1,42.1875,-80.82972439852631,253.0667114010896
1547424200,7c7c76,-27.88260249768274,149.36964181753305,232.2656264459735
1547424200,a3b110,38.84909936937235,-103.560791015625,255.4239068229897
1547424200,471f84,48.46939862784693,18.054006476151315,259.74990272697613
1547424200,4c01e9,41.47795079118114,24.65536428052326,241.96648090306147
1547424200,471f58,40.58698751158633,7.858096036044034,216.8611818594264
1547424200,ac3ef3,40.21745584778866,-103.07653947310013,73.37818299584639
1547424200,7c7708,-32.678553694385585,115.61697823660714,73.27893179604517
1547424200,a1cd4e,45.08349609375,-122.03691755022322,216.21953412417287
1547424200,ab8923,37.46212199582892,-122.38781472911006,161.31736739403752
1547424200,896453,25.82378322795286,55.65036413804541,210.90008088130705
1547424200,ac015f,41.49769592285156,-85.12494173916906,223.55536783097435
1547424200,abe501,39.05732752913136,-101.441162109375,258.8634975230466
1547424200,89405b,39.81207896087129,32.838134765625,247.9219805991532
1547424200,7583a7,34.304718017578125,126.61563795440053,224.5911912732705
1547424200,a4eeb4,26.2042236328125,-80.1177978515625,146.70676557161636
1547424200,7809b5,25.88754272460937,119.43486051739389,220.3574500291668
1547424210,aa8e94,33.97581481933594,-117.62450549067282,47.84605774801515
1547424210,adecd7,33.31119860632945,-111.47541279695471,51.39550458363471
1547424210,a3a5ec,29.17085266113281,-92.1368408203125,270.6782194832812
1547424210,780aaa,58.75172424316406,63.56352775327621,234.0895443593832
1547424210,ab48cc,44.67073059082031,-93.03785051618304,143.7951503416111
1547424210,a678ef,34.3399658203125,-77.87608243981185,233.97646089416008
1547424210,040045,40.448822021484375,-74.31903076171875,82.83187436217293
1547424210,80064c,28.48838676840572,76.84144861557904,187.3431016027249
1547424210,80068f,19.070343017578125,74.32363782610213,172.04364183310983
1547424210,7c6b36,-33.83779752052436,148.47129821777344,233.0436998182928
1547424210,7c6dd4,-18.68839587195447,146.99642112038353,239.0969463774856
1547424210,aaafcf,26.06647168175649,-80.1422926095816,59.67772138983821
1547424210,abb5e2,40.82469177246094,-96.56787109375,220.4973238974692
1547424210,789204,-43.14738464355469,171.87043655750364,173.90718357725962
1547424210,aaa4be,41.162200927734375,-81.59124755859375,254.8123755373117
1547424210,ab3982,32.27778625488281,-103.17156372070308,192.53199863901543
1547424210,a01fee,43.03440856933594,-93.96593670512353,232.66750092032737
1547424210,8681b6,32.971367270259535,134.01481784119898,163.19555149526315
1547424210,abc780,31.816266593286542,-94.12783252949616,206.6483832007828
1547424210,4005b9,44.13514709472656,16.253378224927328,275.41978837059986
1547424210,7502cd,2.66015625,101.62297652939618,144.4882624878721
1547424210,71be30,54.56355208057468,30.731756036931817,263.546503019102
1547424210,a809f5,36.88247680664063,-76.67247366397936,207.0724969005172
1547424210,a2094d,32.49513787738347,-109.77219562141264,219.9782034074556
1547424210,ac9850,35.26341325145657,-120.87351048246342,103.22008304471126
1547424210,0d0939,31.70420837402344,-114.46596033432904,226.3378214569
1547424210,ab8031,34.592083429886124,-87.20975875854492,287.651950279101
1547424210,a7c2a8,41.09408103813559,-73.75221946022725,108.57815626309124
1547424210,7c6b1c,-36.406875868975135,145.86606289478058,242.07091219883603
1547424210,899105,42.20155877582097,-88.5990515420603,123.81332274869963
1547424210,71bf45,36.85717566538665,127.31840714164404,240.30923190884883
1547424210,a384f2,32.51976401118909,-93.30049475845028,198.06160810796408
1547424210,3c71a4,38.00198829780191,3.373041567595109,252.79047417016835
1547424210,a28a2c,47.29055630958686,-122.3475529597356,88.22377130280569
1547424210,040087,39.000274658203125,23.76354715098505,236.24576959859573
1547424210,aa7e51,29.562286376953125,-96.5138890193059,231.40260684159736
1547424210,71c092,35.78160095214844,128.4477996826172,206.8148059571
1547424210,a9df2f,36.083404541015625,-102.30016708374023,239.47796439028147
1547424210,ac77d3,33.24114990234375,-77.32342529296875,206.02502742137267
1547424210,a2e646,35.62870866161282,-77.10222609499664,216.66583338437025
1547424210,a571ef,44.18760681152344,-74.43575836891347,208.0803565435208
1547424210,a189f2,40.0682373046875,-79.8031005859375,259.80848142242047
1547424210,7c4525,-26.513397216796875,152.99348075434847,53.68242243660306
1547424210,a902b5,36.03131103515625,-84.29454803466797,220.93857558377968
1547424210,48436a,40.483978271484375,-73.435546875,136.7221434191768
1547424210,a6d3d1,33.982016353283896,-103.58253479003906,257.1834138058184
1547424210,80051f,12.685857223252118,83.56225264699836,241.10690140578143
1547424210,a50fb9,37.00978088378906,-121.94730718085106,125.59178594361018
1547424210,a9f67d,46.80661010742188,-91.68492759146342,236.2216831499173
1547424210,ac74e4,35.1368408203125,-79.45901053292408,258.40916937135097
1547424210,a05542,35.913375595868644,-115.20339641165224,77.78998884943127
1547424210,780b2c,27.59628295898437,120.28951392983492,279.7653180673219
1547424210,7cc43a,-33.91907772775426,150.9939193725586,0.7275336818814646
1547424210,a9650f,29.25975734904661,-92.68567253561582,192.03650852625896
1547424210,a05f92,41.5828857421875,-88.12995217063212,58.44092897105658
1547424210,a47d3b,26.077027401681672,-80.18308199368988,77.6827474382766
1547424210,a89d22,41.37620544433594,-79.65435791015625,227.09599993637752
1547424210,7c4a1f,-37.87238686771718,144.60348378057066,55.25904482499827
1547424210,461f0d,57.82900535454184,34.812103271484375,240.55964725381057
1547424210,01015c,25.270835747153072,55.33911938937205,71.55211464824725
1547424210,ac50d1,44.81501770019531,-93.12534877232144,136.43244982416127
1547424210,ac7aa1,39.41986083984375,-85.16541854194975,203.93860504232595
1547424210,abb59f,29.466110229492188,-92.65314542330223,209.14347368663132
1547424210,c03f02,34.932380288334215,-112.33652114868164,207.98112647337385
1547424210,862d72,34.57960743015095,133.8969612121582,184.64526787449824
1547424210,acf975,27.01598603846663,-81.7291964017428,204.01191233283947
1547424210,738072,45.732406357587394,16.183067321777344,272.2342184495577
1547424210,a0ba4e,42.910675048828125,-87.95066656068315,234.2455098908518
1547424210,a8ce92,28.49495063393803,-81.42360911649814,122.45496301434972
1547424210,400140,55.9774366475768,37.45539665222168,70.12307643954934
1547424210,7c7c76,-27.88260249768274,149.36964181753305,232.2656264459735
1547424210,ab8923,37.452484130859375,-122.37349489901928,163.55274328879986
1547424210,aa5d2e,26.095184326171875,-80.38986493956367,106.5097880380702
1547424210,424584,54.37338618908898,84.73530162464488,215.628145541713
1547424210,8a02cb,-2.73969230005298,103.9953508048222,239.704407565774
1547424210,896314,27.07077802237817,49.27267808180589,277.0064788661169
1547424210,42417c,38.8570598020392,-74.69091796875,254.2337277993217
1547424210,ab400f,41.07362365722656,-84.9439697265625,213.82312690403444
1547424210,5083de,41.84859970868644,29.27850057912428,225.99554781855983
1547424210,155be5,59.01119943392479,20.38200641500539,232.7255047318244
1547424210,a65c95,33.39385986328125,-85.33712768554688,244.20055747394548
1547424210,780cb6,55.90956348483845,85.69722175598145,256.6518786674792
1547424210,0d0acb,19.520782470703125,-99.12885393415178,102.84377629891
1547424210,a008eb,40.568206787109375,-100.0264892578125,238.1631263222189
1547424210,3965b1,46.550236071570446,-70.96810913085938,245.0406452073492
1547424210,ab48bf,44.50663938360699,-88.31085205078125,193.1632752847677
1547424210,a31ffc,40.54595947265625,-103.9661865234375,206.5196336938481
1547424210,ab9091,34.284652451337394,-118.92087936401369,158.24568373727433
1547424210,ab5bf0,29.889050499867583,-95.98711799172791,199.7593404971788
1547424210,abec6c,36.65748596191406,-93.63195419311523,187.8065879980552
1547424210,acdf34,37.46733584646451,-122.23597650942594,48.22620972922471
1547424210,a8df06,32.95060497219279,-111.68056565888074,260.0406287831004
1547424210,c0613e,44.50114621954449,-75.57615698837651,188.3652002972026
1547424210,ace9b8,41.44221496582031,-87.38525390625,224.4980803529137
1547424210,c01f1e,45.37702657408633,-71.60567120807923,227.6221411986148
1547424210,7c6ca6,-23.75885009765625,151.02732340494794,174.37299263772198
1547424210,abc651,47.50539488711599,-62.25712702824524,230.56792398864968
1547424210,7c7b6d,-31.093822414592186,150.84733886718752,41.36718385379135
1547424210,7380c1,33.23936850337659,34.869260204081634,320.3371366481482
1547424210,06a0fc,25.76060485839844,52.4694315592448,230.22791580515863
1547424210,7c6c60,-35.6136474609375,148.9999008178711,182.40359076635903
1547424210,a882f8,39.87831115722656,-75.1321543817935,112.6197700171407
